"source_domain","detail_url","raw_name","raw_original_price","raw_sale_price","raw_image_url","raw_description","raw_conditions","raw_purchases","raw_countdown","crawled_at"
"www.hotdeal.vn","https://www.hotdeal.vn/ho-chi-minh/khu-vui-choi/dam-sen-choi-tha-ga-phieu-cuc-da-ve-tron-goi-vao-cong-tham-gia-35-tro-choi-hien-dai-sieu-hap-dan-359866.html","Đầm Sen - Chơi Thả Ga, Giá Cực Đã - Vé Trọn Gói Vào Cổng + Xem Biểu Diễn Lakeshow Nhạc Nước Hoành Tráng + Tham Gia 35 Trò Chơi Hiện Đại Siêu Hấp Dẫn","240000","159000","https://static.hotdeal.vn/images/1654/1653624/400x400/359866-dam-sen-choi-tha-ga-gia-cuc-da-ve-tron-goi-vao-cong-xem-bieu-dien-lakeshow-nhac-nuoc-hoanh-trang-tham-gia-35-tro-choi-hien-dai-sieu-hap-dan.jpg","- Thời gian hoạt động: 8h – 21h các ngày thứ 6, 7, chủ nhật hàng tuần. Riêng lễ, tết, sự kiện theo lịch hoạt động của công viên. * Vé Trọn Gói Đầm Sen – Bổ sung nhiều trò chơi mới đầu tư 2020 - Vé trọn gói Đầm Sen có giá trị vào cổng, xem biểu diễn Lakeshow nhạc nước hoành tráng và tham gia 35 trò chơi kể cả các trò chơi mới như: Power Surge, Lâu đài kỳ thú, Nhà hơi thể thao liên hoàn, 3 trò chơi Khu 9D tương tác ảo (9D Virtual Reality, Rune Raider, Turbo Racing). Không áp dụng cho các trò chơi ngoài danh mục vé trọn gói thông thường bao gồm: Xe điện, Thủy cung, Công viên khủng long, Khu giáo dục trải nghiệm Pokids Đầm Sen và Công viên nước Đầm Sen. - ĐẶC BIỆT, tối ngày 31/12/2020 chính là ngày khai trương nhạc nước LAKE SHOW vô cùng tưng bừng, hoành tráng. Nhanh nhanh lên lịch hẹn hò với gia đình và bạn bè cho những ngày cuối năm đầy ý nghĩa này! - Đầm Sen với rất nhiều cảnh check - in “đẹp mê mẩn”: Cầu vồng chân mây, Vườn Nhật Bản, Vườn Xương Rồng, Vườn Nam Tú Thượng Uyển,… - Vô số trò chơi nhìn thôi đã muốn chinh phục: Tàu lượn siêu tốc, Thảm bay, Phượng hoàng bay, Cá chép nhào lộn, Vượt thác, Xe điện đụng đại dương, … - Tuổi thơ ùa về với những trò chơi thần tiên dành cho các bé: Ếch nhảy, Điệu nhảy thiên thần, Vòng lượn tuổi thơ, Câu cá,… - Đầm Sen hấp dẫn với những tiết mục biểu diễn đặc sắc: Xiếc tạp kỹ, Show diễu hành, Acoustic, Đấu trường lô tô, Tiếu lâm hội tụ,... - Đầm Sen mát mẻ với bầu không khí trong lành, nhiều cây xanh giúp du khách thư giãn sau những ngày làm việc tất bật, học hành vất vả. - Đầm Sen trải nghiệm thật thích cùng nhiều ưu đãi “siêu to khổng lồ”: Sinh nhật yêu thương, Đi 2 tính tiền 1, Học sinh giỏi, Miễn vé cổng dành cho du khách trên 60 tuổi và trẻ em dưới 1m. * Các tiện ích kèm theo khi mua Vé Trọn Gói Đầm Sen: - Hệ thống các trò chơi luôn được kiểm tra, đổi mới để đảm bảo mang đến cho người chơi sự an toàn tuyệt đối. - Đội ngũ nhân viên hỗ trợ các trò chơi, nhân viên bảo hộ, luôn luôn túc trực để hỗ trợ khách hàng. - Tham quan, chụp ảnh, livestream cực nét và ""sống ảo cực chất"" toàn cõi Đầm Sen với wifi free cực mạnh phủ sóng khắp công viên. - Được xem miễn phí tất cả các show diễn trong các sân khấu & hoạt động đường phố. - Địa chỉ: Số 03 Hòa Bình, Phường 3, Quận 11, Tp.HCM. - ĐT: (028) 39 632 483 - (028) 39 635 818. - Email: congvienvanhoadamsen@gmail.com - Tham khảo danh sách trò chơi tại đây - Bảng giá tham khảo tại đây","- Thời hạn sử dụng voucher: từ 31/08/2020 đến 31/03/2021. - Địa điểm sử dụng voucher: Công viên Văn hóa Đầm Sen - Số 03 Hòa Bình, Phường 3, Quận 11, Tp.HCM. ĐT: (028) 39 632 483 - (028) 39 635 818. - Website: http://damsenpark.com.vn/ - Facebook: https://www.facebook.com/damsenpark.vn/ - Áp dụng: Vé trọn gói có giá trị vào cổng + xem biểu diễn Lakeshow nhạc nước hoành tráng + tham gia 35 trò chơi kể cả các trò chơi mới như: Power Surge, Lâu đài kỳ thú, Nhà hơi thể thao liên hoàn, 3 trò chơi Khu 9D tương tác ảo (9D Virtual Reality, Rune Raider, Turbo Racing) tại Công viên Văn hóa Đầm Sen. Không áp dụng cho các trò chơi ngoài danh mục vé trọn gói thông thường bao gồm: Xe điện, Thủy cung, Công viên khủng long, Khu giáo dục trải nghiệm Pokids Đầm Sen và Công viên nước Đầm Sen. - Từ ngày 31/12/2020, theo chính sách tăng giá tại Đầm Sen là 260.000đ/ 01 vé trọn gói sẽ được thưởng thức thêm Lakeshow nhạc nước, nên khách hàng vui lòng thanh toán thêm 20.000đ/ 01 voucher (thanh toán trực tiếp tại công viên). - Đầm Sen với rất nhiều cảnh check - in “đẹp mê mẩn”: Cầu vồng chân mây, Vườn Nhật Bản, Vườn Xương Rồng, Vườn Nam Tú Thượng Uyển,… - Vô số trò chơi nhìn thôi đã muốn chinh phục: Tàu lượn siêu tốc, Thảm bay, Phượng hoàng bay, Cá chép nhào lộn, Vượt thác, Xe điện đụng đại dương, … - Tuổi thơ ùa về với những trò chơi thần tiên dành cho các bé: Ếch nhảy, Điệu nhảy thiên thần, Vòng lượn tuổi thơ, Câu cá,… - Livestream cực nét và sống ảo trong thế giới tuyệt vời với wifi free cực mạnh phủ sóng khắp công viên. - Tham khảo danh sách trò chơi tại đây - Bảng giá tham khảo tại đây - Thời gian hoạt động: 8h – 21h các ngày thứ 6, 7, chủ nhật hàng tuần. Riêng lễ, tết, sự kiện theo lịch hoạt động của công viên. - Khách hàng đi vào các ngày lễ, tết vui lòng thanh toán thêm phụ thu bằng chênh lệch giá vé thực tế Đầm Sen tại thời điểm đó trừ đi: 240.000 đồng/ 01 vé trọn gói (thu tiền trực tiếp tại công viên). - Sử dụng 01 voucher/01 người/01 lần (không phân biệt độ tuổi, không bù thêm tiền trừ ngày lễ, tết). Phụ thu trực tiếp tại công viên 20.000đ/ 01 voucher. - Không hỗ trợ đổi trả trong bất cứ mọi trường hợp. - Một khách hàng được mua nhiều phiếu. - Không áp dụng đồng thời với các chương trình khuyến mãi khác. - Phiếu không có giá trị quy đổi thành tiền mặt, không trả lại tiền thừa. - Hotdeal giao voucher đến tận tay khách hàng. Miễn phí giao hàng cho voucher từ 500.000vnđ trở lên, đơn hàng dưới 500.000vnđ thu phí giao hàng 25.000vnđ.","HẾT HẠN","","2026-08-26T20:43:56.422942"
"www.hotdeal.vn","https://www.hotdeal.vn/ho-chi-minh/phong-tap-gym-vn/la-bella-pilates-1-buoi-tap-1-1-hlv-rieng-tu-van-lo-trinh-371119.html","La Bella Pilates - 1 Buổi Tập 1-1 HLV Riêng + Tư Vấn Lộ Trình","1500000","450000","https://static.hotdeal.vn/images/1735/1735082/400x400/371119-la-bella-pilates-1-buoi-tap-1-1-hlv-rieng-tu-van-lo-trinh.jpg","- La Bella Pilates chính thức ra mắt từ năm 2022, đến nay đã có gần 2.000 thành viên luyện tập với hơn 1.000 lớp và giờ học mỗi tuần. - Thuận tiện di chuyển: Hệ thống Studio tọa lạc tại các quận trung tâm TP. HCM, trang thiết bị hiện đại, đầy đủ tiện ích cần thiết cho quá trình tập luyện. - Huấn luyện viên cao cấp: Đội ngũ huấn luyện viên được đào tạo chuyên nghiệp, nắm vững kiến thức xây dựng lộ trình tập luyện cho từng Hội viên. - Chi phí tối ưu: Các gói tập luyện được thiết kế tối ưu ưu theo thể trạng khách hàng, phù hợp ngân sách và mục tiêu tập luyện của hội viên. - Lịch tập đa dạng: Thời khóa biểu đa dạng, linh hoạt, giúp Hội viên dễ dàng sắp xếp lịch tập thoải mái và thuận tiện nhất để tập hằng ngày. - Voucher áp dụng cho 01 buổi tập cá nhân 1-1 có huấn luyện viên riêng kèm theo chính sách chăm sóc và tư vấn lộ trình miễn phí tại Hệ Thống La Bella Pilates. - Ưu điểm gói tập 1-1: + Hỗ trợ điều trị cơ xương khớp + Dành cho người mới bắt đầu + Cá nhân hóa lộ trình tập theo thể trạng của hội viên + Chủ động thời gian tập luyện","- Thời hạn sử dụng voucher: từ 21/05/2026 đến 21/08/2026. - Địa điểm sử dụng voucher: Hệ Thống La Bella Pilates + 159/4 Hoàng Văn Thụ, Phường 8, Quận Phú Nhuận. ĐT: 028 44556886. + 40E Ngô Đức Kế, Phường Bến Nghé, Quận 1. ĐT: 028 44556886. + 149A Nguyễn Phúc Nguyên, Phường 10, Quận 3. ĐT: 028 44556886. + 488A Lê Quang Định, Phường 11, Quận Bình Thạnh. ĐT: 028 44556886. - Áp dụng cho 01 Buổi tập cá nhân 1-1 có huấn luyện viên riêng kèm theo chính sách chăm sóc và tư vấn lộ trình miễn phí tại Hệ Thống La Bella Pilates. - Áp dụng vào tất cả các ngày trong tuần (trừ Lễ). Giờ áp dụng: thứ hai đến thứ sáu: 7h-21h, thứ bảy và chủ nhật: 7h-17h. - Áp dụng cho cả nam và nữ. - Không áp dụng cho khách hàng đang là hội viên của Hệ Thống La Bella Pilates. - Một khách hàng được mua nhiều phiếu. - Sử dụng 01 phiếu/ 01 người/ 01 buổi (không bù tiền), tối đa 03 phiếu/ 01 tháng. - Không áp dụng đồng thời với các chương trình khuyến mãi khác. - Khách hàng vui lòng đặt lịch trước khi đến để được phục vụ tốt nhất. - Phiếu không có giá trị quy đổi thành tiền mặt, không trả lại tiền thừa. - Thanh toán online nhận ngay voucher điện tử.","HẾT HẠN","","2026-08-26T20:44:00.726951"
"www.hotdeal.vn","https://www.hotdeal.vn/ho-chi-minh/buffet-hai-san/novotel-living-phu-my-hung-buffet-cao-cap-trua-chu-nhat-370856.html","Novotel Living - Phú Mỹ Hưng - Buffet Cao Cấp Trưa Chủ Nhật","442260","354000","https://static.hotdeal.vn/images/1733/1732571/400x400/370856-novotel-living-phu-my-hung-buffet-cao-cap-trua-chu-nhat.jpg","- Novotel Living Saigon South tọa lạc tại trung tâm Phú Mỹ Hưng, là thương hiệu khách sạn Novotel thứ 2, đồng thời là khách sạn thứ 7 của Tập đoàn Accor tại TP.HCM. - Brunch Buffet trưa chủ nhật hàng tuần tại Food Exchange mang đến trải nghiệm “SIP, SAVOR, SUNDAY” đầy thú vị, nơi bạn có thể tận hưởng trọn vẹn một ngày cuối tuần đúng nghĩa. - Menu với những hương vị đặc sắc từ Á đến Âu được kết hợp khéo léo, vừa mới lạ, vừa gần gũi. Từ các món nóng đậm đà đến các lựa chọn nhẹ nhàng tinh tế, tất cả đều được chuẩn bị với sự chăm chút và sáng tạo. - Thực khách được dùng bữa trong không gian sang trọng, tầm nhìn đẹp. - Đầu bếp nhiều năm kinh nghiệm, tay nghề cao, am hiểu nền ẩm thực thế giới, cùng đội ngũ nhân viên lịch sự với phong cách phục vụ chuyên nghiệp. - Voucher áp dụng Buffet buổi trưa cao cấp chủ nhật hàng tuần tại Food Exchange Saigon South. - Buffet trưa có bao gồm trà, cà phê, nước trái cây ướp lạnh. - Tham khảo menu tại đây .","- Thời hạn sử dụng của voucher: Đến 31/12/2026. - Địa chỉ: NOVOTEL LIVING SAIGON SOUTH - 2 Đường C, Khu đô thị Phú Mỹ Hưng, Phường Tân Mỹ, TP.HCM – Tell: (0) 28 5414 5555. - Voucher áp dụng Buffet buổi trưa cao cấp chủ nhật hàng tuần tại Food Exchange Saigon South. Tham khảo menu tại đây . - Giờ áp dụng: từ 11:30 đến 14:30. Vui lòng liên hệ nhà hàng để biết thêm chi tiết. - 01 phiếu/ 01 người lớn (không bù tiền). - Buffet trưa có bao gồm trà, cà phê, nước trái cây ướp lạnh - Phụ thu với trẻ em: + Miễn phí cho trẻ em dưới 5 tuổi. + Trẻ em từ 6 - 11 tuổi: VND 195,000 (chưa bao gồm ++) / trẻ em / buổi trưa + Từ 12 tuổi trở lên tính tiền như người lớn. - Giá trên đã bao gồm VAT và phí phục vụ. - Nhà hàng chịu trách nhiệm xuất hóa đơn VAT cho khách hàng khi có yêu cầu tại thời điểm khách sử dụng xong dịch vụ. - Quý khách vui lòng điện thoại đặt chỗ trước theo số điện thoại: (0) 28 5414 5555. - Phiếu chỉ có giá trị khi còn nguyên vẹn không bị rách, nhàu nát hay tẩy xóa. - Khách hàng mua được nhiều phiếu. - Không áp dụng đồng thời với các chương trình khuyến mãi khác. - Phiếu không có giá trị quy đổi thành tiền mặt, không trả lại tiền thừa. - Thanh toán online nhận ngay voucher điện tử.","212 đã mua","","2026-08-26T20:44:02.749455"
"www.hotdeal.vn","https://www.hotdeal.vn/ho-chi-minh/buffet-am-thuc/pullman-saigon-buffet-toi-hai-san-free-flow-soft-drink-371042.html","Pullman Saigon - Buffet Tối Hải Sản, Tôm Hùm, Soft Drink - T6, T7, CN","1502000","1050000","https://static.hotdeal.vn/images/1737/1736576/400x400/371042-pullman-saigon-buffet-toi-hai-san-tom-hum-soft-drink-t6-t7-cn.jpg","- Pullman Saigon - Buffet Tối Hải Sản Cao Cấp, Tôm Hùm Không Giới Hạn + Free Flow Soft Drink. Voucher 1,502,000 VNĐ, Còn 1,050,000 VNĐ, Giảm 30%. Chỉ Có Tại Hotdeal.vn! - Được tổ chức tại Food Connexion - Tầng 3, Pullman Saigon Centre 5*. - Được quản lý bởi AccorHotels, một trong những chuyên gia hàng đầu trong ngành nhà hàng khách sạn của thế giới, khách sạn Pullman Saigon Centre 5* nằm ở vị trí trung tâm Thành phố Hồ Chí Minh, gần chợ Bến Thành, khu vực Phạm Ngũ Lão, và gần nhiều điểm du lịch nổi tiếng, là địa chỉ lý tưởng để lưu trú và thưởng thức ẩm thực quốc tế. - Nhà hàng Food Connexion tọa lạc tại tầng 3 của khách sạn Pullman Saigon Centre với tầm nhìn cực đẹp. Food Connexion hội tụ hàng trăm món ăn từ Á sang Âu và vô số các món Việt truyền thống hấp dẫn. - Food Connexion mang đến cho bạn cảm giác như đang lạc vào một thiên đường ẩm thực với những quầy buffet đầy ắp thức ăn ngon hảo hạng, hương thơm mời gọi, trình bày bắt mắt, nhìn là muốn thưởng thức ngay. - Đặc biệt, quầy hải sản đa dạng các loại cá vược, cá mú ceviche, cá ngừ, tôm hùm, sò điệp, vẹm, cá chim... được chế biến theo phong cách riêng của nhà hàng, hương vị mới mẻ, thơm ngon khó cưỡng. - Tham khảo menu tại đây (menu thay đổi theo ngày).","- Thời hạn sử dụng voucher: từ 16/04/2026 đến 30/08/2026. - Địa chỉ sử dụng voucher: Food Connexion - Tầng 3, Pullman Saigon Centre 5* - 148 Trần Hưng Đạo, Phường Cầu Ông Lãnh, Tp.HCM. ĐT: 028 38 38 86 86. - Áp dụng cho: Buffet tối hải sản - Seafood Buffet, bao gồm: + Quầy buffet đầy đủ các món + Tôm hùm gọi không giới hạn + Menu thay đổi theo ngày + Nước ngọt không giới hạn đã bao gồm - Tham khảo menu tại đây (menu thay đổi theo ngày). - Thời gian phục vụ: 18h - 22h thứ 6, thứ 7 & CN hàng tuần. Không áp dụng lễ, ngày đặc biệt theo thông báo từ nhà hàng. - Sử dụng 01 voucher/ 01 người lớn (Không bù thêm tiền). - Đối với trẻ em: + Dưới 6 tuổi: miễn phí + Từ 6 tuổi - dưới 12 tuổi: Tính trực tiếp 636.000 VNĐ tại nhà hàng + Từ 12 tuổi trở lên: Tính 01 voucher như người lớn - Áp dụng cho dùng tại chỗ. - Đã bao gồm thuế giá trị gia tăng theo luật hiện hành và 5% phí phục vụ. Nhà hàng chịu trách nhiệm xuất hóa đơn khi khách hàng yêu cầu. - Khách hàng vui lòng đặt chỗ trước khi đến. Trường hợp không đặt chỗ trước, nhà hàng xin phép được cáo lỗi nếu không còn chỗ trống. - Không áp dụng đồng thời với các chương trình khuyến mãi khác. - Phiếu không có giá trị quy đổi thành tiền mặt, không trả lại tiền thừa. - Thanh toán online nhận ngay voucher điện tử.","8,158 đã mua","","2026-08-26T20:44:04.348003"
"www.hotdeal.vn","https://www.hotdeal.vn/ho-chi-minh/buffet-hai-san/novotel-phu-my-hung-buffet-hai-san-cua-ghe-tang-tom-hum-370931.html","Novotel - Phú Mỹ Hưng - Buffet Hải Sản Cua, Ghẹ Tặng Tôm Hùm","690000","552000","https://static.hotdeal.vn/images/1736/1736300/400x400/370931-novotel-phu-my-hung-buffet-hai-san-cua-ghe-tang-tom-hum.jpg","- Novotel Living Saigon South tọa lạc tại trung tâm Phú Mỹ Hưng, là thương hiệu khách sạn Novotel thứ 2, đồng thời là khách sạn thứ 7 của Tập đoàn Accor tại TP.HCM. - Tiệc buffet được tổ chức tại nhà hàng Food Exchange Saigon South nằm trên tầng hai của khách sạn, quy tụ đa dạng các món ăn theo phong cách quốc tế và Việt Nam. - Thực đơn đa dạng, nhiều món cao cấp, đặc sắc nhất là các món từ hải sản, thịt bò… - Thực khách được dùng bữa trong không gian sang trọng, tầm nhìn đẹp. - Đầu bếp nhiều năm kinh nghiệm, tay nghề cao, am hiểu nền ẩm thực thế giới, cùng đội ngũ nhân viên lịch sự với phong cách phục vụ chuyên nghiệp. - Voucher áp dụng Buffet hải sản cuối tuần (Thứ 7) tại Food Exchange Saigon South’s Weekend Dinner. Đặc biệt tặng 1 phần TÔM HÙM cho khách Hotdeal.vn. - Bao gồm trà, cà phê, nước trái cây ướp lạnh. - Tham khảo menu tại đây .","- Thời hạn sử dụng deal: đến ngày 31/12/2026. - Địa chỉ: NOVOTEL LIVING SAIGON SOUTH - 02 Đường C, Khu đô thị Phú Mỹ Hưng, Phường Tân Mỹ, TP.HCM – Tell: (0) 28 5414 5555. - Áp dụng Buffet hải sản cuối tuần (Thứ 7) tại Food Exchange Saigon South’s Weekend Dinner. Đặc biệt tặng 1 phần TÔM HÙM cho khách Hotdeal.vn. - Tham khảo menu tại đây . - Giờ áp dụng: từ 18:00 đến 22:00. Vui lòng liên hệ nhà hàng để biết thêm chi tiết. - 01 phiếu/ 01 người lớn (không bù tiền). - Buffet tối có bao gồm trà, cà phê, nước trái cây ướp lạnh. - Phụ thu với trẻ em: + Miễn phí cho trẻ em dưới 5 tuổi. + Trẻ em từ 6 - 12 tuổi: VND 345,000 nett / trẻ em/ buổi tối. + Từ 13 tuổi trở lên tính tiền như người lớn. - Giá trên đã bao gồm VAT và phí phục vụ. - Nhà hàng chịu trách nhiệm xuất hóa đơn VAT cho khách hàng khi có yêu cầu tại thời điểm khách sử dụng xong dịch vụ. - Quý khách vui lòng điện thoại đặt chỗ trước theo số điện thoại: (0) 28 5414 5555. - Phiếu chỉ có giá trị khi còn nguyên vẹn không bị rách, nhàu nát hay tẩy xóa. - Khách hàng mua được nhiều phiếu. - Không áp dụng đồng thời với các chương trình khuyến mãi khác. - Phiếu không có giá trị quy đổi thành tiền mặt, không trả lại tiền thừa. - Thanh toán online nhận ngay voucher điện tử.","1,298 đã mua","","2026-08-26T20:44:06.548882"
"www.hotdeal.vn","https://www.hotdeal.vn/ho-chi-minh/an-uong/hotel-nikko-saigon-buffet-hai-san-tom-hum-cao-cap-ruou-vang-371173.html","Hotel Nikko Saigon - Buffet Hải Sản Tôm Hùm Cao Cấp + Rượu Vang","1906000","1582000","https://static.hotdeal.vn/images/1736/1736303/400x400/371173-hotel-nikko-saigon-buffet-hai-san-tom-hum-cao-cap-ruou-vang.jpg","- Trải nghiệm đại tiệc buffet tối hải sản tuyệt đỉnh tại La Brasserie - Hotel Nikko Saigon với : + Menu đa dạng các món ngon hảo hạng như: bò Wagyu Nhật, gan ngỗng, cua tuyết, bào ngư, súp vi cá, sườn bê úc, ức vịt,... (thay đổi mỗi ngày). + Tôm hùm và cua không giới hạn được chế biến với nhiều hương vị khác nhau, hàu Nhật nguyên vỏ Hyogo, vẹm xanh, các loại sò... + Thức uống luôn bao gồm: rượu vang, cocktail, mocktail, bia tươi, nước ngọt và nước trái cây (không giới hạn). - Quầy bếp mở, nơi các món ăn đặc sắc được đầu bếp sáng tạo ngay tại chỗ. - Thực đơn thay đổi mỗi ngày, bạn sẽ luôn tìm thấy sự mới mẻ trong ẩm thực tại La Brasserie. - Nhà hàng La Brasserie nằm tại tầng 2 của Khách sạn Nikko Saigon 5*, được thiết kế theo phong cách châu Âu hiện đại, sang trọng, sức chứa lên đến 220 khách. - Tham khảo menu tại đây .","- Thời hạn sử dụng voucher: từ 13/06/2026 đến 13/09/2026. - Địa điểm sử dụng voucher: La Brasserie - Hotel Nikko Saigon: Tầng 2, 235 Nguyễn Văn Cừ, Phường Cầu Ông Lãnh, Tp.HCM. Điện thoại: (028) 3929 5520 - (028) 3925 7777. - Voucher áp dụng cho: Buffet Tối Tôm Hùm, Hàu Nhật, Cua, Vẹm Xanh và Hải Sản Cao Cấp Bậc Nhất tại Khách sạn 5 sao Nikko Sài Gòn - Bao gồm gói thức uống không giới hạn: rượu vang, bia, nước ngọt, trà và cà phê. Tham khảo menu tại đây (thực đơn thay đổi theo ngày). - Thời gian áp dụng: từ 18:00 – 22:00 tất cả các ngày trong tuần, kể cả ngày 26/4 (giỗ tổ Hùng Vương), 30/4, 1/5. Không áp dụng các ngày Lễ khác, và các sự kiện đặc biệt theo thông báo của nhà hàng. Riêng Lễ 2/9 có áp dụng. - Sử dụng 01 voucher/01 người (không bù tiền). Không giới hạn số lượng voucher/hóa đơn. - Chính sách cho trẻ em: 825,000++/ bé từ 6-11 tuổi. Bé trên 11 tuổi tính vé như người lớn. Khách thanh toán vé em bé trực tiếp tại nhà hàng. - Áp dụng ăn tại chỗ. Không áp dụng cho mang về. - Đã bao gồm VAT và phí phục vụ. Khách sạn có trách nhiệm xuất hóa đơn khi khách hàng yêu cầu. Thông tin hóa đơn phải được cung cấp trước 23:00 cùng ngày sử dụng dịch vụ. Sau thời gian này khách sạn sẽ không giải quyết. - Khách hàng vui lòng xuất trình voucher trước khi sử dụng dịch vụ. - Khách hàng vui lòng đặt chỗ trước khi đến để được phục vụ tốt nhất. Yêu cầu đặt bàn chỉ được xem là hoàn tất sau khi nhận được xác nhận từ nhà hàng. Việc sắp xếp chỗ ngồi phụ thuộc vào tình trạng thực tế tại thời điểm phục vụ. Nhà hàng không thể đảm bảo chỗ ngồi cho khách chưa đặt chỗ trước. - Khách hàng đi với số lượng lớn từ 10 người trở lên, vui lòng liên hệ nhà hàng cung cấp đầy đủ thông tin voucher/ e-voucher cho nhà hàng trước 2 ngày sử dụng dịch vụ, để nhà hàng có thể phục vụ khách hàng một cách tốt nhất. - Một khách hàng có thể mua nhiều phiếu. - Không áp dụng đồng thời với các chương trình khuyến mãi, giảm giá hoặc voucher khác. - Không có giá trị quy đổi thành tiền, không hoàn trả tiền thừa. - Thanh toán online nhận ngay voucher điện tử.","8,742 đã mua","","2026-08-26T20:44:09.155599"
"www.hotdeal.vn","https://www.hotdeal.vn/ho-chi-minh/buffet-chay/vien-dong-buffet-trua-toi-tinh-hoa-nhung-mon-chay-371307.html","Viễn Đông - Buffet Trưa/ Tối Tinh Hoa Những Món Chay","209000","178000","https://static.hotdeal.vn/images/1737/1736518/400x400/371307-vien-dong-buffet-trua-toi-tinh-hoa-nhung-mon-chay.jpg","- Tọa lạc ngay trung tâm Quận 1, Khách sạn Viễn Đông được vinh dự xếp vào “Top 10 khách sạn 3 sao hàng đầu TP. Hồ Chí Minh”. Đây không chỉ là địa chỉ lưu trú yêu thích của nhiều khách hàng trong và ngoài nước mà còn là điểm đến lý tưởng để thưởng thức ẩm thực Việt truyền thống và nhiều món ngon trên thế giới. - Buffet tinh hoa những món chay diễn ra tại Nhà hàng Tự Do - Lầu 1 Khách sạn Viễn Đông, với thực đơn phong phú hơn 50 món chay thanh đạm, nhiều dinh dưỡng và tốt cho sức khỏe. - Menu buffet chay tại Viễn Đông có sự góp mặt của nhiều món đặc sắc mà bạn khó có thể tìm thấy ở nhà hàng nào khác như: Củ sen nhồi nếp Quý phi phủ vàng rồng, Nấm bạch linh hấp kỳ lân xốt đặc chế, Bò chay hầm xốt dâu tằm nấm rừng - kèm khoai tây múi kiểu Bỉ, Vịt chay hầm bát trân, Củ sen chiên giòn phô mai kiểu Nam Mỹ, Tôm xốt chanh hạt điều bọc mè kiểu Hoàng gia… - Nguyên liệu chế biến tươi sạch, đảm bảo an toàn cho sức khỏe thực khách. - Không gian nhà hàng được trang trí hài hòa với ánh đèn vàng mang đến không khí sang trọng, ấm cúng, tạo cảm giác nhẹ nhàng, thoải mái. - Tham khảo menu riêng tháng 7 tại đây .","- Thời hạn sử dụng voucher: Từ ngày 29/07/2026 đến hết ngày 23/12/2026 (Áp dụng vào 4 ngày chay hàng tháng: 30, 1, 14, 15 âm lịch, phục vụ vào ngày 29 âm lịch đối với những tháng thiếu không có ngày 30). - Đặc biệt Tháng 7 âm lịch (Mùa lễ Vu Lan): Phục vụ liên tục hàng ngày từ ngày 12/8/2026 đến hết ngày 11/9/2026 (tương ứng từ ngày 30/06 âm lịch đến hết ngày 02/08 âm lịch). Tham khảo menu riêng tháng 7 tại đây . - Địa điểm sử dụng voucher: Khách sạn Viễn Đông – Số 275A Phạm Ngũ Lão, Phường Bến Thành, Tp.HCM. Hotline hỗ trợ: 0822 131 315. - Voucher áp dụng cho: Buffet tinh hoa hơn 50 món chay (Giá vé đã bao gồm trọn gói quầy line nước uống và món tráng miệng). - Khung giờ phục vụ buffet: Buổi trưa từ 11h30 – 13h30 và Buổi tối từ 18h00 – 20h30. - Thời gian áp dụng chi tiết: - Từ 29/07/2026 đến 11/08/2026: Phục vụ vào các ngày chay 30, mùng 1, 14, 15 âm lịch hàng tháng (hoặc ngày 29 âm lịch nếu tháng đó không có ngày 30). - Từ 12/08/2026 đến 11/09/2026 (Tháng 7 âm lịch): Phục vụ liên tục tất cả các ngày trong tuần. - Từ 12/09/2026 đến 23/12/2026: Quay lại phục vụ vào các ngày chay 30, mùng 1, 14, 15 âm lịch hàng tháng (hoặc ngày 29 âm lịch nếu tháng đó không có ngày 30). - Quy định sử dụng: Áp dụng 01 voucher/ 01 người/ 01 suất buffet chay (Khách hàng không cần bù thêm bất kỳ chi phí nào). - Chính sách thuế & hóa đơn: Giá trên voucher đã bao gồm thuế VAT và phí phục vụ. Khách sạn Viễn Đông sẽ xuất hóa đơn tài chính trực tiếp khi khách hàng có yêu cầu. - Quy định đặt chỗ trước: Quý khách vui lòng liên hệ Hotline đặt bàn trước ít nhất 01 ngày trước khi đến. (Trong trường hợp khách hàng không đặt trước và nhà hàng đã kín chỗ, Khach sạn Viễn Đông xin phép cáo lỗi và hẹn phục vụ quý khách vào một thời điểm khác phù hợp hơn). - Đối với trẻ em: + Dưới 1m2: thanh toán trực tiếp tại nhà hàng 99.000 đ/01 bé. + Từ 1m2: tính như vé người lớn. - Một khách hàng được mua nhiều phiếu. Không áp dụng cho mang về. - Không áp dụng đồng thời với các chương trình khuyến mãi khác. - Phiếu không có giá trị quy đổi thành tiền mặt, không trả lại tiền thừa. - Thanh toán online nhận ngay voucher điện tử.","4,008 đã mua","","2026-08-26T20:44:10.616559"
"www.hotdeal.vn","https://www.hotdeal.vn/hotel-resort/golden-coast-resort-spa-4-goi-2n1d-phong-superior-2-bua-an-371205.html","Golden Coast Resort & Spa 4* - Gói 2N1Đ - Phòng Superior + 2 Bữa Ăn","2400000","1560000","https://static.hotdeal.vn/images/1736/1735735/400x400/371205-golden-coast-resort-spa-4-goi-2n1d-phong-superior-2-bua-an.jpg","- Golden Coast Resort & Spa Phan Thiết được các tín đồ mê xê dịch bình chọn là “một trong những nơi mà bạn nhất định phải đến một lần trong đời”. - Resort có 90 phòng được thiết kế sang trọng, đẳng cấp và tinh tế. Tất cả các phòng đều có view nhìn ra bờ biển, hồ bơi, vườn cây xanh mát và được trang bị các tiện nghi hiện đại nhất. - Sở hữu bãi biển đẹp bậc nhất Phan Thiết. Diện tích khuôn viên rộng lớn, xanh mát. - Resort luôn bảo đảm sự riêng tư, thoải mái nhất cho khách lưu trú. - Thuận tiện di chuyển đến các khu du lịch, thắng cảnh, sân golf... - Nhà hàng và Bar tại Golden Coast Resort & Spa được tạo lập theo phong cách độc đáo dành cho resort hạng sang. - Các dịch vụ cao cấp khác tại Golden Coast như: massage & spa, fitness center, business center… cũng rất khác biệt khiến du khách không thể bỏ qua.","- Liên hệ tư vấn và hỗ trợ đặt dịch vụ: Hotline: (028) 73003799 - ĐT/ Zalo: 0354 466 968 - Email: booking@hotdeal.vn. (Giờ làm việc: từ 8h30 đến 17h00 thứ 2 đến thứ 6; 8h30 đến 12h00 thứ 7 hàng tuần). - Thanh toán tiền mặt, thanh toán online qua thẻ ATM (có đăng ký internet banking)/ Thẻ tín dụng Visa/Master để nhận mã e-voucher qua tin nhắn SMS miễn phí. - Thời hạn sử dụng voucher: đến 28/08/2026. - Địa điểm sử dụng voucher: Golden Coast Resort & Spa Địa chỉ: 41 Lạc Long Quân, Tiến Thành, Phan Thiết, Bình Thuận. - VOUCHER BAO GỒM: + 01 đêm lưu trú loại phòng Superior Garden View (Miễn phí nâng cấp lên Deluxe Garden View, nếu phòng còn trống) + 01 bữa ăn sáng tại Resort + 01 bữa set menu ăn trưa + Miễn phí nhận phòng sớm (nếu còn phòng) + Miễn phí nhận phòng sớm (nếu còn phòng) + Miễn phí xe đi về, trung tâm TP. Phan Thiết & ngược lại theo lịch xe đưa đón của Resort + Miễn phí xe đi về từ Resort đến khu vui chơi Nova World Phan Thiết theo lịch xe đưa đón của Resort + Miễn phí Welcome drink, tắm biển và sử dụng hồ bơi. Welcome drink, miễn phí 2 chai nước suối, trà và cà phê trong phòng. - Điều kiện giới hạn của voucher: + Voucher áp dụng cho các ngày từ Chủ nhật đến thứ 5 hằng tuần. + Phụ thu: 300,000 VNĐ/ phòng vào ngày cuối tuần (thứ 6 và thứ 7). + Không áp dụng cho ngày lễ. + Nâng cấp lên Bungalow Seaview: · Quý khách lưu trú Chủ Nhật – Thứ 5: phụ thu: 600,000 VNĐ/phòng/đêm · Quý khách lưu trú Thứ 6 hoặc Thứ 7: Phụ thu: 700,000 VNĐ/phòng/đêm + Voucher không áp dụng cho lễ tết. - QUY ĐỊNH TRẺ EM: - Phụ thu trẻ em 6-11 tuổi: 290,000 VNĐ (bao gồm ăn sáng và 01 bữa set menu ăn trưa) ngủ cùng giường với người lớn. - Phụ thu trẻ em 12 tuổi hoặc người lớn thứ 3: 700,000 VNĐ (CN – thứ 5), 850,000 VNĐ (thứ 6 hoặc thứ 7) (bao gồm giường phụ, 01 bữa ăn sáng và 01 bữa set menu ăn trưa). - QUY ĐỊNH ĐẶT HỦY: + Quý khách vui lòng liên hệ với Hotdeal để kiểm tra tình trạng chỗ trước khi thanh toán. + Khách hàng vui lòng liên hệ Hotdeal để kiểm tra tình trạng phòng trước khi thanh toán. + Khách hàng vui lòng check đặt phòng trước ít nhất 10 ngày để đảm tình trạng còn phòng. + Trường hợp thay đổi về ngày sử dụng chỉ áp dụng ngày thường, quý khách vui lòng thông báo ít nhất 07 ngày trước ngày nhận phòng (chỉ giải quyết 01 lần thay đổi) và tùy thuộc vào tình trạng phòng của Khách sạn. + Trường hợp khách đã đặt phòng nhưng không sử dụng hoặc báo đổi lịch ít hơn 5 ngày, E-Voucher được tính là đã sử dụng. + Vào mùa Lễ, Tết sẽ không được điều chỉnh ngày đặt phòng. + Nếu khách đặt phòng nhưng không đến voucher sẽ bị hủy và không còn giá trị. + Không gia hạn khi Voucher hết hạn sử dụng. + Quý khách Có thể ghép voucher để sử dụng nhiều ngày. + E-Voucher không có giá trị quy đổi thành tiền, không được hoàn tiền khi khách không sử dụng trong thời gian E-Voucher còn hiệu lực, không gia hạn khi voucher hết hạn sử dụng. + Nhận phòng sau 14:00 (việc nhận phòng sớm tùy thuộc vào tình trạng phòng trống của Khách sạn). + Trả phòng trước 12:00 trưa. + Không áp dụng đồng thời với các chương trình khuyến mãi khác. TẤT CẢ CÁC KHOẢN PHỤ THU VÀ THANH TOÁN PHÁT SINH KHÁCH HÀNG VUI LÒNG THANH TOÁN TRỰC TIẾP TẠI RESORT.","13 đã mua","","2026-08-26T20:44:13.947776"
"www.hotdeal.vn","https://www.hotdeal.vn/ho-chi-minh/tiem-nail-cham-soc-mong/top-nail-q1-cat-da-son-gel-han-quoc-cha-got-chan-goi-dau-371338.html","Top Nail Q1 - Cắt Da, Sơn Gel Hàn Quốc/ Chà Gót Chân/ Gội Đầu","300000","99000","https://static.hotdeal.vn/images/1737/1736730/400x400/371338-top-nail-q1-cat-da-son-gel-han-quoc-cha-got-chan-goi-dau.jpg","- Top Nail là địa chỉ chăm sóc sắc đẹp và thư giãn chuyên nghiệp tại trung tâm TP. Hồ Chí Minh. - Đa dạng dịch vụ cho bạn lựa chọn: làm nail, gội đầu, massage... - Quy trình chăm sóc chỉn chu, kết hợp làm đẹp và thư giãn, giúp bạn tận hưởng khoảng thời gian chăm sóc bản thân trọn vẹn. - Nhân viên giỏi tay nghề, phụ vụ tận tâm. - Với voucher của Hotdeal, khách hàng có thể lựa chọn 01 trong 03 dịch vụ gồm: Chăm sóc móng chuyên nghiệp tay hoặc chân/ Chăm sóc đôi bàn chân/ Gội đầu massage thư giãn. - Các liệu trình không chỉ tập trung vào yếu tố làm đẹp mà còn chú trọng trải nghiệm thư giãn. Từ đôi tay, đôi chân đến vùng đầu, cổ, vai, gáy đều có những bước chăm sóc riêng, giúp bạn có một khoảng thời gian thực sự dành cho bản thân.","- Thời hạn sử dụng voucher: từ 24/08/2026 đến 24/11/2026. - Địa điểm sử dụng voucher: TOP NAIL - 14B Võ Thị Sáu, Phường Tân Định, TP. Hồ Chí Minh - Hotline: 0792428191. - Fanpage: https://www.facebook.com/topnail.vn - Áp dụng cho 01 trong 03 gói dịch vụ cao cấp sau: - Gói 1: Cắt da sơn gel cao cấp Hàn Quốc: (Chăm sóc móng chuyên nghiệp tay hoặc chân): Ngâm + Dưỡng ẩm + Cắt da định hình móng + Sơn gel + Vẽ trang trí đơn giản 2 ngón + Dưỡng móng. - Gói 2: Chà gót + massage chân (Chăm sóc đôi bàn chân): Ủ gót, ngâm chân nước ấm + Chà gót chân làm hồng chân + Massage ấn huyệt + Thoa dưỡng ẩm. - Gói 3: (Trọn gói gội đầu, massage thư giãn): Gội đầu + Rửa mặt + Massage mặt + Massage đầu, cổ, vai, gáy + Thoa dưỡng tóc + Sấy khô tóc. - Áp dụng vào tất cả các ngày trong tuần (kể cả Lễ). Thời gian: 09:30–19:30 l Nhận đặt lịch sau 19:30. - Áp dụng cho cả nam và nữ. - Khách hàng vui lòng xuất trình voucher trước khi sử dụng dịch vụ để được hỗ trợ nhanh chóng. - Voucher áp dụng cho các hạng mục đã bao gồm trong từng gói dịch vụ. Nếu khách hàng có nhu cầu sử dụng thêm các dịch vụ ngoài gói, Top Nail sẽ tư vấn và thông báo mức phí rõ ràng trước khi thực hiện. - Một khách hàng được mua nhiều phiếu và được sử dụng cùng lúc nhiều gói dịch vụ. - Sử dụng 01 phiếu/ 01 người/ 01 gói dịch vụ (Không bù tiền). - Không áp dụng đồng thời với các chương trình khuyến mãi khác. - Khách hàng vui lòng đặt chỗ trước khi đến để được phục vụ tốt nhất. - Phiếu không có giá trị quy đổi tiền mặt, không trả lại tiền thừa. - Thanh toán online nhận ngay voucher điện tử.","20 đã mua","","2026-08-26T20:44:16.021497"
"www.hotdeal.vn","https://www.hotdeal.vn/ho-chi-minh/buffet-sang-trong/hotel-majestic-sg-buffet-hai-san-tom-hum-tuoi-ruou-vang-bia-371065.html","Hotel Majestic SG - Buffet Hải Sản Tôm Hùm Tươi + Rượu Vang, Bia","1365000","1160000","https://static.hotdeal.vn/images/1736/1735513/400x400/371065-hotel-majestic-sg-buffet-hai-san-tom-hum-tuoi-ruou-vang-bia.jpg","- Hotel Majestic Sài Gòn nổi bật với kiến trúc cổ điển Pháp và là một trong những khách sạn 5 sao được nhiều khách du lịch lựa chọn khi đến Sài Gòn. - Không gian khách sạn thanh lịch, sang trọng và hoàn hảo đến từng chi tiết. Đặc biệt, Hotel Majestic Sài Gòn sở hữu nhiều nhà hàng và quán bar hiện đại, đem đến cho bạn những trải nghiệm ẩm thực đẳng cấp. - Voucher áp dụng cho Buffet tối hải sản cao cấp tôm hùm không giới hạn - view ngắm toàn cảnh sông Sài Gòn tại Nhà hàng Breeze Sky Bar - Tầng 5, Hotel Majestic Saigon. - Breeze Sky Bar là địa điểm thú vị để thưởng thức các món uống thời thượng và các món hải sản, đồ nướng theo phong cách Á – Âu. Từ không gian của quán bar, thực khách có thể ngắm toàn cảnh sông Sài Gòn và thành phố với view Landmark siêu đẹp. - Thực đơn buffet với trên 50 món ăn thượng hạng, đặc biệt là các món hải sản cao cấp như tôm hùm, cua, tôm càng, tôm sú, hàu hoàn toàn tươi sống được bắt trực tiếp từ hồ lên chế biến và các loại bò Úc, cừu nướng... - Giá đã bao gồm thức uống trọn gói không giới hạn: rượu vang Pháp, bia Tiger Draught, nước ngọt và nước suối. - Nguyên liệu tươi ngon, chất lượng, nguồn gốc rõ ràng. - Món ăn được chế biến bởi các đầu bếp chuyên nghiệp, đảm bảo mang lại hương vị thơm ngon, hấp dẫn cho thực khách. - Tham khảo menu tại đây .","- Thời hạn sử dụng voucher: từ 16/08/2026 đến 16/11/2026. - Địa chỉ sử dụng voucher: Nhà Hàng Breeze Sky Bar - Tầng 5, Hotel Majestic Saigon – 01 Đồng Khởi, Phường Sài Gòn, Thành Phố Hồ Chí Minh. Hotline: 028 3829 5517 – EXT: 8517. - Áp dụng cho: Buffet tối hải sản cao cấp tôm hùm không giới hạn - view ngắm toàn cảnh sông Sài Gòn. - Giá đã bao gồm thức uống trọn gói không giới hạn: rượu vang Pháp, bia Tiger Draught, nước ngọt và nước suối. - Tham khảo menu tại đây . - Thời gian phục vụ: 18h - 22h thứ 6 & thứ 7 hàng tuần, không áp dụng lễ. - Sử dụng 01 voucher/ 01 người lớn (không bù thêm tiền). - Đối với trẻ em: + Dưới 1.4m: Thanh toán trực tiếp tại nhà hàng 682.500 net/ khách + Từ 1.4m trở lên: Tính 01 voucher như người lớn - Giá đã bao gồm thuế giá trị gia tăng theo luật hiện hành và phí phục vụ. Nhà hàng chịu trách nhiệm xuất hóa đơn khi khách hàng yêu cầu. - Khách hàng vui lòng đặt chỗ trước khi đến. Trường hợp không đặt chỗ trước, nhà hàng xin phép được cáo lỗi nếu không còn chỗ trống. - Không áp dụng đồng thời với các chương trình khuyến mãi khác. - Thanh toán online nhận ngay voucher điện tử.","554 đã mua","","2026-08-26T20:44:18.122494"
"www.hotdeal.vn","https://www.hotdeal.vn/ho-chi-minh/chup-hinh/metashow-ve-standard-tham-quan-va-chup-anh-doc-dao-nhat-vn-371232.html","Metashow - Vé Standard Tham Quan Và Chụp Ảnh Độc Đáo Nhất VN","150000","135000","https://static.hotdeal.vn/images/1736/1735990/400x400/371232-metashow-ve-standard-tham-quan-va-chup-anh-doc-dao-nhat-vn.jpg","- Triển lãm Nghệ thuật Ánh sáng Metashow: + Triển lãm là sự kết hợp đặc biệt giữa 3 yếu tố: công nghệ, nghệ thuật và ánh sáng nhằm mang lại cho khách tham quan trải nghiệm đa chiều, đa giác quan đặc biệt ấn tượng. + Triển lãm với hơn 30 chủ đề như: Kính vạn hoa, Biển hoa hồng, Dải ngân hà, Van Gogh, Cung điện gương, Thị trấn AI, Vũ trụ cánh đồng lúa mì, Biển hướng dương, Mắt kim cương, Phòng chiếu 4K… * Tại sao Metashow trở thành điểm đến hot nhất Sài Gòn? - Trải nghiệm nghệ thuật độc đáo: Metashow không chỉ đơn thuần là một triển lãm để ngắm nhìn, mà còn là một không gian để bạn tương tác và khám phá. Mỗi tác phẩm nghệ thuật đều ẩn chứa những câu chuyện và ý nghĩa riêng, chờ bạn khám phá. - Công nghệ hiện đại: Các công nghệ như ánh sáng laser, projection mapping, VR/AR được ứng dụng một cách tinh tế, tạo nên những hiệu ứng thị giác và âm thanh sống động, đưa bạn đến những không gian ảo huyền bí. - Không gian ấn tượng: Không gian triển lãm được thiết kế tỉ mỉ, từng góc nhỏ đều mang đến những bất ngờ thú vị. Bạn sẽ có cảm giác như đang lạc vào một thế giới khác, đầy màu sắc và kỳ ảo. - Điểm đến lý tưởng cho giới trẻ: Với sự kết hợp hoàn hảo giữa nghệ thuật và công nghệ, Metashow là điểm đến lý tưởng cho những bạn trẻ yêu thích khám phá và trải nghiệm những điều mới lạ. - Voucher áp dụng cho: Vé Standard tham quan & chụp hình khu vực cơ bản với 20 chủ đề lớn nhỏ tại Metashow Exhibition duy nhất tại Tp.HCM. - Quy định áp dụng từng loại vé: + STANDARD – S: 01 Trẻ dưới 18 tuổi và cao từ 1m2/ Người lớn trên 65 tuổi/ Người khuyết tật. + STANDARD – L: 01 Người lớn từ 18 - 65 tuổi.","+ STANDARD – S: 01 Trẻ dưới 18 tuổi và cao từ 1m2/ Người lớn trên 65 tuổi/ Người khuyết tật.","10 đã mua","","2026-08-26T20:44:20.676830"
"www.hotdeal.vn","https://www.hotdeal.vn/ho-chi-minh/massage-nu/ty-house-spa-massage-body-chay-vitamin-c-tri-mun-giam-beo-371151.html","Ty House Spa - Massage Body/ Chạy Vitamin C/ Trị Mụn/ Giảm Béo","650000","149000","https://static.hotdeal.vn/images/1735/1735266/400x400/371151-ty-house-spa-massage-body-chay-vitamin-c-tri-mun-giam-beo.jpg","- Ty House Spa là trung tâm thẩm mỹ uy tín tại Bình Thạnh, được nhiều chị em tin tưởng và yêu thích. - Sở hữu cho mình không gian hiện đại với lối trang trí nhẹ nhàng, Ty House Spa thật sự là nơi để bạn làm đẹp và thư giãn sau một tuần làm việc căng thẳng. - Đội ngũ nhân viên có nhiều năm kinh nghiệm, đào tạo bài bản chắc chắn sẽ chinh phục những khách hàng khó tính nhất. - Với hệ thống máy móc làm đẹp hiện đại, cập nhật những xu hướng làm đẹp mới nhất, Ty House Spa sẽ mang đến cho khách hàng vẻ đẹp toàn diện. - Voucher áp dụng 01 trong 04 gói dịch vụ tại Ty House Spa: Massage body đá nóng 75’/ Điện di Vitamin C/ Trị mụn/ Giảm béo công nghệ cao Cavitation. - Khách hàng sẽ được trải nghiệm liệu trình thư giãn bài bản, chuyên nghiệp, điều trị mụn, chăm sóc da mặt bằng sản phẩm cao cấp giúp phục hồi làn da tươi trẻ và hoàn thiện vẻ đẹp của bạn.","- Thời hạn sử dụng voucher: từ 31/05/2026 đến 31/08/2026. - Địa điểm sử dụng voucher: Ty House Spa Beauty & Clinic – 243 Lê Quang Định, Phường 7, Quận Bình Thạnh. ĐT: 0939 578898 - 0842 783123 - 0783 909222. - Fanpage: https://www.facebook.com/tyhousespa/ - Áp dụng cho 01 trong 04 gói dịch vụ tại Ty House Spa Beauty & Clinic. - Khách hàng sẽ được trải nghiệm liệu trình thư giãn bài bản, chuyên nghiệp, điều trị mụn, chăm sóc da mặt bằng sản phẩm cao cấp giúp phục hồi làn da tươi trẻ và hoàn thiện vẻ đẹp của bạn. + Gói 1: Massage body Thụy Điển + tinh dầu + đá nóng + foot + Chăm sóc da mặt (75 phút). + Gói 2: Điện di Vitamin C công nghệ Galvanic + Phun Oxy tinh khiết (90 phút). + Gói 3: Trị mụn y khoa + Lấy sạch nhân mụn + Se khít chân lông + Kiểm soát nhờn (90 phút). + Gói 4: Giảm béo chuyên sâu vùng bụng công nghệ cao Cavitation (60 phút). - Liệu trình được thực hiện chuyên nghiệp, đúng quy trình, đạt hiệu quả như cam kết. - Áp dụng vào tất cả các ngày trong tuần (kể cả Lễ). Giờ áp dụng: 9h-19h. - Áp dụng cho cả nam và nữ, mẹ bầu. Riêng gói dịch vụ Massage body không áp dụng cho nam. - Một khách hàng được mua nhiều phiếu. - Sử dụng 01 phiếu/ 01 người/ 01 gói dịch vụ (không bù tiền), Tip tùy ý. - Không áp dụng đồng thời với các chương trình khuyến mãi khác. - Khách hàng vui lòng đặt chỗ trước khi đến để được phục vụ tốt nhất. - Phiếu không có giá trị quy đổi thành tiền mặt, không trả lại tiền thừa. - Thanh toán online nhận ngay voucher điện tử.","819 đã mua","","2026-08-26T20:44:22.189057"
"www.hotdeal.vn","https://www.hotdeal.vn/ho-chi-minh/cao-voi-danh-bong-tram-rang/white-smile-dental-tram-rang-cong-nghe-tham-my-cao-cap-371123.html","White Smile Dental - Trám Răng Công Nghệ Thẩm Mỹ Cao Cấp","500000","99000","https://static.hotdeal.vn/images/1735/1735045/400x400/371123-white-smile-dental-tram-rang-cong-nghe-tham-my-cao-cap.jpg","- Đến Nha khoa Thẩm mỹ White Smile Dental, khách hàng được tư vấn, thăm khám và đưa ra kế hoạch điều trị các bệnh lý răng miệng bởi các bác sĩ có tay nghề chuyên môn kỹ thuật cao. - Trải nghiệm phòng khám chuẩn y khoa quốc tế hiện đại. Không gian rộng rãi, được vệ sinh thường xuyên để tạo môi trường an toàn, sạch sẽ cho khách hàng. - Trang thiết bị đều được nhập khẩu từ nước ngoài như máy nội nha Tri Auto ZX2, ghế nha khoa chuyên dụng Osstem... - Giá cả cạnh tranh, chất lượng dịch vụ hoàn hảo. Khách hàng được hưởng nhiều ưu đãi đặc biệt sau khi sử dụng dịch vụ tại phòng khám. - Voucher áp dụng cho dịch vụ Trám răng tại Nha khoa White Smile Dental.","- Thời hạn sử dụng voucher: từ 22/05/2026 đến 22/08/2026. - Địa điểm sử dụng: Nha Khoa Thẩm Mỹ White Smile Dental - 104 Nguyễn Công Trứ, P. Sài Gòn, TP.HCM - 0842227388 - 085 222 7388. - Fanpage: https://www.facebook.com/nhakhoacayghep/ - Voucher áp dụng cho dịch vụ Trám răng trị giá 500.000 vnđ ưu đãi còn 99.000 vnđ tại Nha khoa White Smile Dental. - Đối tượng áp dụng: nam/ nữ. - Cam kết thấy được hiệu quả sau lần đầu sử dụng dịch vụ. - Sử dụng 1 voucher/ 1 người/ 1 răng (không bù thêm tiền). - Không áp dụng đồng thời với chương trình khuyến mãi khác. - Thời gian làm việc: 9h - 18h tất cả các ngày trong tuần. - Không áp dụng lễ tết. - Khách hàng vui lòng đặt chỗ trước khi đến để được phục vụ tốt nhất. - Voucher không có giá trị quy đổi thành tiền mặt, không trả lại tiền thừa. - Thanh toán online nhận ngay voucher điện tử.","32 đã mua","","2026-08-26T20:44:23.968089"
"www.hotdeal.vn","https://www.hotdeal.vn/ho-chi-minh/buffet-sang-trong/hotel-nikko-saigon-buffet-dim-sum-cao-cap-53-mon-chuan-vi-trung-hoa-371172.html","Hotel Nikko Saigon - Buffet Dim Sum Cao Cấp 53 Món Chuẩn Vị Trung Hoa","646000","519000","https://static.hotdeal.vn/images/1735/1735453/400x400/371172-hotel-nikko-saigon-buffet-dim-sum-cao-cap-53-mon-chuan-vi-trung-hoa.jpg","- Nhà hàng Ming Court là nhà hàng Hoa pha lẫn phong cách Đài Loan, nằm ở tầng 3 của Khách sạn Nikko Saigon. Đây được xem là một trong những nhà hàng phục vụ Dim Sum chất lượng 5 sao hấp dẫn tại TPHCM. - Với thiết kế mang đậm chất phương Đông nhưng cũng không kém phần sang trọng, Nhà hàng Ming Court sẽ mang đến cho thực khách những trải nghiệm thú vị về một không gian ẩm thực tuyệt vời. - Menu Dim Sum với hơn 50 món ăn đặc sắc đậm nét Trung Hoa, bên tách trà ấm thơm ngon và nhiều loại tráng miệng đặc trưng. - Được thực hiện bởi những đôi tay đầu bếp tài hoa, thực đơn Dim Sum ở nhà hàng Ming Court rất phong phú và đặc biệt, mang hương vị đặc trưng không lẫn vào đâu được. - Ngoài không gian chung, nhà hàng còn có các phòng riêng biệt phù hợp cho mọi nhu cầu, bao gồm phòng nhỏ với sức chứa 12 khách và một phòng lớn hơn với sức chứa 25 khách. - Tham khảo menu 53 món tại đây .","- Thời hạn sử dụng voucher: từ 13/06/2026 đến 13/09/2026. - Địa điểm sử dụng voucher: Ming Court Restaurant – Tầng 3, Hotel Nikko Saigon: 235 Nguyễn Văn Cừ, Phường Cầu Ông Lãnh, Tp.HCM. Điện thoại: (028) 3929 5520 - (028) 3925 7777. - Voucher áp dụng cho: Dim Sum All-you-can-eat (Buffet gọi món tại bàn) đẳng cấp tại Khách sạn 5 sao Nikko Sài Gòn. Tham khảo menu 53 món tại đây . - Thời gian: Bữa Trưa từ 11:00 – 14:00 (giờ gọi món cuối 13:30), Bữa Tối từ 18:00 – 22:00 (giờ gọi món cuối 21:30) các ngày thứ 7 và CN hàng tuần. Không áp dụng Lễ và các sự kiện đặc biệt của nhà hàng. Riêng Lễ 2/9 có áp dụng. - Sử dụng 01 voucher/ 01 người (không bù tiền). Không giới hạn số lượng voucher/ hóa đơn. - Chính sách cho trẻ em: 280,000++/ bé từ 6-11 tuổi. Bé trên 11 tuổi tính vé như người lớn. Khách thanh toán vé em bé trực tiếp tại nhà hàng. - Áp dụng ăn tại chỗ. Không áp dụng cho mang về. - Đã bao gồm VAT và phí phục vụ. Khách sạn có trách nhiệm xuất hóa đơn khi khách hàng yêu cầu. Thông tin hóa đơn phải được cung cấp trước 23:00 cùng ngày sử dụng dịch vụ. Sau thời gian này khách sạn sẽ không giải quyết. - Khách hàng vui lòng xuất trình voucher trước khi sử dụng dịch vụ. - Khách hàng vui lòng đặt chỗ trước khi đến để được phục vụ tốt nhất. Yêu cầu đặt bàn chỉ được xem là hoàn tất sau khi nhận được xác nhận từ nhà hàng. Việc sắp xếp chỗ ngồi phụ thuộc vào tình trạng thực tế tại thời điểm phục vụ. Nhà hàng không thể đảm bảo chỗ ngồi cho khách chưa đặt chỗ trước. - Khách hàng đi với số lượng lớn từ 10 người trở lên, vui lòng liên hệ nhà hàng cung cấp đầy đủ thông tin voucher/ e-voucher cho nhà hàng trước 2 ngày sử dụng dịch vụ, để nhà hàng có thể phục vụ khách hàng một cách tốt nhất. - Một khách hàng có thể mua nhiều phiếu. - Không áp dụng đồng thời với các chương trình khuyến mãi, giảm giá hoặc voucher khác. - Không có giá trị quy đổi thành tiền, không hoàn trả tiền thừa. - Thanh toán online nhận ngay voucher điện tử.","3,209 đã mua","","2026-08-26T20:44:26.411443"
"www.hotdeal.vn","https://www.hotdeal.vn/ho-chi-minh/buffet-viet-nhat-han/hoang-yen-buffet-am-thuc-3-mien-dac-sac-371120.html","Hoàng Yến Buffet - Ẩm Thực 3 Miền Đặc Sắc","380000","342000","https://static.hotdeal.vn/images/1736/1736294/400x400/371120-hoang-yen-buffet-am-thuc-3-mien-dac-sac.jpg","- Hoàng Yến Buffet với một thực đơn phong phú hơn 60 món ăn trưa và hơn 70 món ăn tối tự chọn, mang đến cho thực khách một hành trình ẩm thực độc đáo và thú vị. - Các món ngon của ẩm thực Việt ba miền được chế biến đặc sắc, quen mà lạ. - Hoàng Yến Buffet luôn thể hiện tính sáng tạo của mình vào từng món ăn, từ khâu trang trí, trình bày cho đến cách chế biến. - Thực đơn được thay đổi thường xuyên tạo cho thực khách cảm giác mới mẻ mỗi khi ghé đến. - Không gian được thiết kế đẹp mắt với nội thất ấn tượng, mang đến cảm giác ấm áp, thoải mái khi dùng bữa. - Đội ngũ nhân viên được đào tạo chuyên nghiệp, tác phong phục vụ ân cần, lịch sự làm thực khách vô cùng hài lòng mỗi khi ghé đến. - Tham khảo menu tại đây .","- Khách hàng buộc phải xuất trình voucher trước khi sử dụng dịch vụ. - Khách hàng vui lòng đặt chỗ trước khi đến để được phục vụ tốt nhất. Nhà hàng không bảo đảm chỗ ngồi cho khách nếu không đặt chỗ trước. - Thời hạn sử dụng voucher: từ 28/05/2026 đến 28/08/2026. - Địa điểm sử dụng voucher: Hoàng Yến Buffet + Hoàng Yến Buffet Vạn Hạnh Mall – Tầng 05, 11 Sư Vạn Hạnh, Quận 10, TP. HCM. ĐT: (028) 62760749. - Chi tiết chương trình ưu đãi như sau: 1. Buffet Trưa T2 - T6: Giá gốc 380.000 đồng, giá bán trên Hotdeal giảm 10% chỉ còn 342.000 đồng. 2. Buffet Tối T2 - T6: Giá gốc 499.000 đồng, giá bán trên Hotdeal giảm 10% chỉ còn 449.000 đồng. 3. Buffet Trưa T7 - Chủ Nhật: Giá gốc 499.000 đồng, giá bán trên Hotdeal giảm 10% chỉ còn 449.000 đồng. 4. Buffet Tối T7 - Chủ Nhật: Giá gốc 533.000 đồng, giá bán trên Hotdeal giảm 10% chỉ còn 480.000 đồng. - Tham khảo menu tại đây . - Thời gian áp dụng: + Trưa T2 – CN: 11h – 14h (Buffet trưa) + Tối T2 – CN: 18h – 22h (Buffet tối) Khách hàng vui lòng kiểm tra đúng khung giờ và ngày cần mua trước khi chọn voucher. - Không áp dụng voucher vào các ngày lễ, tết và các ngày đặc biệt của nhà hàng. - Sử dụng 01 voucher/ 01 người (không bù tiền). Không giới hạn số lượng voucher/ hóa đơn. - Chính sách cho trẻ em: + Trẻ em dưới 1m: Miễn phí (phải đi cùng ba mẹ) + Trẻ em từ 1m - 1m3: Giá vé bằng 30% giá vé người lớn - Áp dụng ăn tại chỗ. Không áp dụng cho mang về. - Đã bao gồm VAT và phí phục vụ. Nhà hàng có trách nhiệm xuất hóa đơn khi khách hàng yêu cầu. - Một khách hàng có thể mua nhiều phiếu. - Không áp dụng đồng thời với các chương trình khuyến mãi, giảm giá hoặc voucher khác. - Không có giá trị quy đổi thành tiền, không hoàn trả tiền thừa. - Thanh toán online nhận ngay voucher điện tử.","1,887 đã mua","","2026-08-26T20:44:28.976053"
"www.hotdeal.vn","https://www.hotdeal.vn/ho-chi-minh/buffet-chay/de-nhat-buffet-chay-buoi-toi-cao-cap-mung-le-vu-lan-371326.html","Đệ Nhất - Buffet Chay Buổi Tối Cao Cấp Mừng Lễ Vu Lan","229000","206000","https://static.hotdeal.vn/images/1737/1736739/400x400/371326-de-nhat-buffet-chay-buoi-toi-cao-cap-mung-le-vu-lan.jpg","- Thưởng thức Buffet Chay Cao Cấp tại Khách sạn Đệ Nhất với hơn 50 món chay đặc sắc, được chế biến công phu từ nguồn nguyên liệu tươi ngon, thanh đạm và giàu dinh dưỡng. - Thực đơn phong phú gồm các món khai vị, salad, gỏi, món chiên, món xào, món nướng, món chính, lẩu, chè, bánh, trái cây... mang đến trải nghiệm ẩm thực trọn vẹn từ đầu đến cuối bữa tiệc. - Giá vé đã bao gồm buffet nước uống và quầy tráng miệng không giới hạn, giúp thực khách thoải mái thưởng thức mà không phát sinh thêm chi phí. - Dùng bữa trong không gian sân vườn hồ bơi xanh mát, thoáng đãng, mang đến cảm giác thư thái, giúp mỗi bữa buffet chay trở thành một trải nghiệm nhẹ nhàng, an yên và trọn vẹn. - Phù hợp cho nhiều dịp như sum họp gia đình, gặp gỡ bạn bè, liên hoan, sinh nhật hay những buổi dùng bữa thanh đạm cùng người thân trong không gian sang trọng của Khách sạn Đệ Nhất. - Kết hợp giữa ẩm thực chất lượng, không gian đẳng cấp và phong cách phục vụ chuyên nghiệp, mang đến trải nghiệm buffet chay đáng nhớ ngay tại trung tâm TP.HCM. - Tham khảo menu tại đây . - Thời gian áp dụng: các ngày chay mùng 1, 14, 15 âm lịch hàng tháng.","- Thời hạn sử dụng voucher: từ 22/08/2026 đến 22/11/2026. - Địa điểm sử dụng voucher: Khu Hoa Viên Hồ Bơi - Khách sạn Đệ Nhất – 18 Hoàng Việt, Phường Tân Sơn Nhất, Tp.HCM. Hotline hỗ trợ: ĐT: 0919 898 257 - 028 3844 1199 – 028 3846 2944. - Voucher áp dụng cho: Buffet chay cao cấp tinh hoa hơn 50 món chay (Giá vé đã bao gồm trọn gói quầy line nước uống và món tráng miệng). Tham khảo menu tại đây . - Thời gian áp dụng vào các ngày chay mùng 1, 14, 15 âm lịch hàng tháng. - Khung giờ phục vụ buffet: 18h00 – 21h00. - Quy định sử dụng: Áp dụng 01 voucher/ 01 người/ 01 suất buffet chay (Khách hàng không cần bù thêm bất kỳ chi phí nào). - Chính sách thuế & hóa đơn: Giá trên voucher đã bao gồm thuế VAT. Khách sạn sẽ xuất hóa đơn tài chính trực tiếp khi khách hàng có yêu cầu. - Quy định đặt chỗ trước: Quý khách vui lòng liên hệ Hotline đặt bàn trước khi đến. - Đối với trẻ em: + Dưới 1m2: thanh toán trực tiếp tại nhà hàng 129.000 vnđ/01 bé. + Từ 1m2: tính như vé người lớn. - Một khách hàng được mua nhiều phiếu. Không áp dụng cho mang về. - Không áp dụng đồng thời với các chương trình khuyến mãi khác. - Phiếu không có giá trị quy đổi thành tiền mặt, không trả lại tiền thừa. - Thanh toán online nhận ngay voucher điện tử.","16 đã mua","","2026-08-26T20:44:31.280676"
"www.hotdeal.vn","https://www.hotdeal.vn/ho-chi-minh/nha-hang-sang-trong/membership-lai-towa-1-khach-7-uu-dai-tang-28-sedona-suites-371317.html","Membership Lai Towa - 1 Khách - 7 Ưu Đãi - Tầng 28 Sedona Suites","2500000","1111000","https://static.hotdeal.vn/images/1737/1736669/400x400/371317-membership-lai-towa-1-khach-7-uu-dai-tang-28-sedona-suites.jpg","- Chỉ 1.111.000​ VNĐ sở hữu Membership Lai - Towa trị giá 2.500.000 VNĐ. - Nội dung ưu đãi Membership bao gồm 7 ưu đãi sau: + 01 con vịt quay Bắc Kinh 2 món cho 4 người + 01 set menu món Nhật cho 2 khách + 02 suất ăn trưa (món Hoa từ thứ 2 - thứ 6, món Nhật từ thứ 2 - Chủ nhật) dành cho 2 người + 01 ly signature cocktail hoặc mocktail + 01 Gift voucher 500.000 đồng (áp dụng cho menu Alacarte) + Giảm 15% tối đa 2.000.000 VNĐ trên tất cả hóa đơn sử dụng dịch vụ À La Carte, trước thuế và các phí dịch vụ. - Trải nghiệm tinh hoa ẩm thực Hoa và Nhật tại hai nhà hàng Lai - Cantonese và Towa Japanese Cuisine & Louge. - Tận hưởng không gian sang trọng cùng view toàn cảnh TP. Hồ Chí Minh từ tầng 28 Sedona Suites. - Lựa chọn lý tưởng cho những buổi hẹn hò, gặp gỡ đối tác, tiếp khách và sum họp gia đình.","- Thời hạn sử dụng voucher: từ 31/07/2026 đến 31/07/2027. - Địa điểm sử dụng voucher: Lai - Towa - Tầng 28 Sedona Suites (Bên cạnh Sài Gòn Center) 92-94 Nam Kỳ Khởi Nghĩa, Phường Sài Gòn, TP. Hồ Chí Minh - Hotline: 0903 116 038. - Khách hàng cung cấp thông tin (tên và số điện thoại) để kích hoạt thẻ tại thời điểm mua voucher qua số hotline: 0903 116 038. Thẻ chỉ được kích hoạt ngày kế tiếp sau khi mua thành công. - Khách hàng vui lòng liên hệ đặt chỗ trước 24 giờ khi đến theo. Việc đặt bàn phụ thuộc vào tình trạng chỗ trống và khả năng phục vụ của nhà hàng. - Voucher áp dụng cho Membership Lai Towa chỉ với 1.111.000 VNĐ (Giá gốc 2.500.000 VNĐ) - Ưu đãi cực sốc - Ngắm trọn view Sài Gòn về đêm từ tầng 28. Nội dung ưu đãi Membership bao gồm 7 ưu đãi sau: - 01 con vịt quay Bắc Kinh 2 món cho 4 người - 01 set menu món Nhật cho 2 khách - 02 suất ăn trưa (món Hoa từ thứ 2 - thứ 6, món Nhật từ thứ 2 - Chủ nhật) dành cho 2 người - 01 ly signature cocktail hoặc mocktail - 01 Gift voucher 500.000 đồng (áp dụng cho menu alacarte) - Giảm 15% tối đa 2.000.000 VNĐ trên tất cả hóa đơn sử dụng dịch vụ A La Carte, trước thuế và các phí dịch vụ. - Mỗi thẻ chỉ được sử dụng 01 ưu đãi/ lần đặt bàn và một hóa đơn. KHÔNG hỗ trợ tách bill, ghép bàn. - Thời gian phục vụ: Mỗi ngày 11h30-22h00 l Last order 21h45 - Sử dụng 01 voucher/ 01 thẻ thành viên/ 01 bàn. Giá đã bao gồm VAT và phí phụ vụ. - Khách hàng phải xuất trình mã voucher hợp lệ trước khi sử dụng dịch vụ. - Voucher không được quy đổi thành tiền mặt, không hoàn lại tiền thừa và không dùng để mua voucher hoặc thẻ. - Khi khách hàng mua thẻ trên Hotdeal sẽ kích hoạt luôn thẻ, lần gần nhất khi Khách hàng sử dụng ưu đãi khi đến nhà hàng nhân viên sẽ đưa thẻ vật lý cho khách. - Không áp dụng các ngày Lễ, Tết, các ngày lễ đặc biệt khác (14/02, 08/03, 20/10, 24/12,...) và các ngày có sự kiện đăc biệt tại Nhà hàng. - Nhà hàng có quyền kiểm soát điều khoản và điều kiện. - Thẻ có hiệu lực 12 tháng kể từ ngày kích hoạt. - Chỉ áp dụng tại nhà hàng, không áp dụng mua mang đi. - Có thể linh động theo báo cáo hàng hóa mỗi ngày tại Outlet. - Sản phẩm tặng không có giá trị quy đổi tiền mặt. Không áp dụng đồng thời với các chương trình và Menu đặc biệt khác tại nhà hàng (Dimsum đồng giá, Menu ăn trưa, Set menu đặc biệt,...). - Chỉ áp dụng ưu đãi khi khách hàng xuất trình thẻ vật lý tại nhà hàng. - Khách hàng vui lòng thông báo trước về dị ứng thực phẩm hoặc yêu cầu ăn uống đặc biệt. Nhà hàng sẽ hỗ trợ trong phạm vi có thể. - Thanh toán online nhận ngay voucher điện tử.","20 đã mua","","2026-08-26T20:44:34.402493"
"www.hotdeal.vn","https://www.hotdeal.vn/ho-chi-minh/buffet-sang-trong/du-thuyen-rever-sai-gon-5-buffet-hai-san-thuong-hang-370937.html","Du Thuyền Rever Sài Gòn 5* - Buffet Hải Sản Thượng Hạng","1450000","1150000","https://static.hotdeal.vn/images/1734/1734439/400x400/370937-du-thuyen-rever-sai-gon-5-buffet-hai-san-thuong-hang.jpg","- Trải nghiệm ẩm thực đẳng cấp 5 sao trên REVER Cruise – du thuyền nhà hàng sang trọng kế thừa hơn 30 năm tinh hoa từ Indochina Sails. - Không gian thiết kế giao thoa văn hóa Địa Trung Hải – Đông Dương – Ả Rập, kết hợp phong cách hiện đại tạo nên trải nghiệm dinner cruise mới mẻ và khác biệt tại Sài Gòn. - Hành trình du ngoạn dọc sông Sài Gòn hướng về Đảo Kim Cương, chiêm ngưỡng skyline thành phố lung linh về đêm từ 18:00 – 22:00. - Buffet hải sản thượng hạng phong phú: hàu tươi, sashimi, tôm sú, sò điệp, bò nướng, vịt quay… cùng phiên bản cao cấp có tôm hùm nướng, cua nướng và bào ngư. - Phục vụ kèm nước suối, nước ngọt, nước detox trong suốt hành trình. - Không gian lý tưởng cho hẹn hò lãng mạn, tiệc sinh nhật – kỷ niệm, tiệc gia đình sang trọng và gặp gỡ, tiếp đãi đối tác. - Kết hợp ẩm thực – ngắm cảnh – thư giãn trong một trải nghiệm trọn vẹn, nơi mỗi khoảnh khắc trên sông đều trở thành kỷ niệm đáng nhớ. - Tham khảo menu tại đây: Menu 1150k , Menu 1590k .","- Thời hạn sử dụng voucher: đến 31/12/2026. - Địa điểm sử dụng voucher : DU THUYỀN REVER SÀI GÒN 5* Xuất phát hàng ngày từ Cảng Sài Gòn tại số 05 Nguyễn Tất Thành, Phường 13, Quận 4, TP. Hồ Chí Minh. + Quý khách bắt buộc cần liên hệ kiểm tra tình trạng chỗ trống trên tàu và các khoản phụ thu trước khi thanh toán. Hotdeal không chịu trách nhiệm các trường hợp khách không liên hệ trước khi mua voucher. - Quý khách hàng mua voucher, liên hệ tư vấn và đặt chỗ theo Hotline: 19006760. (Giờ làm việc: từ 8h30 đến 17h thứ 2 đến thứ 6; 8h30 đến 12h00 thứ 7 hàng tuần). Hoặc Inbox: https://www.facebook.com/Hotdeal.hochiminh/ - Voucher áp dụng cho: Buffet tối hải sản thượng hạng du ngoạn trên du thuyền Rever 5 sao. REVER SEAFOOD BUFFET | BẢN GIAO HƯỞNG VỊ GIÁC TRÊN DÒNG CHẢY VĂN HÓA ĐẶC SẮC. 1/ Buffet Hải Sản Thượng Hạng - Cho Người Lớn - Áp dụng trong tuần T2-T4 - Giá: 1.150.000. 2/ Buffet Hải Sản Thượng Hạng - Cho Người Lớn - Áp dụng cuối tuần T5-CN - Giá: 1.590.000. - Áp dụng cho nhóm từ 2 khách trở lên. - 01 vé du ngoạn và ăn tối trên du thuyền REVER Sài Gòn. - Set Menu Buffet hải sản thượng hạng. - Phục vụ nước suối, nước ngọt, nước detox. - Hành trình du thuyền dọc sông Sài Gòn hướng về đảo Kim Cương. - Thời gian sử dụng: 18:00 - 22:00. - Giá vé đã bao gồm thuế VAT và phí phục vụ. - Tham khảo menu tại đây: Menu 1150k , Menu 1590k . - KHÁCH ĐẶT CHỖ TRƯỚC ÍT NHẤT 3 TIẾNG TÀU CHẠY ĐỂ ĐẢM BẢO CÒN CHỖ. NẾU KHÁCH HÀNG KHÔNG LIÊN HỆ ĐẶT CHỖ TRƯỚC, TÀU TỪ CHỐI PHỤC VỤ. - Sử dụng 01 voucher/ 01 người lớn (không bù thêm tiền). * LƯU Ý: · Vị trí bàn ăn sẽ do tàu sắp xếp, khách check-in sẽ có nhân viên hướng dẫn. · Chương trình ca múa nhạc sẽ thay đổi và biểu diễn trong từng phòng ăn. - Chính sách trẻ em: + Miễn phí 01 trẻ em dưới 1m khi đi kèm 02 người lớn. + Trẻ em từ 1m đến dưới 1m39: mua giá vé cho trẻ em. · Giá vé trẻ em 1m - 1m39: Sử dụng buffet từ thứ 2 - thứ 6: Phụ thu 490.000++ / khách → 555,660 VNĐ / khách (đã bao gồm thuế & phí). · Giá vé trẻ em 1m - 1m39: Sử dụng buffet thứ 5 - Chủ nhật: Phụ thu 690.000++ / khách → 782,460 VNĐ / khách (đã bao gồm thuế & phí). + Trẻ em từ 1m4 trở lên mua vé người lớn. + Lưu ý vé trẻ em sẽ được đo và tính phụ thu thanh toán khi lên tàu. * LƯU Ý: + Thời gian và lộ trình tàu chạy: · Đón 18:00 (Quý khách có mặt trước giờ tàu chạy 15-20 phút) · Tàu di chuyển: 19:45 · Tàu cập bến: 21:30 · Lộ trình: Cảng Sài Gòn - Bến Nhà Rồng – Đảo Kim Cương – Cảng Sài Gòn - Quý khách vui lòng có mặt trước giờ tàu chạy 15-20 phút. Nếu khách đến trễ, tàu không đợi và mất vé. Công ty không hoàn lại tiền. - Nhà hàng sẽ tính thêm phí phục vụ nếu khách hàng mang đồ ăn, thức uống từ bên ngoài vào nhà hàng. - Trong điều kiện thời tiết xấu, tàu có thể thay đổi lịch trình để đảm bảo an toàn tối đa cho du khách. - KHÔNG BAO GỒM: + Đồ uống và các chi phí cá nhân khác. - Không áp dụng đồng thời với các chương trình khuyến mãi khác. - Khách hàng có thể mua nhiều voucher để sử dụng hoặc tặng người thân hoặc bạn bè. - Khách hàng vui lòng liên hệ đặt chỗ sớm theo Hotline: 19006760. - Phiếu không có giá trị quy đổi thành tiền mặt, không hoàn trả tiền thừa. - Phụ thu lễ tết. - Thanh toán online nhận ngay voucher điện tử. - Quy định đặt hủy: + Quý khách bắt buộc cần liên hệ kiểm tra tình trạng chỗ trống trên tàu và các khoản phụ thu trước khi thanh toán. Hotdeal không chịu trách nhiệm các trường hợp khách không liên hệ trước khi mua voucher. - Quý Khách hàng mua voucher, liên hệ tư vấn và đặt chỗ theo: Hotline: 19006760. (Giờ làm việc: từ 8h30 đến 17h thứ 2 đến thứ 6; 8h30 đến 12h00 thứ 7 hàng tuần). Hoặc Inbox: https://www.facebook.com/Hotdeal.hochiminh/ - Quý khách vui lòng cung cấp thông tin của từng hành khách để Du thuyền REVER đăng ký cho khách vào Cảng và bảo hiểm tàu thuyền: 1. Họ tên 2. Giới tính 3. Ngày tháng năm sinh 4. Quốc tịch - Lưu ý: Dịch vụ du thuyền - Vé đã đặt chỗ không hoàn hủy.","1,946 đã mua","","2026-08-26T20:44:36.456594"
"www.hotdeal.vn","https://www.hotdeal.vn/ho-chi-minh/nha-hang-sang-trong/ros-yacht-club-set-menu-an-trua-tai-nha-hang-ben-song-sai-gon-371322.html","ROS - Yacht Club - Set Menu Ăn Trưa Tại Nhà Hàng Bên Sông Sài Gòn","230000","184000","https://static.hotdeal.vn/images/1737/1736577/400x400/371322-ros-yacht-club-set-menu-an-trua-tai-nha-hang-ben-song-sai-gon.jpg","- Thưởng thức ẩm thực tại nhà hàng ROS Yacht Club sang trọng ngay Bến Bạch Đằng. - Tầm nhìn hướng thẳng ra sông Sài Gòn, ngắm trọn vẻ đẹp của dòng sông cùng những tòa nhà biểu tượng của thành phố. - Không gian hiện đại, tinh tế, phù hợp cho hẹn hò, kỷ niệm, gặp gỡ đối tác, tiếp khách hoặc sum họp gia đình. - Thực đơn được chế biến từ nguyên liệu chất lượng, kết hợp hài hòa giữa phong cách ẩm thực Á – Âu đương đại. - Với voucher của Hotdeal, thực khách được lựa chọn linh hoạt với 10 set menu bữa trưa cao cấp. Thực đơn nổi bật với bò Wagyu, bò Úc, hải sản cùng nhiều món ăn được chế biến chỉn chu. - Vị trí ngay trung tâm TP. Hồ Chí Minh, thuận tiện di chuyển và dễ dàng kết hợp tham quan khu vực Bến Bạch Đằng. - Tham khảo menu tại đây .","- Thời hạn sử dụng voucher: đến 30/12/2026. - Địa điểm sử dụng voucher: ROS YACHT CLUB - Địa chỉ đón khách: Bến Bạch Đằng - 10B Tôn Đức Thắng, Phường Sài Gòn, Tp. Hồ Chí Minh. - Khách hàng mua voucher, liên hệ đặt chỗ trước khi đến theo số hotline: 0903 796 236. - Voucher áp dụng cho: Set menu ăn trưa cao cấp ngắm cảnh tại nhà hàng bên sông Sài Gòn ROS Yacht Club: - Lựa chọn 1 trong 10 set menu cao cấp sau với giá ưu đãi chỉ 184.000 vnđ (giá gốc 230.000 vnđ ưu đãi 20%) l Thời gian phục từ 11h - 14h (Last order 13h30). 1/ Mỳ Spaghetti Bò Viên, Phô Mai Parmersan 2/ Bún Tomyum Hải Sản Chua Cay 3/ Bơ Nghiền Dùng Kèm Trứng Chần, Bánh Mỳ Chua, Xốt Trứng Muối 4/ Phở Sườn Bò Úc & Bò Wagyu Tái 5/ Lõi Vai Bò Úc Ăn Ngũ Cốc Nướng Than và Khoai Tây Chiên 6/ Bánh Đa Cua Hải Phòng Riêu Cua và Chả Lá Lốt 7/ Cơm Gà Kiểu ROS 8/ Miến Dẹt Khoai Lang Xào Hải Sản Phủ Trứng 9/ Mỳ Linguine Hải Sản Xốt Tôm Cà Ri Đỏ 10/ Xôi Nước Cốt Dừa Dùng Kèm Cá Chẽm Ướp Nghệ Chiên, Xốt Ớt - Sử dụng 01 voucher/ 01 người. Giá đã bao gồm VAT và phí phụ vụ. Không áp dụng cho ngày đặc biệt và Lễ, Tết. - Không áp dụng đồng thời với các chương trình khuyến mãi khác và các thực đơn đặc biệt. - Vui lòng đặt bàn trước khi sử dụng dịch vụ. - Không áp dụng vào các ngày Lễ Tết hoặc những dịp đặc biệt. - ROS có quyền kiểm soát và quyết định các điều khoản và điều kiện này. - Thanh toán online nhận ngay voucher điện tử.","14 đã mua","","2026-08-26T20:44:38.756457"
"www.hotdeal.vn","https://www.hotdeal.vn/ho-chi-minh/nha-hang-sang-trong/lai-restaurant-tang-28-sedona-suites-vit-quay-bac-kinh-4-6-nguoi-371314.html","Lai Restaurant Tầng 28 Sedona Suites - Vịt Quay Bắc Kinh 4-6 Người","1700000","1160000","https://static.hotdeal.vn/images/1737/1736639/400x400/371314-lai-restaurant-tang-28-sedona-suites-vit-quay-bac-kinh-4-6-nguoi.jpg","- Thưởng thức 01 con vịt quay Bắc Kinh chế biến thành 3 món dành cho 4 - 6 người. - Trải nghiệm món ăn trứ danh của ẩm thực Quảng Đông, được chế biến theo phong cách truyền thống. - Thực đơn gồm Da vịt cuốn, Thịt vịt xào cơm hoặc mì và Xương vịt rang muối. - Lai Cantonese Restaurant sở hữu không gian sang trọng, tọa lạc trên tầng 28 Sedona Suites. - Ngắm toàn cảnh Sài Gòn về đêm từ trên cao với tầm nhìn panorama ấn tượng. - Phù hợp cho gia đình, nhóm bạn, tiếp khách, sinh nhật và các dịp sum họp đặc biệt.","- Thời hạn sử dụng voucher: từ 31/07/2026 đến 31/07/2027. - Địa điểm sử dụng voucher: Lai - Cantonese Restaurant - Tầng 28 Sedona Suites (Bên cạnh Sài Gòn Center) 92-94 Nam Kỳ Khởi Nghĩa, Phường Sài Gòn, TP. Hồ Chí Minh. - Khách hàng mua voucher Hotdeal, vui lòng liên hệ đặt chỗ trước 24 giờ khi đến theo số hotline: 0903 116 038. - Việc đặt bàn phụ thuộc vào tình trạng chỗ trống và khả năng phục vụ của nhà hàng. - Voucher áp dụng cho 01 con vịt quay Bắc Kinh 3 món cho 4 - 6 người - Ngắm trọn view Sài Gòn về đêm từ tầng 28. - Bao gồm: 1/ Da vịt cuốn 2/ Thịt vịt xào cơm/mì 3/ Xương vịt rang muối - Thời gian phục vụ: Mỗi ngày 11h30-14h00 và 17h30-22h00 l Last order 21h45. - Sử dụng 01 voucher/ 01 con vịt quay 3 món. Giá đã bao gồm VAT và phí phục vụ. - Khách hàng phải xuất trình mã voucher hợp lệ trước khi sử dụng dịch vụ. - Mỗi voucher chỉ được sử dụng một lần, cho một bàn và một hóa đơn. - Voucher không được quy đổi thành tiền mặt, không hoàn lại tiền thừa và không dùng để mua voucher hoặc thẻ. - Không áp dụng đồng thời với MBS Card, ưu đãi thành viên, chiết khấu 15%, voucher tiền mặt hoặc chương trình khuyến mãi khác. - Không tách bàn, gộp bàn hoặc tách hóa đơn nhằm sử dụng nhiều ưu đãi cho cùng một nhóm khách. - Phần phát sinh ngoài nội dung voucher được thanh toán theo giá niêm yết hiện hành của nhà hàng. - Voucher không áp dụng vào ngày lễ, Tết và các dịp đặc biệt theo thông báo của nhà hàng (1/1, 14/2, 8/3, 30/4, 1/5, 1/6, 2/9, 24/12, 31/12). - Hình ảnh món ăn chỉ mang tính chất minh họa. Một số nguyên liệu có thể được thay thế bằng sản phẩm có giá trị tương đương khi cần thiết. - Khách hàng vui lòng thông báo trước về dị ứng thực phẩm hoặc yêu cầu ăn uống đặc biệt. Nhà hàng sẽ hỗ trợ trong phạm vi có thể. - Thanh toán online nhận ngay voucher điện tử.","14 đã mua","","2026-08-26T20:44:41.083173"
"www.hotdeal.vn","https://www.hotdeal.vn/ho-chi-minh/buffet-sang-trong/saigon-prince-international-buffet-trua-hon-50-mon-a-au-371155.html","Saigon Prince - International Buffet Trưa Hơn 50 Món Á Âu","453600","386000","https://static.hotdeal.vn/images/1735/1735296/400x400/371155-saigon-prince-international-buffet-trua-hon-50-mon-a-au.jpg","- Saigon Prince Hotel sở hữu vị trí lý tưởng ngay trung tâm thành phố, thuận tiện để tất cả mọi người có thể đến sử dụng dịch vụ và thưởng thức tiệc buffet hoành tráng, chất lượng tại đây. - Tiệc buffet trưa được tổ chức tại nhà hàng nằm ở tầng trệt thuộc Saigon Prince Hotel. - Thực đơn buffet trưa vô cùng đa dạng, với hơn 50 món kết hợp ẩm thực Âu – Á, đặc biệt các món chính sẽ thay đổi mỗi ngày để thực khách luôn có những trải nghiệm phong phú, mới mẻ. - Sử dụng nguồn nguyên liệu chất lượng cao có nguồn gốc trong nước và cả quốc tế. - Không gian ẩm thực tại nhà hàng được bày trí vô cùng sang trọng với tông màu vàng ấm cúng. - Cách bố trí line món ăn khoa học và thuận tiện cho việc lựa chọn thưởng thức cùng với phong cách phục vụ tinh tế từ việc chuẩn bị bàn ghế, bộ dụng cụ ăn uống, sắp xếp chén, ly, dĩa trên bàn ăn, đều mang lại cho thực khách những trải nghiệm ẩm thực đẳng cấp và khó quên. - Với chất lượng vượt trội, tiệc buffet tại Saigon Prince Hotel là lựa chọn lý tưởng cho những buổi hẹn hò, họp mặt gia đình và bạn bè hay gặp gỡ đối tác. - Tham khảo menu tại đây .","- Thời hạn sử dụng voucher: từ 29/05/2026 đến 29/08/2026. - Địa chỉ áp dụng voucher: Saigon Prince Hotel 4* - Số 59 - 73 Nguyễn Huệ, Phường Sài Gòn, Tp. HCM. Hotline: (028) 38 222 999, Ext 415. - Facebook: https://www.facebook.com/saigonprincehotel/ - Áp dụng cho: International buffet trưa hơn 50 món Á, Âu - Free Flow nước ngọt. Tham khảo menu tại đây . - Thời gian phục vụ: 11h30 - 14h tất cả các ngày trong tuần. Không áp dụng ngày lễ, ngày đặc biệt. - Sử dụng 01 voucher/ 01 người lớn (Không bù thêm tiền). - Đối với trẻ em: + Dưới 1m: miễn phí + Từ 1m đến 1m4: Tính trực tiếp tại nhà hàng: 227.000 VND/ bé (net) + Trên 1m4: Tính 01 voucher như người lớn - Áp dụng cho dùng tại chỗ. - Giá đã bao gồm VAT và phí dịch vụ. Nhà hàng chịu trách nhiệm xuất hóa đơn khi khách hàng yêu cầu. - Khách hàng vui lòng đặt chỗ trước 24 tiếng. Trường hợp không đặt chỗ trước, nhà hàng xin phép được cáo lỗi nếu không thể phục vụ. - Không áp dụng đồng thời với các chương trình khuyến mãi khác. - Phiếu không có giá trị quy đổi thành tiền mặt, không trả lại tiền thừa. - Thanh toán online nhận ngay voucher điện tử.","523 đã mua","","2026-08-26T20:44:43.507854"
"www.hotdeal.vn","https://www.hotdeal.vn/ho-chi-minh/nha-hang-sang-trong/icon-saigon-cruise-set-menu-an-toi-ngam-canh-tren-du-thuyen-5-371311.html","ICON Saigon Cruise - Set Menu Ăn Tối, Ngắm Cảnh Trên Du Thuyền 5*","1500000","1125000","https://static.hotdeal.vn/images/1737/1736546/400x400/371311-icon-saigon-cruise-set-menu-an-toi-ngam-canh-tren-du-thuyen-5.jpg","- ICON Saigon Cruise - Biểu tượng mới trên sông Sài Gòn, nơi ẩm thực cao cấp hòa cùng âm nhạc, ánh sáng và khung cảnh lãng mạn. - Không gian đẳng cấp cho những buổi tối lộng lẫy và sự kiện riêng tư tuyệt vời. Với sức chứa lên đến 300 khách, ICON Saigon Cruise mang đến bầu không khí sang trọng, riêng biệt dành cho những bữa tối thịnh soạn hay những sự kiện quan trọng, nơi mọi khoảnh khắc đều được chăm chút tỉ mỉ. - Khu vực Skydeck ngoài trời lý tưởng để ngắm cảnh và lưu giữ những khoảnh khắc đẹp. - Khu vực Dining sử dụng lối kiến trúc hiện đại kết hợp cùng các ô cửa kính lớn tạo một không gian mở giúp quý khách vừa tận hưởng không gian thân mật vừa ngắm nhìn vẻ đẹp kiêu sa của thành phố. - Hành trình du ngoạn trên sông đưa bạn chiêm ngưỡng những công trình biểu tượng của TP.HCM như Bến Bạch Đằng, cầu Ba Son, cầu Thủ Thiêm và Landmark 81. - Thưởng thức Set Menu Dinner 4 món cao cấp được chế biến từ nguyên liệu tuyển chọn, trình bày tinh tế. + Khai vị hấp dẫn với Salad gà giòn sốt chanh dây và Soup tôm bí đỏ thơm béo. + Tự chọn 01 món chính: Cá hồi áp chảo đút lò hoặc Bò Mỹ nướng than, dùng kèm mì Ý và rau củ xào bơ tỏi. + Kết thúc bữa tối với Pudding xoài Cát Hòa Lộc, bột báng và kem béo nước dừa ngọt ngào, thanh mát. - Phù hợp cho các buổi hẹn hò lãng mạn, kỷ niệm, sinh nhật, gặp gỡ đối tác hoặc tận hưởng một buổi tối thư giãn bên người thân, bạn bè. - Tham khảo menu tại đây .","- Thời hạn sử dụng voucher: đến 30/12/2026. - Địa điểm sử dụng voucher: ICON Saigon Cruise - Địa chỉ đón khách: Cảng Hành khách Tàu biển – Cảng Sài Gòn , số 5 Nguyễn Tất Thành, phường Xóm Chiếu, TP.HCM. - Khách hàng mua voucher, liên hệ đặt chỗ và cung cấp mã e-voucher trước khi đến cho ICON theo số hotline duy nhất: 076 364 9988. - LỊCH TRÌNH HOẠT ĐỘNG CỦA TÀU: Giờ đón khách: 18:00; khách có mặt trước 19:00. Lịch tàu chạy hàng ngày trên sông Sài Gòn l 19:30 - 21:00 - Tất cả các ngày trong tuần. Lưu ý: Không hoàn trả hoặc dời ngày trong trường hợp Khách đến trễ so với giờ xuất bến. - Voucher áp dụng cho: Ăn tối theo các set menu cao cấp kết hợp du ngoạn, ngắm cảnh trên sông Sài Gòn trên du thuyền nhà hàng 5* ICON Saigon Cruise: Set menu dinner 4 món cao cấp bao gồm: (Menu tại đây ) 1/ Salad gà giòn với táo xanh, rau theo mùa, sốt chanh dây 2/ Soup tôm bí đỏ 3/ Món chính lựa chọn 1 trong 2 món: - Cá hồi áp chảo đút lò, xốt tiêu xanh Phú Quốc dùng kèm mỳ Ý và rau củ xào bơ tỏi - Bò Mỹ nướng than, xốt tiêu xanh Phú Quốc dùng kèm mỳ Ý và rau củ xào bơ tỏi 4/ Bánh Pudding xoài cát Hoà Lộc, bột báng kem béo nước dừa - Sử dụng 01 voucher/ 01 người. Giá đã bao gồm VAT và phí phụ vụ. - Phục vụ ở khu vực dining của du thuyền. - Không áp dụng đồng thời với các chương trình khuyến mãi khác và các thực đơn đặc biệt. - Vui lòng đặt bàn trước khi sử dụng dịch vụ. - Không áp dụng vào các ngày Lễ Tết hoặc những dịp đặc biệt. - ICON có quyền kiểm soát và quyết định các điều khoản và điều kiện này. - Thanh toán online nhận ngay voucher điện tử.","408 đã mua","","2026-08-26T20:44:45.960108"
"www.hotdeal.vn","https://www.hotdeal.vn/ho-chi-minh/buffet-viet-nhat-han/yuhua-le-van-sy-buffet-lau-dai-loan-hon-80-mon-nhung-371292.html","Yuhua Lê Văn Sỹ - Buffet Lẩu Đài Loan Hơn 80 Món Nhúng","249000","199000","https://static.hotdeal.vn/images/1736/1736347/400x400/371292-yuhua-le-van-sy-buffet-lau-dai-loan-hon-80-mon-nhung.jpg","- Nhà hàng Yuhua chuyên phục vụ buffet lẩu Đài Loan chạy chuyền trên thố với nhiều loại nước lẩu đặc sắc và nguyên liệu nhúng lẩu thượng hạng, rất thích hợp cho những ai muốn đổi vị hay muốn khám phá ẩm thực chuẩn vị xứ Đài. - Buffet lẩu Đài Loan – All In One với 6 vị lẩu cho bạn lựa chọn: Lẩu Malah Đài Loan/ Lẩu Beauty Yuhua/ Lẩu Nấm Trường Thọ/ Lẩu Tomyum/ Lẩu Thảo Mộc/ Lẩu Cà Chua. - Hơn 80 món nhúng đa dạng từ thịt bò Mỹ, bò Úc cao cấp, hải sản, các loại thịt thượng hạng, rau củ, thịt viên tươi ngon. - Nước lẩu thanh ngọt tự nhiên, kết hợp cùng các loại gia vị dậy mùi thơm đặc trưng của ẩm thực Đài Loan. - Nồi lẩu Yuhua gồm 2 ngăn đúng chất ẩm thực Đài Loan. Hai vị lẩu cay - không cay đối lập đem đến cho thực khách nhiều trải nghiệm hơn. - Các món tráng miệng cũng đa dạng không kém với nhiều loại kem, trái cây, chè, nước uống… - Không gian mang đậm phong cách thiết kế xứ Đài, vừa sang trọng, lãng mạn, vừa ngọt ngào, gần gũi, thích hợp cho việc tổ chức tiệc sinh nhật, liên hoan hay sum họp gia đình, bè bạn… - Tham khảo menu tại đây .","- Thời hạn sử dụng voucher: từ 18/07/2026 đến 18/10/2026. - Địa điểm sử dụng: Nhà hàng Yuhua - Buffet Lẩu Đài Loan: 291B Lê Văn Sỹ, Phường Tân Sơn Hòa, Tp.HCM. Hotline: 0929838238 hoặc 0559379985. - Fanpage: https://www.facebook.com/yuhuahotpot/ - Áp dụng cho: Buffet lẩu Đài Loan – All In One với 6 vị lẩu và hơn 80 món nhúng chạy chuyền trên thố gồm hải sản, bò Mỹ cao cấp, các loại thịt thượng hạng, gồm: + Khách hàng lựa chọn 1 đến 2 hương vị lẩu sau: Lẩu Malah Đài Loan/ Lẩu Beauty Yuhua/ Lẩu Nấm Trường Thọ/ Lẩu Tomyum/ Lẩu Thảo Mộc/ Lẩu Cà Chua. + Giá đã bao gồm quầy buffet line. + Các loại nước uống & tráng miệng không giới hạn thay đổi theo ngày (sâm bí đao, mía lau, Coca, Fanta, Sprite, kem, yaourt, bánh gato, chè, trái cây). - Tham khảo menu tại đây. 1/ Buffet lẩu trưa thứ 2 đến thứ 6 ưu đãi giảm chỉ còn 199.000đ (giá gốc 249.000đ). 2/ Buffet lẩu tối thứ 2 đến thứ 6 & cả ngày thứ 7, chủ nhật ưu đãi giảm chỉ còn 229.000đ (giá gốc 279.000đ). - Thời gian áp dụng (không áp dụng lễ): + Buffet trưa thứ 2 đến thứ 6: 11h – 16h + Buffet tối thứ 2 đến thứ 6 & cả ngày thứ 7, chủ nhật: 11h – 16h & 16h – 22h - Sử dụng 01 voucher/ 01 người/ 01 suất buffet (không bù tiền). Không giới hạn số lượng voucher/ hóa đơn. - Giá chưa bao gồm VAT. Nhà hàng luôn phụ thu VAT khi ra bill (theo đúng số tiền khách hàng mua trên voucher). - Đối với trẻ em: + Dưới 1m: Miễn phí + Từ 1m – dưới 1m3 đi kèm người lớn: Giảm 70% theo giá niêm yết, thanh toán trực tiếp tại nhà hàng + Từ 1m3 trở lên: tính như vé người lớn - Một khách hàng được mua nhiều phiếu. - Không áp dụng cho mua mang về. - Không áp dụng chung với các chương trình khuyến mãi khác tại nhà hàng. - Khách hàng vui lòng đặt chỗ trước khi đến để được phục vụ tốt nhất. - Phiếu không có giá trị quy đổi thành tiền mặt, không trả lại tiền thừa. - Thanh toán online nhận ngay voucher điện tử.","51 đã mua","","2026-08-26T20:44:48.001375"
"www.hotdeal.vn","https://www.hotdeal.vn/ho-chi-minh/buffet-chay/chay-garden-buffet-am-thuc-chay-trua-toi-370932.html","Chay Garden - Buffet Ẩm Thực Chay Trưa/ Tối","282366","254000","https://static.hotdeal.vn/images/1733/1733344/400x400/370932-chay-garden-buffet-am-thuc-chay-trua-toi.jpg","- Buffet chay tại Chay Garden không dành riêng cho người ăn chay mà dành cho tất cả ai muốn sống nhẹ, sống khỏe, sống vui. - Ba năm liên tiếp (2023, 2024, 2025), Chay Garden được cẩm nang ẩm thực nổi tiếng thế giới Michelin vinh danh trong danh sách Bib Gourmand - danh sách các nhà hàng được Michelin gợi ý, nổi bật với chất lượng món ăn tốt và giá cả phải chăng. - Ẩm thực chay tinh tế: Chay Garden không ngừng sáng tạo những món chay độc đáo, đa dạng chủ đề ẩm thực để mang đến trải nghiệm phong phú, đa dạng cho thực khách. - Nguồn nguyên liệu hữu cơ: Chay Garden lấy nguyên liệu món ăn từ những nguồn hữu cơ đáng tin cậy nhất để phục vụ thực khách những món chay ngon lành, tốt cho sức khỏe. - Trải nghiệm đa giác quan: Chất lượng món ăn luôn là ưu tiên hàng đầu của Chay Garden, cân bằng đủ đầy cho một nhịp sống hiện đại “Đắng – Chua – Ngọt – Cay – Mặn”, tạo ra món ngon bộc lộ hương vị và mỹ cảm chân thực nhất. - Phục vụ tận tình: Nhân viên được tuyển chọn kỹ và đào tạo chuyên nghiệp, mang cung cách phục vụ tận tình, chu đáo. - Yên bình cho tâm hồn: Không gian sân vườn xanh mát, tiếng nước chảy róc rách, ánh nắng dịu nhẹ len lỏi qua tán cây... tất cả tạo nên một bầu không khí tĩnh tại, giúp bạn gác lại mọi lo toan, tìm về sự an nhiên trong chính mình. - Tham khảo menu tại đây .","- Thời hạn sử dụng voucher: Đến 31/12/2026. - Địa điểm sử dụng voucher: Chay Garden Thảo Điền - 52 Xuân Thủy, P. Thảo Điền, Thành phố Thủ Đức, Thành phố Hồ Chí Minh. Hotline: 0898 855 667 - 0901 835 388. - Áp dụng cho: Buffet chay trưa và tối, đã bao gồm thức uống và tráng miệng tại Chay Garden - chi nhánh Thảo Điền (thương hiệu nhà hàng được cẩm nang ẩm thực nổi tiếng thế giới Michelin vinh danh 03 năm liên tiếp cho hạng mục Bib Gourmand 2023 - 2024 - 2025. + Buffet trưa (ngày thường) giá gốc 282.366 vnđ ưu đãi còn 254.000 vnđ. Thời gian phục vụ 11:00 - 14:00 (mỗi ngày). + Buffet tối (ngày thường) giá gốc 418.446 vnđ ưu đãi còn 377.000 vnđ. Thời gian phục vụ 18:00 - 21:00 (mỗi ngày). + Buffet trưa (ngày Lễ, Rằm) giá gốc 316.386 vnđ ưu đãi còn 285.000 vnđ. Thời gian phục vụ 11:00 - 14:00. + Buffet tối (ngày Lễ, Rằm) giá gốc 452.466 vnđ ưu đãi còn 407.000 vnđ. Thời gian phục vụ 18:00 - 21:00. - Tham khảo menu tại đây . - Sử dụng 01 voucher/ người lớn. - Giá vé buffet dành cho trẻ em: + Dưới 1m: Miễn phí + 1m - 1.3m: 50% giá người lớn + Trên 1.3m: Bằng giá người lớn - Giá trên đã bao gồm VAT và phí phục vụ. - Sử dụng 01 voucher/ 01 người (không bù thêm tiền). - Một khách hàng mua được nhiều voucher. - Quý khách vui lòng xuất trình phiếu trước khi dùng bữa và thanh toán phần phát sinh nếu có. - Lượng khách hàng có thể tăng mạnh trong ngày cao điểm, kính mời Quý khách vui lòng đặt bàn trước qua Hotline sự kiện 0898 855 667 để Chay Garden Thảo Điền được tiếp đón & phục vụ chu đáo nhất. - Không áp dụng đồng thời với các CT khuyến mãi khác, không mua mang về. - Phiếu không có giá trị quy đổi thành tiền mặt, không trả lại tiền thừa. - Thanh toán online nhận ngay voucher điện tử.","732 đã mua","","2026-08-26T20:44:51.068743"
"www.hotdeal.vn","https://www.hotdeal.vn/ho-chi-minh/buffet-sang-trong/du-thuyen-elite-of-saigon-premier-dining-cruise-5-buffet-toi-370736.html","Du Thuyền Elite of Saigon - Premier Dining Cruise 5* - Buffet Tối","2189000","2079000","https://static.hotdeal.vn/images/1732/1731796/400x400/370736-du-thuyen-elite-of-saigon-premier-dining-cruise-5-buffet-toi.jpg","- Tiệc buffet tối trên du thuyền Elite of Saigon không chỉ đơn thuần là bữa tối, đây còn là một trải nghiệm trọn vẹn về phong cách sống tinh tế, nơi thực khách được tận hưởng: - Không gian du thuyền sang trọng, đẳng cấp chuẩn 5 sao với view sông lãng mạn, ánh đèn lung linh về đêm. - Thực đơn buffet đa dạng, quy tụ hơn 40 món ăn đặc sắc từ Á đến Âu. - Nguyên liệu cao cấp, chế biến tinh tế bởi các đầu bếp chuyên nghiệp. - Âm nhạc nhẹ nhàng, phục vụ tận tâm, mang đến cảm giác thư giãn và đẳng cấp. - Voucher bao gồm: + Chương trình tham quan sông Sài Gòn + Thưởng thức buffet tối với hơn 40 món ăn đặc sắc + Free-flow (nước ngọt, nước hoa quả, mocktails... không bao gồm đồ uống có cồn) + Thưởng thức live music (piano, guitar, violon) tại tầng trệt & tầng thượng + Sử dụng bể bơi, sân golf + Miễn phí bánh & hoa cho sự kiện cá nhân như sinh nhật, cầu hôn, kiỷ niệm ngày cưới... + Nước hoa quả chào đón quý khách lên du thuyền + VAT và phí dịch vụ + Dịch vụ chỉ áp dụng cho chương trình buổi tối - Tham khảo menu tại đây .","- Thời hạn sử dụng voucher: từ 01/01/2026 đến 31/12/2026. - Địa điểm sử dụng voucher: Elite of Saigon - Premier Dining Cruise Xuất phát hàng ngày từ Cảng Sài Gòn tại số 05 Nguyễn Tất Thành, Phường 13, Quận 4, TP. Hồ Chí Minh. - Khách hàng mua voucher, liên hệ tư vấn và đặt chỗ theo: Hotline: 19006760. (Giờ làm việc: từ 8h30 đến 17h thứ 2 đến thứ 6; 8h30 đến 12h00 thứ 7 hàng tuần). Hoặc Inbox: https://www.facebook.com/Hotdeal.hochiminh/ - Voucher áp dụng cho: Buffet tối trên du thuyền. - Tham khảo menu tại đây . - Áp dụng tất cả các ngày trong tuần. - Lễ tết có phụ thu 20% giá bán. - KHÁCH ĐẶT CHỖ TRƯỚC ÍT NHẤT 3 TIẾNG TÀU CHẠY ĐỂ ĐẢM BẢO CÒN CHỖ. NẾU KHÁCH HÀNG KHÔNG LIÊN HỆ ĐẶT CHỖ TRƯỚC, TÀU TỪ CHỐI PHỤC VỤ. - Sử dụng 01 voucher/ 01 người lớn (không bù thêm tiền). - Chính sách trẻ em: • Miễn phí 01 trẻ em dưới 04 tuổi khi đi kèm 02 người lớn. • Trẻ em từ 04 đến dưới 11 tuổi tính 50% giá 01 người lớn. * Lưu ý: + Thời gian và lộ trình tàu chạy: • Giờ đón khách: 18:00 • Giờ khởi hành: 19:30 • Giờ cập bến: 22:00 - Nếu khách đến trễ, tàu không đợi và mất vé. Công ty không hoàn lại tiền. - BAO GỒM: + Chương trình tham quan sông Sài Gòn + Thưởng thức buffet tối với hơn 40 món ăn đặc sắc + Free-flow (nước ngọt, nước hoa quả, mocktails... không bao gồm đồ uống có cồn) + Thưởng thức live music (piano, guitar, violon) tại tầng trệt & tầng thượng + Sử dụng bể bơi, sân golf + Miễn phí bánh & hoa cho sự kiện cá nhân như sinh nhật, cầu hôn, kiỷ niệm ngày cưới... + Nước hoa quả chào đón quý khách lên du thuyền + VAT và phí dịch vụ + Dịch vụ chỉ áp dụng cho chương trình buổi tối - KHÔNG BAO GỒM: + Đồ uống và các chi phí cá nhân khác. - Không áp dụng đồng thời với các chương trình khuyến mãi khác. - Khách hàng có thể mua nhiều voucher để sử dụng hoặc tặng người thân hoặc bạn bè. - Khách hàng vui lòng liên hệ đặt chỗ sớm theo Hotline: 19006760. - Phiếu không có giá trị quy đổi thành tiền mặt, không hoàn trả tiền thừa. - Phụ thu lễ tết: 20% giá voucher. Giai đoạn Tết âm lịch sẽ được áp dụng phụ thu 20% trong 09 ngày nghỉ Tết Nguyên đán theo quy định của Nhà nước, từ ngày 14/02/2026 (tức ngày 27 tháng Chạp) đến hết ngày 22/02/2026 (tức mùng 6 Tết). - Thanh toán online nhận ngay voucher điện tử.","43 đã mua","","2026-08-26T20:44:53.114676"
"www.hotdeal.vn","https://www.hotdeal.vn/ho-chi-minh/buffet-sang-trong/buffet-ganh-bong-sen-am-thuc-3-mien-toi-ca-tuan-371299.html","Buffet Gánh Bông Sen - Ẩm Thực 3 Miền - Tối Cả Tuần","419000","379000","https://static.hotdeal.vn/images/1736/1736400/400x400/371299-buffet-ganh-bong-sen-am-thuc-3-mien-toi-ca-tuan.jpg","- Tọa lạc ngay tại tầng trệt khách sạn Bông Sen, nhà hàng chuyên về buffet Gánh mang đậm phong cách dân gian Việt Nam. - Những quầy thức ăn được sắp xếp và trưng bày lên những gióng gánh mang đậm hồn quê Việt Nam, thật giản dị, gần gũi mà vô cùng đẹp mắt, hấp dẫn. - Voucher áp dụng cho Buffet Gánh buổi tối với những món ăn đặc sắc, hấp dẫn tại Nhà hàng Gánh – Khách sạn Bông Sen. - Món ăn đa dạng phong phú thuần Việt, những món ăn ngon quen thuộc trong bữa cơm gia đình Việt. - Thực phẩm tươi ngon, được chọn lựa kỹ lưỡng, đảm bảo an toàn vệ sinh thực phẩm. - Đầu bếp chuyên nghiệp, giàu kinh nghiệm. Phục vụ nhiệt tình, thân thiện. - Tham khảo menu tại đây .","- Thời hạn sử dụng voucher: từ 22/07/2026 đến 22/10/2026. - Địa điểm sử dụng voucher: Buffet Gánh Bông Sen - Khách sạn Bông Sen - Tầng 1, 117 - 123 Đồng Khởi, Phường Sài Gòn, Tp. HCM. ĐT: (028) 3829 6239. Hotline: 0901 141 497. - Áp dụng cho: Buffet tối hải sản tại Gánh Bông Sen - Đồng Khởi. Bao gồm: Thức ăn & nước uống theo menu đính kèm tại đây. - Nước uống miễn phí bao gồm: Nước cam, nước sâm, trà đá, chè các loại. Nếu quý khách có nhu cầu sử dụng các loại nước uống khác, vui lòng order và thanh toán thêm tại nhà hàng. - Thời gian áp dụng: từ 18h - 21h tất cả các ngày trong tuần, kể cả lễ. - Voucher áp dụng vào tất cả các ngày Lễ, Tết, các chương trình đặc biệt và có phụ thu phí. Vui lòng liên hệ trực tiếp nhà hàng để biết thêm thông tin chi tiết (028) 3829 6239. Hotline: 0901 141 497. - Sử dụng 01 voucher/ 01 người lớn/ 01 lần (không bù thêm tiền). Không giới hạn số voucher/ hóa đơn. - Chính sách trẻ em: + Trẻ em dưới 1,3m: Phụ thu trực tiếp tại nhà hàng trên 50% giá niêm yết. + Trẻ em cao từ 1,3m trở lên: Tính như người lớn. - Phiếu đã bao gồm phí phục vụ & thuế VAT. Nhà hàng chịu trách nhiệm xuất hóa đơn tài chính theo giá bán voucher và giá trị dịch vụ sử dụng thực tế khi khách hàng yêu cầu. - Vui lòng không lãng phí và để thừa thức ăn, nhà hàng thu phí ở mức 20% trên giá voucher trong trường hợp để thừa nhiều thức ăn. - Khách hàng vui lòng liên hệ đặt bàn trước khi đến để được phục vụ tốt nhất (trường hợp khách hàng không đặt chỗ trước, nhà hàng sẽ không chịu trách nhiệm nếu có bất kỳ sai sót nào). - Không áp dụng đồng thời với các chương trình khuyến mãi khác. - Phiếu không có gía trị quy đổi thành tiền mặt, không trả lại tiền thừa. - Thanh toán online nhận ngay voucher điện tử.","1,411 đã mua","","2026-08-26T20:44:55.111241"
"www.hotdeal.vn","https://www.hotdeal.vn/ho-chi-minh/chieu-phim-va-kich/loaloa-show-hanh-trinh-am-thuc-va-nghe-thuat-buoi-trua-371330.html","LoaLoa Show - Hành Trình Ẩm Thực Và Nghệ Thuật - Buổi Trưa","1700000","1600000","https://static.hotdeal.vn/images/1737/1736821/400x400/371330-loaloa-show-hanh-trinh-am-thuc-va-nghe-thuat-buoi-trua.jpg","- LoaLoa Culture Dining Show – Cơ hội trải nghiệm văn hóa – nghệ thuật – ẩm thực trong cùng một chương trình. - Diễn ra tại Dinh Độc Lập, một trong những công trình mang tính biểu tượng của TP.HCM. - Thưởng thức thực đơn 8 món đặc sắc trong không gian nghệ thuật đầy tinh tế. - Mãn nhãn với 9 tiết mục nghệ thuật tái hiện tinh hoa văn hóa Việt bằng ngôn ngữ sân khấu hiện đại. - Lắng nghe những câu chuyện thú vị về di sản văn hóa Việt qua từng chi tiết. - Không gian sân khấu 360 độ, mang đến trải nghiệm đắm chìm và tương tác gần gũi với nghệ sĩ. - Chương trình được dàn dựng chỉn chu, mang đậm dấu ấn văn hóa Việt Nam. - Có hoạt động trải nghiệm, mặc trang phục truyền thống và lưu giữ những bức ảnh mang đậm dấu ấn văn hóa trước giờ diễn. - Phù hợp cho gia đình, du khách trong và ngoài nước, các cặp đôi và nhóm bạn. - Đặc biệt: Đối với suất chiếu buổi trưa sẽ được tặng thêm tặng vé tham quan Dinh Độc Lập trong ngày diễn ra show. - Chụp ảnh kỷ niệm, giao lưu cùng nghệ sĩ sau show.","- Thời hạn sử dụng voucher: đến 31/12/2026. - Địa điểm sử dụng voucher: Trung tâm Hội nghị Dinh Độc Lập – Số 108 Nguyễn Du, P. Bến Thành, Quận 1, TP.HCM. - Quý khách hàng mua voucher, liên hệ tư vấn và đặt chỗ theo Hotline: 19006760. (Giờ làm việc: từ 8h30 đến 17h thứ 2 đến thứ 6; 8h30 đến 12h00 thứ 7 hàng tuần). Hoặc Inbox: https://www.facebook.com/Hotdeal.hochiminh/ VOUCHER BAO GỒM: - Voucher áp dụng cho show diễn độc quyền về Hành Trình Ẩm Thực Và Nghệ Thuật Tại Dinh Độc Lập. - Hạng vé VIP - suất trưa giá gốc 1.700.000 VNĐ ưu đãi còn 1.600.000 VNĐ. + Giá vé VIP đã bao gồm: Góc nhìn toàn cảnh, trọn vẹn không gian sân khấu. - Hạng vé VVIP - suất trưa giá gốc 1.900.000 VNĐ ưu đãi còn 1.800.000 VNĐ + Giá vé VVIP đã bao gồm: Vị trí 2 hàng ghế đầu tiên gần sân khấu nhất với tầm nhìn trực diện, dễ dàng tương tác, cảm nhận trọn vẹn cảm xúc cùng nghệ sĩ. - Thời gian biểu diễn suất trưa: 12:00 – 13:30. - Ghế VVIP sẽ được đánh dấu bằng màu đỏ, ghế VIP sẽ được đánh dấu bằng màu xanh. - Đặc biệt: Đối với suất chiếu buổi trưa sẽ được tặng thêm tặng vé tham quan Dinh Độc Lập trong ngày diễn ra show. + Thực đơn 8 món phục vụ theo mạch diễn của các tiết mục. + Chụp ảnh kỷ niệm, giao lưu cùng nghệ sĩ sau show. + 100 phút trải nghiệm với 9 tiết mục nghệ thuật & thực đơn 8 món được phục vụ theo mạch trình diễn. - Vé trên đã bao gồm VAT. - Vé Show có giá trị sử dụng 01 lần. - Vé Show áp dụng cho khách hàng từ 10 tuổi trở lên, trẻ em dưới 10 tuổi không được vào khán phòng. - Vé Show đã bao gồm 01 bữa ăn trưa với thực đơn có sẵn. - Một (01) vé show chỉ dành cho 01 khách. KHÔNG BAO GỒM: - Đồ uống và các chi phí cá nhân khác. - Chưa bao gồm tiền thuê trang phục, nếu quý khách có nhu cầu vui thanh toán tại chỗ 300,000đ/khách/show. - Không áp dụng đồng thời với các chương trình khuyến mãi khác. - Khách hàng có thể mua nhiều voucher để sử dụng hoặc tặng người thân hoặc bạn bè. - Khách hàng vui lòng liên hệ đặt chỗ sớm theo Hotline: 19006760. - Phiếu không có giá trị quy đổi thành tiền mặt, không hoàn trả tiền thừa. - Phụ thu lễ tết. ĐIỀU KIỆN ĐỔI, HỦY VÀ HOÀN VÉ: - Không hỗ trợ đổi, hủy vé hoặc hoàn tiền sau khi đặt vé. Vì vậy, quý khách nên kiểm tra kỹ thông tin (ngày, giờ diễn, số lượng vé...) trước khi thanh toán.","8 đã mua","","2026-08-26T20:44:57.563418"
"www.hotdeal.vn","https://www.hotdeal.vn/ho-chi-minh/chieu-phim-va-kich/loaloa-show-hanh-trinh-am-thuc-va-nghe-thuat-buoi-toi-371331.html","LoaLoa Show - Hành Trình Ẩm Thực Và Nghệ Thuật - Buổi Tối","1700000","1600000","https://static.hotdeal.vn/images/1737/1736884/400x400/371331-loaloa-show-hanh-trinh-am-thuc-va-nghe-thuat-buoi-toi.jpg","- LoaLoa Culture Dining Show – Cơ hội trải nghiệm văn hóa – nghệ thuật – ẩm thực trong cùng một chương trình. - Chương trình buổi tối với chủ đề ""Đan Di Sản – Chạm Cảm Xúc"" kể câu chuyện văn hóa Việt bằng nghệ thuật trình diễn đương đại. - Hành trình khám phá văn hóa ba miền Bắc – Trung – Nam thông qua âm nhạc, múa, nghệ thuật truyền thống và công nghệ sân khấu hiện đại. - 08 món ẩm thực được phục vụ theo mạch chương trình, tạo nên trải nghiệm đa giác quan độc đáo. - Không gian sân khấu 360°, giúp khán giả tương tác gần gũi với nghệ sĩ và hòa mình vào từng màn trình diễn. - Tổ chức tại Dinh Độc Lập – biểu tượng lịch sử của TP.HCM, nơi quá khứ và hiện tại giao thoa trong một hành trình văn hóa giàu cảm xúc. - Chụp ảnh kỷ niệm, giao lưu cùng nghệ sĩ sau show.","- Thời hạn sử dụng voucher: đến 31/12/2026. - Địa điểm sử dụng voucher: Trung tâm Hội nghị Dinh Độc Lập – Số 108 Nguyễn Du, P. Bến Thành, Quận 1, TP.HCM. - Quý khách hàng mua voucher, liên hệ tư vấn và đặt chỗ theo Hotline: 19006760. (Giờ làm việc: từ 8h30 đến 17h thứ 2 đến thứ 6; 8h30 đến 12h00 thứ 7 hàng tuần). Hoặc Inbox: https://www.facebook.com/Hotdeal.hochiminh/ VOUCHER BAO GỒM: - Voucher áp dụng cho show diễn độc quyền về Hành Trình Ẩm Thực Và Nghệ Thuật Tại Dinh Độc Lập. - Hạng vé VIP - suất tối giá gốc 1.700.000 VNĐ ưu đãi còn 1.600.000 VNĐ. + Giá vé VIP đã bao gồm: Góc nhìn toàn cảnh, trọn vẹn không gian sân khấu. - Hạng vé VVIP - suất tối giá gốc 1.900.000 VNĐ ưu đãi còn 1.800.000 VNĐ. + Giá vé VVIP đã bao gồm: Vị trí 2 hàng ghế đầu tiên gần sân khấu nhất với tầm nhìn trực diện, dễ dàng tương tác, cảm nhận trọn vẹn cảm xúc cùng nghệ sĩ. - Thời gian biểu diễn suất tối: 19:00 – 20:30. - Ghế VVIP sẽ được đánh dấu bằng màu đỏ, ghế VIP sẽ được đánh dấu bằng màu xanh. + Thực đơn 8 món phục vụ theo mạch diễn của các tiết mục. + Chụp ảnh kỷ niệm, giao lưu cùng nghệ sĩ sau show. + 100 phút trải nghiệm với 9 tiết mục nghệ thuật & thực đơn 8 món được phục vụ theo mạch trình diễn. - Vé trên đã bao gồm VAT. - Vé Show có giá trị sử dụng 01 lần. - Vé Show áp dụng cho khách hàng từ 10 tuổi trở lên, trẻ em dưới 10 tuổi không được vào khán phòng. - Vé Show đã bao gồm 01 bữa ăn tối với thực đơn có sẵn. - Môt (01) vé show chỉ dành cho 01 khách. KHÔNG BAO GỒM: - Đồ uống và các chi phí cá nhân khác. - Chưa bao gồm tiền thuê trang phục, nếu quý khách có nhu cầu vui thanh toán tại chỗ 300,000đ/khách/show - Không áp dụng đồng thời với các chương trình khuyến mãi khác. - Khách hàng có thể mua nhiều voucher để sử dụng hoặc tặng người thân hoặc bạn bè. - Khách hàng vui lòng liên hệ đặt chỗ sớm theo Hotline: 19006760. - Phiếu không có giá trị quy đổi thành tiền mặt, không hoàn trả tiền thừa. - Phụ thu lễ tết. ĐIỀU KIỆN ĐỔI, HỦY VÀ HOÀN VÉ - Không hỗ trợ đổi, hủy vé hoặc hoàn tiền sau khi đặt vé. Vì vậy, quý khách nên kiểm tra kỹ thông tin (ngày, giờ diễn, số lượng vé...) trước khi thanh toán.","9 đã mua","","2026-08-26T20:44:59.773366"
"www.hotdeal.vn","https://www.hotdeal.vn/ho-chi-minh/nha-hang-sang-trong/towa-japanese-cuisine-tang-28-sedona-suites-cua-long-kegani-cho-2-nguoi-371315.html","Towa Japanese Cuisine Tầng 28 Sedona Suites - Cua Lông Kegani Cho 2 Người","2788000","1800000","https://static.hotdeal.vn/images/1737/1736646/400x400/371315-towa-japanese-cuisine-tang-28-sedona-suites-cua-long-kegani-cho-2-nguoi.jpg","- Thưởng thức 01 con Cua Lông Cao Cấp Nhật Bản Kegani 600g, chế biến thành 02 món dành cho 02 người tại Towa Japanese Cuisine & Louge - Tầng 28 Sedona Suites. - Trải nghiệm một trong những đặc sản trứ danh của Nhật Bản, nổi bật với thịt cua ngọt chắc và gạch cua béo ngậy. - Thực đơn gồm 2 trong 3 món: Trứng hấp, Cơm trứng, Cua đút lò phô mai. - Tận hưởng không gian sang trọng tại Towa Japanese Cuisine & Lounge trên tầng 28 Sedona Suites. - Ngắm toàn cảnh Sài Gòn lung linh về đêm từ độ cao lý tưởng. - Thích hợp cho hẹn hò, kỷ niệm ngày đặc biệt hoặc trải nghiệm ẩm thực cao cấp dành cho hai người.","- Thời hạn sử dụng voucher: từ 31/07/2026 đến 31/07/2027. - Địa điểm sử dụng voucher: Towa Japanese Cuisine & Louge - Tầng 28 Sedona Suites (Bên cạnh Sài Gòn Center) 92-94 Nam Kỳ Khởi Nghĩa, Phường Sài Gòn, TP. Hồ Chí Minh. - Khách hàng mua voucher Hotdeal, vui lòng liên hệ đặt chỗ trước 24 giờ khi đến theo số hotline: 0903 116 038. - Việc đặt bàn phụ thuộc vào tình trạng chỗ trống và khả năng phục vụ của nhà hàng. - Voucher áp dụng cho 1 Con Cua Lông Cao Cấp Nhật Bản Kegani 600gr (2 món cho 2 người) - Ngắm trọn view Sài Gòn về đêm từ tầng 28. - Lựa chọn các cách chế biến: 1/ Trứng hấp 2/ Cơm trứng 3/ Cua đút lò phô mai - Thời gian phục vụ: Mỗi ngày 11h30-22h00 l Last order 21h45 - Sử dụng 01 voucher/ 2 người. Giá đã bao gồm VAT và phí phục vụ. - Khách hàng phải xuất trình mã voucher hợp lệ trước khi sử dụng dịch vụ. - Mỗi voucher chỉ được sử dụng một lần, cho một bàn và một hóa đơn. - Voucher không được quy đổi thành tiền mặt, không hoàn lại tiền thừa và không dùng để mua voucher hoặc thẻ - Không áp dụng đồng thời với MBS Card, ưu đãi thành viên, chiết khấu 15%, voucher tiền mặt hoặc chương trình khuyến mãi khác. - Không tách bàn, gộp bàn hoặc tách hóa đơn nhằm sử dụng nhiều ưu đãi cho cùng một nhóm khách. - Phần phát sinh ngoài nội dung voucher được thanh toán theo giá niêm yết hiện hành của nhà hàng. - Voucher không áp dụng vào ngày lễ, Tết và các dịp đặc biệt theo thông báo của nhà hàng (1/1, 14/2, 8/3, 30/4, 1/5, 1/6, 2/9, 24/12, 31/12). - Hình ảnh món ăn chỉ mang tính chất minh họa. Một số nguyên liệu có thể được thay thế bằng sản phẩm có giá trị tương đương khi cần thiết. - Khách hàng vui lòng thông báo trước về dị ứng thực phẩm hoặc yêu cầu ăn uống đặc biệt. Nhà hàng sẽ hỗ trợ trong phạm vi có thể. - Thanh toán online nhận ngay voucher điện tử.","13 đã mua","","2026-08-26T20:45:01.720038"
"www.hotdeal.vn","https://www.hotdeal.vn/ho-chi-minh/nha-hang-sang-trong/renaissance-riverside-buffet-tom-hum-hai-san-ruou-vang-371176.html","Renaissance Riverside - Buffet Tôm Hùm, Hải Sản, Rượu Vang","1530900","995000","https://static.hotdeal.vn/images/1736/1736222/400x400/371176-renaissance-riverside-buffet-tom-hum-hai-san-ruou-vang.jpg","- Với vị thế cực đắc địa - nằm nép mình bên dòng sông Sài Gòn, Việt Kitchen – Renaissance Riverside Hotel Saigon 5*, thuộc tập đoàn Marriott là một trong những nhà hàng buffet cao cấp, nổi tiếng nhất nhì Sài Gòn. Thực khách sẽ vừa được thưởng thức các món ăn đẳng cấp 5 sao, vừa được thả hồn theo dòng xe xuôi ngược và chiêm ngưỡng nét thơ mộng của con sông chảy ngang thành phố. - Nhà hàng Việt Kitchen được thiết kế dựa trên ý tưởng phối hợp giữa tính đương đại gắn kết âm hưởng địa phương, không gian nhà hàng được sắp xếp hài hòa, ấm cúng nhưng vẫn riêng tư mà thân mật, ấm cúng bởi gam màu nhã nhặn cùng những vật phẩm trang trí mang chút hơi hướng cổ điển. * Đến với tiệc buffet tôm hùm, hải sản thượng hạng tại nhà hàng Việt Kitchen, thực khách được: - Thưởng thức tôm hùm Nha Trang không giới hạn cùng nhiều loại hải sản cao cấp. - Quầy hải sản trên thuyền với cua biển, tôm sông, cá hồi tươi ngon. - Các món đặc sắc: tôm hùm Thermidor, tôm hùm nớng bơ tỏi, hàu Rockefeller, bào ngư áp chảo. - Quầy sushi, sashimi và hàu tươi hấp dẫn. - Quầy live station với sò điệp Hokkaido áp chảo và miến xào thịt cua xốt X.O. - Thưởng thức rượu vang kết hợp cùng hải sản cao cấp. - Hơn 20 món tráng miệng, bánh ngọt, kem và trái cây theo mùa. - Không gian sang trọng chuẩn 5 sao bên sông Sài Gòn, lý tưởng cho các buổi tiệc cuối tuần. - Tham khảo menu tại đây .","- Thời hạn sử dụng voucher: từ 09/06/2026 đến 09/09/2026. - Địa chỉ sử dụng voucher: Viet Kitchen - Tầng Trệt, Renaissance Riverside Hotel Saigon: Số 8-15 Tôn Đức Thắng, Phường Sài Gòn, Tp.HCM. Điện thoại: (028) 3822 0033 - Ext: 2309. - Áp dụng cho: · SKU 1: Buffet tôm hùm, hải sản thượng hạng không giới hạn hàu, cua, sashimi,… tươi ngon, thượng hạng bao gồm thức uống soft drink, trà, café. Tham khảo menu tại đây . Giá gốc: 1.530.900 vnđ ưu đãi còn 995.000 vnđ. · SKU 2: Buffet tôm hùm, hải sản thượng hạng không giới hạn hàu, cua, sashimi,… tươi ngon, thượng hạng. Không giới hạn thức uống: rượu vang, bia, soft drink, trà, cafe. Tham khảo menu tại đây . Giá gốc: 1.820.000 vnđ ưu đãi còn 1.183.000 vnđ. - Thời gian áp dụng: 18h - 22h các ngày thứ 6, thứ 7 hàng tuần. Đối với các dịp đặc biệt hoặc Lễ Tết, khách hàng cần trả thêm phần phí chênh lệch tại nhà hàng để sử dụng voucher (liên hệ nhà hàng để biết mức phí chênh lệch của ngày cần sử dụng). - Sử dụng 01 voucher/ 01 người (không bù tiền). Không giới hạn số lượng voucher/ hóa đơn. - Khách hàng vui lòng trả phụ thu khi nhà hàng tổ chức các chương trình khuyến mãi và Lễ hội ẩm thực đặc biệt. - Chính sách cho trẻ em: · Trẻ em dưới 3 tuổi được miễn phí (mỗi khách được kèm tối đa 1 bé). · Từ 4 - 11 tuổi: Tính trực tiếp 50% giá vé niêm yết người lớn tại nhà hàng (hoặc 2 bé sử dụng 1 voucher). · Từ 12 tuổi trở lên: Tính 01 voucher như người lớn. - Áp dụng ăn tại chỗ. Không áp dụng cho mang về. - Giá đã bao gồm VAT và phí phục vụ. Nhà hàng chịu trách nhiệm xuất hóa đơn khi khách hàng yêu cầu. - Khách hàng vui lòng xuất trình voucher trước khi sử dụng dịch vụ. - Khách hàng vui lòng đặt chỗ trước khi đến nhà hàng dùng bữa. Nhà hàng không đảm bảo chỗ ngồi cho khách khi nhà hàng đã hết chỗ, cũng như khách đến mà không đặt chỗ trước. - Nhà hàng có quyền từ chối việc đặt bàn dựa vào tình hình booking thực tế của nhà hàng. - Không áp dụng đồng thời với các chương trình khuyến mãi, giảm giá hoặc voucher khác. - Không có giá trị quy đổi thành tiền, không hoàn trả tiền thừa. - Thanh toán online nhận ngay voucher điện tử.","1,247 đã mua","","2026-08-26T20:45:03.982146"
"www.hotdeal.vn","https://www.hotdeal.vn/ho-chi-minh/buffet-viet-nhat-han/buffet-ganh-que-huong-liberty-am-thuc-3-mien-trua-ca-tuan-371023.html","Buffet Gánh Quê Hương Liberty - Ẩm Thực 3 Miền - Trưa Cả Tuần","299000","259000","https://static.hotdeal.vn/images/1734/1734036/400x400/371023-buffet-ganh-que-huong-liberty-am-thuc-3-mien-trua-ca-tuan.jpg","- Nhà hàng Buffet Gánh Quê Hương - Lầu 9 Khách sạn Liberty Saigon Parkview là thương hiệu gắn liền với phong cách ẩm thực đa dạng gồm nhiều món Á - Âu - Việt, được nhiều thực khách sành ăn uống ưa chuộng. - Nhà hàng nằm tại khi trung tâm thành phố, với nhiều hàng quán ăn uống và các loại hình vui chơi giải trí sôi động, thích hợp là điểm hẹn cuối tuần cho gia đình, nhóm bạn. - Buffet Gánh là sự tuyển chọn những món ăn mang trọn hồn vị Bắc - Trung - Nam. Tại đây, không chỉ đơn thuần là bữa ăn tròn vị, mà còn là hành trình gợi nhớ quê nhà. - Hơn 50 món ăn được được chế biến tỉ mỉ từ nguyên liệu tươi, sạch, đậm đà bản sắc Việt. Từ món mặn dân dã như bánh xèo, canh chua, cho đến món ngọt thân thuộc như đậu hũ, bánh chuối cốt dừa,... hứa hẹn sẽ mang đến trải nghiệm vị giác đầy cảm xúc. - Nhà hàng được thiết kế tinh tế với ánh đèn dịu nhẹ, nội thất từ tre, gỗ gợi nhớ mái nhà xưa, tất cả tạo nên bữa tiệc buffet đậm chất Việt. - Đội ngũ nhân viên chuyên nghiệp, phục vụ nhiệt tình, chu đáo. - Có bãi giữ xe máy ngay trong khuôn viên nhà hàng - khách sạn. - Tham khảo menu tại đây .","- Thời hạn sử dụng voucher: đến 31/12/2026. - Địa điểm sử dụng voucher: Nhà hàng level 9 - Khách sạn Liberty Park View – 265 Phạm Ngũ Lão, Phường Bến Thành, TP.HCM - Điện thoại: 0853 265 265 - 039 949 2410 - (028) 3836 5172. - Áp dụng cho: Buffet Gánh 3 miền vào tất cả các buổi trưa trong tuần tại khách sạn Liberty Saigon Parkview - Bao gồm: Thức ăn & nước uống theo menu đính kèm tại đây . - Nước uống miễn phí bao gồm: Nước cam, nước sâm, trà đá, chè các loại. Nếu quý khách có nhu cầu sử dụng các loại nước uống khác, vui lòng order và thanh toán thêm tại nhà hàng. - Thời gian áp dụng: 11h – 14h tất cả các ngày trong tuần. - Phụ thu ngày Lễ phụ thu: 60.000 vnđ/ voucher. - Sử dụng 01 voucher/ 01 người lớn/ 01 lần (không bù thêm tiền). Không giới hạn số voucher/ hóa đơn. - Chính sách trẻ em: + Trẻ em dưới 1m: Miễn phí + Trẻ em từ 1m - 1m3: Phụ thu trực tiếp tại nhà hàng: 149.000 vnđ/ 01 bé + Trẻ em cao từ 1,3m trở lên: sử dụng voucher như người lớn. - Giá trên đã bao gồm VAT và phí phục vụ. Nhà hàng Level 9 chịu trách nhiệm xuất hóa đơn trên giá bán voucher và chi phí phát sinh (nếu có) khi khách hàng yêu cầu. - Khách hàng vui lòng liên hệ đặt bàn trước khi đến (trường hợp khách hàng không đặt chỗ trước, nhà hàng sẽ không chịu trách nhiệm nếu có bất kỳ sai sót nào). - Không áp dụng đồng thời với các chương trình khuyến mãi khác. - Phiếu không có giá trị quy đổi thành tiền mặt, không trả lại tiền thừa. - Thanh toán online nhận ngay voucher điện tử.","403 đã mua","","2026-08-26T20:45:06.070116"
"www.hotdeal.vn","https://www.hotdeal.vn/ho-chi-minh/buffet-viet-nhat-han/an-duoc-phuc-buffet-nuong-lau-hon-90-mon-hai-san-bo-my-370971.html","Ăn Được Phúc - Buffet Nướng Lẩu Hơn 90 Món Hải Sản, Bò Mỹ","279000","249000","https://static.hotdeal.vn/images/1734/1733602/400x400/370971-an-duoc-phuc-buffet-nuong-lau-hon-90-mon-hai-san-bo-my.jpg","- Ăn Được Phúc - Ăn ngon miệng là một niềm hạnh phúc! - Ăn Được Phúc - thiên đường nướng và lẩu mang phong vị chuẩn Ma Cao. - Ăn Được Phúc mang đến một sự kết hợp song hành của nồi lẩu nghi ngút khói thơm nồng và tiếng xì xèo từ vỉ nướng đầy lôi cuốn. - Các loại thịt được nhập khẩu an toàn, các món quà hải sản tươi ngon của đại dương, cùng những loại rau nấm tự nhiên tươi mát góp phần làm cho bữa ăn của bạn thêm hạnh phúc. - Đến với Ăn Được Phúc, bạn sẽ cảm nhận được hạnh phúc lan tỏa khi chia sẻ bữa ăn bên những người mình yêu thương. - Không gian ẩm thực tinh tế và sang trọng, đậm chất Trung Hoa. - Đội ngũ nhân viên trẻ trung, năng động, chu đáo, tận tình. - Voucher áp dụng cho Buffet nướng lẩu hải sản, bò Mỹ không giới hạn - Free quầy line. 1/ Buffet Nướng Lẩu trưa thứ 2 đến chủ nhật ưu đãi giảm chỉ còn 249,000đ (giá gốc 279,000đ). 2/ Buffet Nướng Lẩu tối thứ 2 đến thứ 6 ưu đãi giảm chỉ còn 299,000đ (giá gốc 339,000đ). - Tham khảo menu tại đây .","- Thời hạn sử dụng voucher: từ 16/03/2026 đến 16/09/2026. - Địa điểm sử dụng voucher: Ăn Được Phúc: Số 179 Phan Xích Long, Phường Cầu Kiệu, Tp.HCM. Hotline: 081 258 4448 - (028) 3535 4949. - Fanpage: https://www.facebook.com/anduocphuc - Áp dụng cho: Buffet nướng lẩu hải sản, bò Mỹ không giới hạn - Free quầy line. Tham khảo menu tại đây . - Khách hàng lựa chọn 2 hương vị lẩu sau: Lẩu cay Ma Cao/ Lẩu nấm/ Lẩu Collagen/ Lẩu Tomyum. 1/ Buffet Nướng Lẩu trưa thứ 2 đến chủ nhật ưu đãi giảm chỉ còn 249,000đ (giá gốc 279,000đ). 2/ Buffet Nướng Lẩu tối thứ 2 đến thứ 6 ưu đãi giảm chỉ còn 299,000đ (giá gốc 339,000đ). - Thời gian áp dụng (không áp dụng tối Thứ 7, Chủ Nhật và các ngày Lễ): + Buffet trưa Thứ 2 – Chủ nhật: 11h – 16h + Buffet tối Thứ 2 – Thứ 6: 17h – 22h - Sử dụng 01 voucher/ 01 người. Nhà hàng phục vụ tối thiểu 02 voucher/ 01 lần. - Giá chưa bao gồm VAT và nước uống. Nhà hàng luôn phụ thu VAT theo luật hiện hành khi ra bill (theo đúng số tiền khách hàng mua trên voucher). - Chính sách cho trẻ em: + Dưới 1m: Miễn phí + Từ 1m đến 1,3m: Thanh toán tại nhà hàng 50% giá vé + Trên 1,3m: Tính như người lớn - Không áp dụng mang về. - Mỗi khách hàng mua nhiều phiếu để sử dụng, tặng người thân hoặc bạn bè. - Khách hàng vui lòng đặt chỗ trước khi đến để được phục vụ tốt nhất qua các hotline chi nhánh. Trường hợp không đặt chỗ trước hoặc không còn chỗ trống nhà hàng xin cáo lỗi và hẹn phục vụ khách hàng vào thời điểm khác. - Không áp dụng đồng thời với các chương trình khuyến mãi khác. - Phiếu không có giá trị quy đổi thành tiền mặt, không trả lại tiền thừa. - Thanh toán online nhận ngay voucher điện tử.","1,715 đã mua","","2026-08-26T20:45:08.286210"
"www.hotdeal.vn","https://www.hotdeal.vn/ho-chi-minh/nha-hang-au/ham-ruou-the-aumy-wine-cellar-set-menu-lang-man-cho-2-nguoi-371290.html","Hầm Rượu The Aumy Wine Cellar - Set Menu Lãng Mạn Cho 2 Người","930000","295000","https://static.hotdeal.vn/images/1736/1736330/400x400/371290-ham-ruou-the-aumy-wine-cellar-set-menu-lang-man-cho-2-nguoi.jpg","- Set menu đẳng cấp 5 sao dành cho 2 người tại Hầm rượu The Aumy Wine Cellar là lựa chọn lý tưởng để bạn và người thương tận hưởng một buổi hẹn hò ấm áp, lãng mạn. - The Aumy Wine Cellar là hầm rượu cổ duy nhất tại Sài Gòn. Đến đây, bạn có thể thỏa sức thưởng thức những loại vang thượng hạng đến từ các nước phương Tây như Pháp, Ý, Mỹ, Tây Ban Nha, Bồ Đào Nha, Đức, Nga,… cùng những món ăn đặc sắc được chế biến bởi Bếp trưởng 5 sao. - Không gian giải trí sành điệu, lãng mạn, sang trọng, thích hợp là nơi thư giãn, hẹn hò, gặp mặt lý tưởng cho tất cả mọi người. - Hầm rượu The Aumy Wine Cellar luôn duy trì được nhiệt độ mát 24/24 và ánh sáng nhạt, tạo điều kiện bảo quản tốt nhất cho những chai vang đắt tiền. - Hầm rượu The Aumy Wine Cellar nằm ngay trung tâm Quận 1, thuận tiện đi lại.","- Thời hạn sử dụng voucher: từ 17/07/2026 đến 17/10/2026. - Địa điểm áp dụng voucher: Hầm rượu Aum Wincellar - 06 Hồ Tùng Mậu, Phường Sài Gòn, Tp.HCM. Hotline: 090 2575550. - Áp dụng Set menu sang chảnh dành cho 2 người tại Hầm rượu Aum Wincellar. + Đầu cá hồi Canada nướng 0.5kg + Pate gan ngỗng + bánh mì baguette cắt lát + Soup bò rau củ + Đùi gà nướng phô mai dê 300gr + Salad dầu giấm + Rượu vang 2 ly (có thể đổi thức uống khác tương đương) - Thời gian áp dụng: 10h - 22h, tất cả các ngày trong tuần, kể cả Lễ. - Áp dụng 01 voucher/ 01 set/ 02 khách (không bù tiền). - Không áp dụng phòng riêng. - Chỉ áp dụng tại chỗ, không áp dụng mua mang về. - Giá chưa bao gồm 8% VAT, nhà hàng luôn xuất hóa đơn VAT khi ra bill. Khách hàng thanh toán VAT tại nhà hàng. - Một khách hàng có thể mua nhiều phiếu. - Khách hàng liên hệ đặt chỗ trước khi đến để được phục vụ tốt nhất. - Không áp dụng đồng thời với các chương trình khuyến mãi khác. - Phiếu không có giá trị quy đổi thành tiền mặt, không trả lại tiền thừa. - Thanh toán online nhận ngay voucher điện tử.","13 đã mua","","2026-08-26T20:45:10.527918"
"www.hotdeal.vn","https://www.hotdeal.vn/ho-chi-minh/buffet-viet-nhat-han/hoang-yen-vn-cuisine-trong-com-chao-ca-voucher-200k-giam-10-371174.html","Hoàng Yến VN Cuisine, Trống Cơm, Chảo Cá - Voucher 200K Giảm 10%","200000","180000","https://static.hotdeal.vn/images/1736/1735654/400x400/371174-hoang-yen-vn-cuisine-trong-com-chao-ca-voucher-200k-giam-10.jpg","- Ưu đãi giảm ngay 10% tổng hóa đơn khi sử dụng Voucher 200.000Đ tại hệ thống Hoàng Yến Group. - Thưởng thức ẩm thực tại 3 thương hiệu nổi tiếng: Trống Cơm, Chảo Cá và Hoàng Yến Cuisine – mỗi thương hiệu mang một phong cách riêng, đáp ứng đa dạng nhu cầu từ bữa cơm gia đình thân mật đến những buổi gặp gỡ sang trọng. - Trống Cơm tái hiện hương vị cơm nhà Việt Nam với những món ăn ba miền quen thuộc như bún riêu, bánh canh tôm càng, cá lăng chuối đậu, lẩu khế cá lăng... trong không gian mang đậm nét văn hóa làng quê Việt. - Chảo Cá là thiên đường dành cho tín đồ yêu thích các món cá và đặc sản sông nước với những món trứ danh như chả cá Lã Vọng, cá lăng quay da giòn, lẩu măng chua cá lăng, cá lóc cuộn lá lốt... được chế biến từ nguồn nguyên liệu tươi ngon tuyển chọn. - Hoàng Yến Cuisine mang đến hành trình khám phá tinh hoa ẩm thực Việt được nâng tầm với các món nổi tiếng như miến cua tay cầm, cơm hấp lá sen, chả mực Hạ Long, tôm càng kho tàu cùng nhiều đặc sản ba miền được chế biến tinh tế. - Thích hợp cho các buổi họp mặt gia đình, gặp gỡ bạn bè, tiếp khách hoặc tổ chức các dịp đặc biệt. - Không gian sang trọng, dịch vụ chuyên nghiệp, món ăn được chế biến từ nguồn nguyên liệu chất lượng. - Hơn 40 năm gìn giữ và phát triển giá trị ẩm thực Việt, Hoàng Yến Group là điểm đến được nhiều thực khách trong và ngoài nước yêu thích. - Cơ hội trải nghiệm những món ăn đặc sắc của ba thương hiệu nổi tiếng với chi phí tiết kiệm hơn nhờ voucher ưu đãi hấp dẫn. - Tham khảo menu tại đây: Trống Cơm , Chảo Cá , Hoàng Yến Cuisine","- Khách hàng buộc phải xuất trình e-voucher trước khi sử dụng dịch vụ. - Khách hàng vui lòng đặt chỗ trước khi đến để được phục vụ tốt nhất. Nhà hàng không bảo đảm chỗ ngồi cho khách nếu không đặt chỗ trước. - Thời hạn sử dụng voucher: từ 29/06/2026 đến 29/09/2026. - Địa điểm sử dụng voucher: Hệ Thống Hoàng Yến Group 1/ Hệ thống Hoàng Yến Cuisine (HYC) · Chi nhánh 1: HYC Hai Bà Trưng - 148 Hai Bà Trưng, Phường Tân Định, Quận 1, TP.HCM — Hotline: 1900 234 550 · Chi nhánh 2: HYC Ngô Đức Kế - 7-9 Ngô Đức Kế, Phường Bến Nghé, Quận 1, TP.HCM — Hotline: 1900 234 550 · Chi nhánh 3: HYC Hồ Bán Nguyệt - Lô CR1-12, 103 Tôn Dật Tiên, Phường Tân Phú, Quận 7, TP.HCM — Hotline: 1900 234 550 2/ Hệ thống Chảo Cá (CHA) · Chi nhánh 4: CHA Vincom Thảo Điền - Tầng 5, Vincom Mega Mall Thảo Điền, 161 Võ Nguyên Giáp, Phường Thảo Điền, TP. Thủ Đức — Hotline: 1900 234 550 hoặc 0868 800 180 · Chi nhánh 5: CHA Vạn Hạnh Mall - Tầng 5, Vạn Hạnh Mall, 11 Sư Vạn Hạnh, Phường 12, Quận 10, TP.HCM — Hotline: 1900 234 550 hoặc 0868 800 180 · Chi nhánh 6: CHA Crescent Mall - Tầng 5, Crescent Mall, 101 Tôn Dật Tiên, Phường Tân Phú, Quận 7, TP.HCM — Hotline: 1900 234 550 hoặc 0868 800 180 3/ Hệ thống Trống Cơm (TRC) · Chi nhánh 7: TRC Vincom Thảo Điền - Tầng 5, Vincom Mega Mall Thảo Điền, 161 Võ Nguyên Giáp, Phường Thảo Điền, TP. Thủ Đức — Hotline: 1900 234 550 hoặc 0868 800 160 · Chi nhánh 8: TRC Vạn Hạnh Mall - Tầng 5, Vạn Hạnh Mall, 11 Sư Vạn Hạnh, Phường 12, Quận 10, TP.HCM — Hotline: 1900 234 550 hoặc 0868 800 160 · Chi nhánh 9: TRC Crescent Mall - Tầng 5, Crescent Mall, 101 Tôn Dật Tiên, Phường Tân Phú, Quận 7, TP.HCM — Hotline: 1900 234 550 hoặc 0868 800 160 - Thời gian áp dụng: từ 10h - 22h từ thứ 2 đến thứ 6, không áp dụng Lễ, Tết và các ngày đặc biệt của nhà hàng. - Chỉ áp dụng khi khách sử dụng dịch vụ tại nhà hàng . - Sử dụng 01 voucher/ 01 người (không bù tiền). Áp dụng giới hạn tối đa 02 voucher/ 01 bill thanh toán. - Áp dụng ăn tại chỗ. Không áp dụng cho mang về. - Đã bao gồm VAT và phí phục vụ. Nhà hàng có trách nhiệm xuất hóa đơn khi khách hàng yêu cầu. - Một khách hàng có thể mua nhiều phiếu. - Không áp dụng đồng thời với các chương trình khuyến mãi, giảm giá hoặc voucher khác. - Không có giá trị quy đổi thành tiền, không hoàn trả tiền thừa. - Thanh toán online nhận ngay voucher điện tử.","343 đã mua","","2026-08-26T20:45:12.586665"
"www.hotdeal.vn","https://www.hotdeal.vn/ho-chi-minh/buffet-sang-trong/buffet-ganh-bong-sen-am-thuc-3-mien-trua-ca-tuan-371298.html","Buffet Gánh Bông Sen - Ẩm Thực 3 Miền - Trưa Cả Tuần","299000","259000","https://static.hotdeal.vn/images/1736/1736387/400x400/371298-buffet-ganh-bong-sen-am-thuc-3-mien-trua-ca-tuan.jpg","- Nhà hàng tọa lạc ngay tại tầng 1 Khách sạn Bông Sen, chuyên về Buffet Gánh mang đậm phong cách dân gian Việt Nam. - Thiết kế theo phong cách Việt, hài hòa, tinh tế giữa sự sang trọng của những bộ bàn ghế gỗ, ánh đèn vàng ấm cúng và những hình ảnh mang nét đẹp làng quê mộc mạc, thân thương. - Voucher áp dụng cho Buffet Gánh buổi trưa với hơn 50 món ăn đặc sắc tại Nhà hàng Gánh - Khách sạn Bông Sen. - Món ăn đa dạng, đều là những thể loại quen thuộc trong bữa cơm gia đình Việt 3 miền. - Thực phẩm tươi ngon, được chọn lựa kỹ lưỡng, đảm bảo an toàn vệ sinh thực phẩm. - Đầu bếp chuyên nghiệp, giàu kinh nghiệm. Phục vụ nhiệt tình, thân thiện. - Tham khảo menu tại đây .","- Thời hạn sử dụng voucher: từ 22/07/2026 đến 22/10/2026. - Địa điểm sử dụng voucher: Buffet Gánh Bông Sen - Khách sạn Bông Sen - Tầng 1, 117 - 123 Đồng Khởi, Phường Sài Gòn, Tp. HCM. ĐT: (028) 3829 6239. Hotline: 0901 141 497. - Áp dụng cho: Buffet Gánh 3 miền buổi trưa tại Khách sạn Bông Sen. Bao gồm: Thức ăn & nước uống theo menu đính kèm tại đây . - Nước uống miễn phí bao gồm: Nước cam, nước sâm, trà đá, chè các loại. Nếu quý khách có nhu cầu sử dụng các loại nước uống khác, vui lòng order và thanh toán thêm tại nhà hàng. - Thời gian áp dụng: 11h – 14h tất cả các ngày trong tuần. - Voucher áp dụng vào tất cả các ngày Lễ, Tết, các chương trình đặc biệt và có phụ thu phí. Vui lòng liên hệ trực tiếp nhà hàng để biết thêm thông tin chi tiết (028) 3829 6239, Hotline: 0901 141 497. - Sử dụng 01 voucher/ 01 người lớn/ 01 lần (không bù thêm tiền). Không giới hạn số voucher/ hóa đơn. - Chính sách trẻ em: + Trẻ em dưới 1,3m: Phụ thu trực tiếp tại nhà hàng trên 50% giá niêm yết. + Trẻ em cao từ 1,3m trở lên: Tính như người lớn. - Phiếu đã bao gồm phí phục vụ & thuế VAT. Nhà hàng chịu trách nhiệm xuất hóa đơn tài chính theo giá bán voucher và giá trị dịch vụ sử dụng thực tế khi khách hàng yêu cầu. - Vui lòng không lãng phí và để thừa thức ăn, nhà hàng thu phí ở mức 20% trên giá voucher trong trường hợp để thừa nhiều thức ăn. - Khách hàng vui lòng liên hệ đặt bàn trước khi đến để được phục vụ tốt nhất (trường hợp khách hàng không đặt chỗ trước, nhà hàng sẽ không chịu trách nhiệm nếu có bất kỳ sai sót nào). - Không áp dụng đồng thời với các chương trình khuyến mãi khác. - Phiếu không có giá trị quy đổi thành tiền mặt, không trả lại tiền thừa. - Thanh toán online nhận ngay voucher điện tử.","1,517 đã mua","","2026-08-26T20:45:14.670077"
"www.hotdeal.vn","https://www.hotdeal.vn/ho-chi-minh/buffet-am-thuc/pullman-saigon-buffet-toi-hai-san-tom-hum-soft-drink-t6-t7-cn-371042.html","Pullman Saigon - Buffet Tối Hải Sản, Tôm Hùm, Soft Drink - T6, T7, CN","1502000","1050000","https://static.hotdeal.vn/images/1737/1736576/400x400/371042-pullman-saigon-buffet-toi-hai-san-tom-hum-soft-drink-t6-t7-cn.jpg","- Pullman Saigon - Buffet Tối Hải Sản Cao Cấp, Tôm Hùm Không Giới Hạn + Free Flow Soft Drink. Voucher 1,502,000 VNĐ, Còn 1,050,000 VNĐ, Giảm 30%. Chỉ Có Tại Hotdeal.vn! - Được tổ chức tại Food Connexion - Tầng 3, Pullman Saigon Centre 5*. - Được quản lý bởi AccorHotels, một trong những chuyên gia hàng đầu trong ngành nhà hàng khách sạn của thế giới, khách sạn Pullman Saigon Centre 5* nằm ở vị trí trung tâm Thành phố Hồ Chí Minh, gần chợ Bến Thành, khu vực Phạm Ngũ Lão, và gần nhiều điểm du lịch nổi tiếng, là địa chỉ lý tưởng để lưu trú và thưởng thức ẩm thực quốc tế. - Nhà hàng Food Connexion tọa lạc tại tầng 3 của khách sạn Pullman Saigon Centre với tầm nhìn cực đẹp. Food Connexion hội tụ hàng trăm món ăn từ Á sang Âu và vô số các món Việt truyền thống hấp dẫn. - Food Connexion mang đến cho bạn cảm giác như đang lạc vào một thiên đường ẩm thực với những quầy buffet đầy ắp thức ăn ngon hảo hạng, hương thơm mời gọi, trình bày bắt mắt, nhìn là muốn thưởng thức ngay. - Đặc biệt, quầy hải sản đa dạng các loại cá vược, cá mú ceviche, cá ngừ, tôm hùm, sò điệp, vẹm, cá chim... được chế biến theo phong cách riêng của nhà hàng, hương vị mới mẻ, thơm ngon khó cưỡng. - Tham khảo menu tại đây (menu thay đổi theo ngày).","- Thời hạn sử dụng voucher: từ 16/04/2026 đến 30/08/2026. - Địa chỉ sử dụng voucher: Food Connexion - Tầng 3, Pullman Saigon Centre 5* - 148 Trần Hưng Đạo, Phường Cầu Ông Lãnh, Tp.HCM. ĐT: 028 38 38 86 86. - Áp dụng cho: Buffet tối hải sản - Seafood Buffet, bao gồm: + Quầy buffet đầy đủ các món + Tôm hùm gọi không giới hạn + Menu thay đổi theo ngày + Nước ngọt không giới hạn đã bao gồm - Tham khảo menu tại đây (menu thay đổi theo ngày). - Thời gian phục vụ: 18h - 22h thứ 6, thứ 7 & CN hàng tuần. Không áp dụng lễ, ngày đặc biệt theo thông báo từ nhà hàng. - Sử dụng 01 voucher/ 01 người lớn (Không bù thêm tiền). - Đối với trẻ em: + Dưới 6 tuổi: miễn phí + Từ 6 tuổi - dưới 12 tuổi: Tính trực tiếp 636.000 VNĐ tại nhà hàng + Từ 12 tuổi trở lên: Tính 01 voucher như người lớn - Áp dụng cho dùng tại chỗ. - Đã bao gồm thuế giá trị gia tăng theo luật hiện hành và 5% phí phục vụ. Nhà hàng chịu trách nhiệm xuất hóa đơn khi khách hàng yêu cầu. - Khách hàng vui lòng đặt chỗ trước khi đến. Trường hợp không đặt chỗ trước, nhà hàng xin phép được cáo lỗi nếu không còn chỗ trống. - Không áp dụng đồng thời với các chương trình khuyến mãi khác. - Phiếu không có giá trị quy đổi thành tiền mặt, không trả lại tiền thừa. - Thanh toán online nhận ngay voucher điện tử.","8,158 đã mua","","2026-08-26T20:45:16.173715"
"www.hotdeal.vn","https://www.hotdeal.vn/ho-chi-minh/buffet-viet-nhat-han/hoang-yen-buffet-premier-am-thuc-3-mien-dac-sac-371121.html","Hoàng Yến Buffet Premier - Ẩm Thực 3 Miền Đặc Sắc","431000","388000","https://static.hotdeal.vn/images/1735/1735160/400x400/371121-hoang-yen-buffet-premier-am-thuc-3-mien-dac-sac.jpg","- Hoàng Yến Buffet Premier tọa lạc tại số 174A Nguyễn Đình Chiểu, Phường Xuân Hòa với vị trí tuyệt đẹp ngay giữa lòng thành phố, là địa chỉ thưởng thức buffet yêu thích của các thực khách sành ăn. - Thực đơn đa dạng những món ăn đặc trưng của các nước trên thế giới và các món ăn thuần Việt. - Tiệc buffet phục vụ nhiều món ngon hảo hạng, nhất là các loại hải sản tươi sống được chế biến theo yêu cầu riêng của từng thực khách. - Sử dụng nguyên liệu chất lượng. Đầu bếp giàu kinh nghiệm, chế biến món ăn tỉ mỉ, công phu, đẹp mắt. - Không gian được thiết kế sang trọng và đẳng cấp, lối kiến trúc mở nơi đây cũng góp phần tạo nên niềm thích thú trong lòng thực khách khi đặt chân đến. - Cung cách phục vụ chu đáo, ân cần như chuẩn một nhà hàng 5 sao. - Tham khảo menu tại đây .","- Khách hàng buộc phải xuất trình voucher trước khi sử dụng dịch vụ. - Khách hàng vui lòng đặt chỗ trước khi đến để được phục vụ tốt nhất. Nhà hàng không bảo đảm chỗ ngồi cho khách nếu không đặt chỗ trước. - Thời hạn sử dụng voucher: từ 28/05/2026 đến 28/08/2026. - Địa điểm sử dụng voucher: Hoàng Yến Buffet Premier - Tầng trệt, 174A Nguyễn Đình Chiểu, Phường Xuân Hòa (P.Võ Thị Sáu, Quận 3 cũ), Tp.Hồ Chí Minh. Hotline: 1900 234 550 - SĐT nhà hàng: (028) 6681 1005. - Chi tiết chương trình ưu đãi như sau: 1. Buffet Trưa T2 - T6: Giá gốc 431.000 đồng, giá bán trên Hotdeal giảm 10% chỉ còn 388.000 đồng. 2. Buffet Tối T2 - T6: Giá gốc 584.000 đồng, giá bán trên Hotdeal giảm 10% chỉ còn 526.000 đồng. 3. Buffet Trưa T7 - Chủ Nhật: Giá gốc 584.000 đồng, giá bán trên Hotdeal giảm 10% chỉ còn 526.000 đồng. 4. Buffet Tối T7 - Chủ Nhật: Giá gốc 629.000 đồng, giá bán trên Hotdeal giảm 10% chỉ còn 566.000 đồng. - Tham khảo menu tại đây . - Thời gian áp dụng: + Trưa T2 – CN: 11h – 14h (Buffet trưa) + Tối T2 – CN: 18h – 22h (Buffet tối) Khách hàng vui lòng kiểm tra đúng khung giờ và ngày cần mua trước khi chọn voucher. - Không áp dụng voucher vào các ngày lễ, tết và các ngày đặc biệt của nhà hàng. - Sử dụng 01 voucher/ 01 người (không bù tiền). Không giới hạn số lượng voucher/ hóa đơn. - Chính sách cho trẻ em: + Trẻ em dưới 1m: Miễn phí (phải đi cùng ba mẹ) + Trẻ em từ 1m - 1m3: Giá vé bằng 30% giá vé người lớn - Áp dụng ăn tại chỗ. Không áp dụng cho mang về. - Đã bao gồm VAT và phí phục vụ. Nhà hàng có trách nhiệm xuất hóa đơn khi khách hàng yêu cầu. - Một khách hàng có thể mua nhiều phiếu. - Không áp dụng đồng thời với các chương trình khuyến mãi, giảm giá hoặc voucher khác. - Không có giá trị quy đổi thành tiền, không hoàn trả tiền thừa. - Thanh toán online nhận ngay voucher điện tử.","2,237 đã mua","","2026-08-26T20:45:18.803880"
"www.hotdeal.vn","https://www.hotdeal.vn/ho-chi-minh/nha-hang-sang-trong/renaissance-riverside-buffet-dimsum-36-mon-huong-vi-bac-nhat-sg-371177.html","Renaissance Riverside - Buffet Dimsum 36 Món Hương Vị Bậc Nhất SG","963900","675000","https://static.hotdeal.vn/images/1736/1735581/400x400/371177-renaissance-riverside-buffet-dimsum-36-mon-huong-vi-bac-nhat-sg.jpg","- Với vị thế cực đắc địa - nằm nép mình bên dòng sông Sài Gòn, Kabin Restaurant – Thuộc Renaissance Riverside Hotel Saigon 5*, thuộc tập đoàn Marriott là một trong những nhà hàng dimsum nổi tiếng nhất tại TPHCM. - Bếp trưởng Sinlee - Quảng Đông là người góp phần đưa Kabin lên một tầm cao mới. Chăm chút tỉ mỉ cho từng món ăn, tên tuổi ông thêm nổi tiếng cùng chương trình ẩm thực sáng tạo “All you can eat” tại Kabin, gồm nhiều món dimsum để thực khách lựa chọn. - Buffet Dim Sum All You Can Eat (Buffet gọi món) chuẩn Quảng Đông. - Thưởng thức đa dạng các loại há cảo, xíu mại, bánh bao thủ công cao cấp. - Nhiều món Hoa đặc sắc như Cá chẽm hấp tàu xì, Tôm chiên trứng muối, Bò Mỹ xào tiêu đen. - Thực đơn phong phú từ dimsum, món chính, cơm mì đến tráng miệng. - Không gian sang trọng chuẩn khách sạn 5 sao, thích hợp cho gia đình và gặp gỡ đối tác. - Dịch vụ chuyên nghiệp, trải nghiệm ẩm thực cao cấp vào mỗi dịp cuối tuần. - Tham khảo thực đơn tại đây .","- Thời hạn sử dụng voucher: từ 12/06/2026 đến 12/09/2026. - Địa chỉ sử dụng voucher: Kabin Restaurant – Tầng 1, Renaissance Riverside Hotel Saigon: 8-15 Tôn Đức Thắng, Phường, Sài Gòn, Tp.HCM. Điện thoại: (028) 3822 0033 - Ext: 2616. - Áp dụng cho: Buffet Dim Sum All You Can Eat (Buffet gọi món) đẳng cấp 5 sao tại nhà hàng Kabin – Chưa bao gồm nước uống. Tham khảo thực đơn tại đây . - Thời gian áp dụng: Thứ 6 - Chủ Nhật từ 11:30 - 14:30 & 18:00 - 22:00. Đối với các dịp đặc biệt hoặc Lễ Tết, khách hàng cần trả thêm phần phí chênh lệch tại nhà hàng để sử dụng voucher (liên hệ nhà hàng để biết mức phí chênh lệch của ngày cần sử dụng). - Sử dụng 01 voucher/ 01 người (không bù tiền). Không giới hạn số lượng voucher/ hóa đơn. - Khách hàng vui lòng trả phụ thu khi nhà hàng tổ chức các chương trình khuyến mãi và Lễ hội ẩm thực đặc biệt. - Chính sách cho trẻ em: · Trẻ em dưới 3 tuổi được miễn phí (mỗi khách được kèm tối đa 1 bé). · Từ 4 - 11 tuổi: Tính trực tiếp 50% giá vé niêm yết người lớn tại nhà hàng (hoặc 2 bé sử dụng 1 voucher). · Từ 12 tuổi trở lên: Tính 01 voucher như người lớn. - Áp dụng ăn tại chỗ. Không áp dụng cho mang về. - Giá đã bao gồm VAT và phí phục vụ. Nhà hàng chịu trách nhiệm xuất hóa đơn khi khách hàng yêu cầu. - Khách hàng vui lòng xuất trình voucher trước khi sử dụng dịch vụ. - Khách hàng vui lòng đặt chỗ trước khi đến nhà hàng dùng bữa. Nhà hàng không đảm bảo chỗ ngồi cho khách khi nhà hàng đã hết chỗ, cũng như khách đến mà không đặt chỗ trước. - Nhà hàng có quyền từ chối việc đặt bàn dựa vào tình hình booking thực tế của nhà hàng. - Không áp dụng đồng thời với các chương trình khuyến mãi, giảm giá hoặc voucher khác. - Không có giá trị quy đổi thành tiền, không hoàn trả tiền thừa. - Thanh toán online nhận ngay voucher điện tử.","342 đã mua","","2026-08-26T20:45:20.867530"
"www.hotdeal.vn","https://www.hotdeal.vn/ho-chi-minh/buffet-hai-san/saigon-prince-buffet-hai-san-cao-cap-tang-tom-hum-371150.html","Saigon Prince - Buffet Hải Sản Cao Cấp, Tặng Tôm Hùm","792000","649000","https://static.hotdeal.vn/images/1735/1735252/400x400/371150-saigon-prince-buffet-hai-san-cao-cap-tang-tom-hum.jpg","- Saigon Prince Hotel sở hữu vị trí lý tưởng ngay trung tâm thành phố, thuận tiện để tất cả mọi người có thể đến sử dụng dịch vụ và thưởng thức tiệc buffet hoành tráng, chất lượng tại đây. - Tiệc buffet được tổ chức tại nhà hàng nằm ở tầng trệt thuộc Saigon Prince Hotel, phục vụ những món ăn Âu – Á được chế biến bởi đội ngũ đầu bếp sáng tạo, giàu kinh nghiệm của nhà hàng. - Điểm nhấn của bữa tiệc buffet chính là những món hải sản cao cấp như: cua, ghẹ, hàu phục vụ không giới hạn; tặng 01 Tôm hùm/ 01 khách, cùng nhiều món khác hấp dẫn như sò điệp đút lò kiểu Mỹ, hải sản đút lò phô mai kiểu Pháp, cá fillet nướng sốt muối ớt... - Sử dụng nguồn nguyên liệu chất lượng cao có nguồn gốc trong nước và cả quốc tế. - Không gian ẩm thực tại nhà hàng được bày trí vô cùng sang trọng với tông màu vàng ấm cúng. - Cách bố trí line món ăn khoa học và thuận tiện cho việc lựa chọn thưởng thức cùng với phong cách phục vụ tinh tế từ việc chuẩn bị bàn ghế, bộ dụng cụ ăn uống, sắp xếp chén, ly, dĩa trên bàn ăn, đều mang lại cho thực khách những trải nghiệm ẩm thực đẳng cấp và khó quên. - Với chất lượng vượt trội, tiệc buffet tại Saigon Prince Hotel là lựa chọn lý tưởng cho những buổi hẹn hò, họp mặt gia đình và bạn bè hay gặp gỡ đối tác. - Voucher áp dụng: Buffet tối hải sản, cua, ghẹ, hàu không giới hạn - Tặng 01 Tôm hùm/ 01 khách. Free Flow nước ngọt, bia ly. - Tham khảo menu tại đây .","- Thời hạn sử dụng voucher: từ 29/05/2026 đến 29/08/2026. - Địa chỉ áp dụng voucher: Saigon Prince Hotel 4* - Số 59 - 73 Nguyễn Huệ, Phường Sài Gòn, Tp. HCM. Hotline: (028) 38 222 999, Ext 415. - Facebook: https://www.facebook.com/saigonprincehotel/ - Voucher áp dụng: Buffet tối hải sản, cua, ghẹ, hàu không giới hạn - Tặng 01 Tôm hùm/ 01 khách. Free Flow nước ngọt, bia ly. - Tham khảo menu tại đây . - Thời gian áp dụng: 18h - 22h thứ 6 & thứ 7 hàng tuần. Không áp dụng ngày lễ, ngày đặc biệt. - Sử dụng 01 voucher/ 01 khách/ 01 tôm hùm (không bù tiền). - Giá đã bao gồm thuế VAT và phí dịch vụ. Nhà hàng chịu trách nhiệm xuất hóa đơn khi khách hàng yêu cầu. - Chính sách cho trẻ em: + Dưới 1m: Miễn phí (mỗi người lớn chỉ đi kèm một trẻ em) + Từ 1m đến 1m4: Phụ thu 510.000 đồng/ bé, thanh toán trực tiếp tại nhà hàng + Trên 1m4: Tính 01 voucher như người lớn - Không áp dụng mang về. - Một khách hàng được mua nhiều phiếu. - Khách hàng vui lòng đặt chỗ trước khi đến để có được những dịch vụ tốt nhất. Nhà hàng không đảm bảo chỗ ngồi khi không đặt chỗ trước. Hotline: (028) 38 222 999, Ext 415. - Không áp dụng với chương trình khuyến mãi khác. - Không có giá trị quy đổi tiền mặt, không trả lại tiền thừa. - Thanh toán online nhận ngay voucher điện tử.","765 đã mua","","2026-08-26T20:45:23.021239"
"www.hotdeal.vn","https://www.hotdeal.vn/ho-chi-minh/buffet-viet-nhat-han/buffet-ganh-que-huong-liberty-am-thuc-3-mien-toi-t6-t7-371024.html","Buffet Gánh Quê Hương Liberty - Ẩm Thực 3 Miền - Tối T6, T7","419000","379000","https://static.hotdeal.vn/images/1734/1734048/400x400/371024-buffet-ganh-que-huong-liberty-am-thuc-3-mien-toi-t6-t7.jpg","- Nhà hàng Buffet Gánh Quê Hương - Lầu 9 Khách sạn Liberty Saigon Parkview là thương hiệu gắn liền với phong cách ẩm thực đa dạng gồm nhiều món Á - Âu - Việt, được nhiều thực khách sành ăn uống ưa chuộng. - Buffet tối cuối tuần (thứ Sáu & thứ Bảy) tại Liberty Parkview, lý tưởng cho những buổi gặp gỡ, sum họp và thư giãn sau tuần làm việc. - Tinh hoa ẩm thực Bắc – Trung – Nam, tái hiện hương vị quê nhà qua các món ăn truyền thống dễ thưởng thức. - Món gánh & bánh dân gian quen thuộc, kết hợp món cuốn, gỏi thanh mát mở đầu bữa tiệc nhẹ nhàng. - Quầy món nóng đậm đà, với các món thịt, cá, hải sản chế biến theo phong cách Việt. - Quầy nướng buổi tối hấp dẫn, phục vụ hải sản, thịt nướng và rau củ nướng nóng hổi suốt bữa ăn. - Tráng miệng mang hương vị Việt, chè truyền thống, bánh ngọt và trái cây theo mùa. - Không gian sang trọng – ấm cúng, phù hợp đi gia đình, nhóm bạn hay tiếp khách cuối tuần. - Vị trí trung tâm Quận 1, thuận tiện di chuyển và hẹn hò. - Có bãi giữ xe máy ngay trong khuôn viên nhà hàng - khách sạn. - Tham khảo menu tại đây .","- Thời hạn sử dụng voucher: đến 31/12/2026. - Địa điểm sử dụng voucher: Nhà hàng Buffet Gánh Quê Hương - Lầu 9 Khách sạn Liberty Saigon Parkview – 265 Phạm Ngũ Lão, Phường Bến Thành, TP.HCM - Điện thoại: 0853 265 265 - 039 949 2410 - (028) 3836 5172. - Áp dụng cho: Buffet Gánh 3 miền vào buổi tối thứ 6, thứ 7 hàng tuần tại khách sạn Liberty Parkview - Bao gồm: Thức ăn & nước uống theo menu đính kèm tại đây . - Nước uống miễn phí bao gồm: Nước cam, nước sâm, trà đá, chè các loại. Nếu quý khách có nhu cầu sử dụng các loại nước uống khác, vui lòng order và thanh toán thêm tại nhà hàng. - Thời gian áp dụng: 18h – 21h buổi tối thứ 6, thứ 7. Phụ thu ngày Lễ: 60.000 vnđ/ voucher. - Sử dụng 01 voucher/ 01 người lớn/ 01 lần (không bù thêm tiền). Không giới hạn số voucher/ hóa đơn. - Chính sách trẻ em: + Trẻ em dưới 1m: Miễn phí + Trẻ em từ 1m - 1m3: Phụ thu trực tiếp tại nhà hàng: 209.000 vnđ/ 01 bé + Trẻ em cao từ 1,3m trở lên: sử dụng voucher như người lớn. - Giá trên đã bao gồm VAT và phí phục vụ. Nhà hàng chịu trách nhiệm xuất hóa đơn trên giá bán voucher và chi phí phát sinh (nếu có) khi khách hàng yêu cầu. - Khách hàng vui lòng liên hệ đặt bàn trước khi đến (trường hợp khách hàng không đặt chỗ trước, nhà hàng sẽ không chịu trách nhiệm nếu có bất kỳ sai sót nào). - Không áp dụng đồng thời với các chương trình khuyến mãi khác. - Phiếu không có giá trị quy đổi thành tiền mặt, không trả lại tiền thừa. - Thanh toán online nhận ngay voucher điện tử.","190 đã mua","","2026-08-26T20:45:25.336395"
"www.hotdeal.vn","https://www.hotdeal.vn/ho-chi-minh/nha-hang-sang-trong/du-thuyen-sai-gon-princess-5-sao-set-menu-ngam-song-sai-gon-370747.html","Du Thuyền Sai Gon Princess 5 Sao - Set Menu + Ngắm Sông Sài Gòn","950000","850000","https://static.hotdeal.vn/images/1732/1731880/400x400/370747-du-thuyen-sai-gon-princess-5-sao-set-menu-ngam-song-sai-gon.jpg","- Saigon Princess là du thuyền nhà hàng 5 sao đầu tiên tại TP.HCM, thiết kế sang trọng phong cách châu Âu. - Không gian lãng mạn, lý tưởng cho buổi hẹn hò, kỷ niệm hay tiệc sang trọng. - Hành trình 2 giờ ngắm toàn cảnh sông Sài Gòn – Landmark 81, Bitexco, Vinhomes Central Park. - Thực đơn set menu 3–5 món, phong vị Việt – Á – Âu – hải sản, trình bày tinh tế. - Có menu riêng cho trẻ em, phù hợp cho cả gia đình. - Giờ khởi hành lý tưởng: 18:00–21:30, ngắm hoàng hôn và đêm thành phố. - Dịch vụ chuyên nghiệp, phục vụ tận tâm chuẩn 5 sao.","- Thời hạn sử dụng voucher: đến 30/12/2026 . - Địa điểm sử dụng voucher: Sai gon Princess - Luxurious Dining Cruise - Địa chỉ đón khách: Cảng Hành khách Tàu biển – Cảng Sài Gòn, số 5 Nguyễn Tất Thành, phường 13, quận 4. - Khách hàng mua voucher, liên hệ tư vấn và đặt chỗ theo: 1. Hotline: 19006760 (Giờ làm việc: từ 8h30 đến 17h thứ 2 đến thứ 6; 8h30 đến 12h00 thứ 7 hàng tuần). 2. Email: cs@hotdeal.vn 3. Inbox: https://www.facebook.com/Hotdeal.hochiminh/ - Voucher áp dụng cho: Ăn tối theo các set menu cao cấp kết hợp du ngoạn trên sông Sài Gòn trên Du thuyền nhà hàng 5* Sài Gòn Princess: 1/ Thực đơn cho trẻ em từ 6 đến 11 tuổi: Giá 850.000 vnđ + Thực đơn trẻ em Pluto (Pluto Kid Menu) giá 850.000đ + Thực đơn trẻ em Donald (Donald Kid Menu) giá 850.000đ 2/ Thực đơn chay 4 món (Vegetarian 4 course): Giá 950.000đ 3/ Thực đơn 3 món (3 course menu) bao gồm lựa chọn 1 trong 3 set menu như sau: Giá 980.000đ + Thực đơn 3 món Á Âu (Fusion 3 course) + Thực đơn 3 món Quốc Tế - Japanese (International 3 course – Japanese) + Thực đơn 3 món Việt Nam (Vietnamese 3 course) 4/ Thực đơn chay 5 món (Vegetarian 5 course): Giá 1.250.000đ 5/ Thực đơn 4 món (4 course menu) bao gồm lựa chọn 1 trong 4 set menu: Giá 1.350.000đ + Thực đơn 4 món Á Âu – New Zealand (Fusion 4 course – New Zealand) + Thực đơn 4 món Á Âu – Japanese (Fusion 4 course – Japanese) + Thực đơn 4 món Hải sản (Seafood 4 course) + Thực đơn 4 món Việt Nam (Vietnamese 4 course) 6/ Thực đơn 5 món (5 course menu) bao gồm lựa chọn 1 trong 3 set menu: Giá 1.650.000đ + Thực đơn 5 món Ấn Độ (Indian 5 course) + Thực đơn 5 món Hương Việt (Vietnamese Delights 5 course) + Thực đơn 5 món Việt Nam (Vietnamese 5 course) 7/ Thực đơn 5 món đặc biệt (Special 5 course menu) bao gồm lựa chọn 1 trong 6 set menu: Giá 1.880.000đ + Thực đơn 5 món Thanh vị - New Zealand (Delicate 5 course menu – New Zealand) + Thực đơn 5 món Thanh vị - Japanese (Delicate 5 course menu – Japanese) + Thực đơn 5 món Tinh hoa (Essence 5 course) + Thực đơn 5 món Á Âu – New Zealand (Fusion 5 course – New Zealand) + Thực đơn 5 món Á Âu – Japanese (Fusion 5 course – Japanese) + Thực đơn 5 món Hải Sản (Seafood 5 course) - Sử dụng 01 voucher/ 01 người lớn (không bù thêm tiền). + Mức giá trên đã bao gồm : Nước lọc, trà và cà phê suốt tiệc. Tặng kèm gói trang trí cơ bản đối với tiệc sinh nhật và kỷ niệm. Chương trình giải trí theo ngày: Band nhạc Philippines biểu diễn từ 15-30 phút tại mỗi sảnh ăn tối, ảo thuật, violin,… tùy từng ngày. Thuế VAT và Phí phục vụ. - Không bao gồm các loại thức uống khác. - Chương trình cụ thể và thời gian hoạt động các ngày 02/09 và 31/12 sẽ có sự điều chỉnh so với lịch hoạt động hằng ngày. - Chính sách lựa chọn thực đơn cho đoàn khách nhiều người: + Thực đơn người lớn/ đoàn: Tối đa hai (02) set menu mặn khác nhau + một (01) thực đơn chay + Thực đơn trẻ em/ đoàn: hai (02) set menu khác nhau - Chính sách cho trẻ em: + Dưới 6 tuổi: Miễn phí vé lên tàu, ăn chung với bố mẹ và tặng kèm một (01) phần soup cho bé; + Trẻ em từ đủ 6 tuổi đến 11 tuổi: Chọn thực đơn trẻ em Donald hoặc Pluto; + Trẻ em trên 11 tuổi: Chọn thực đơn người lớn (3, 4, 5 món). Trường hợp trẻ em trên 11 tuổi và người lớn chọn thực đơn trẻ em (Donald hoặc Pluto) sẽ phụ thu 200,000VND/khách. - LỊCH TRÌNH HOẠT ĐỘNG CỦA TÀU: Buổi tối: Giờ đón khách: 18h; Giờ tàu xuất bến: 19h30; Giờ tàu cập bến: 21h30; Lưu ý: Không hoàn trả hoặc dời ngày trong trường hợp Khách đến trễ so với giờ xuất bến. - Khách hàng vui lòng gọi đặt chỗ trước 3 ngày và thông báo chắc chắn sử dụng voucher của Hotdeal để nhà hàng xác nhận đặt chỗ và set up sẵn set menu cho khách hàng trước khi đến sử dụng dịch vụ. Nếu khách hàng không gọi đặt chỗ và không thông báo sử dụng dịch vụ Hotdeal, tàu có quyền từ chối phục vụ vì full chỗ và không chuẩn bị kịp set menu hoặc hẹn khách hàng vào ngày tiếp theo. - Thanh toán online nhận ngay voucher điện tử.","37 đã mua","","2026-08-26T20:45:28.631459"
"www.hotdeal.vn","https://www.hotdeal.vn/ho-chi-minh/buffet-sang-trong/holiday-inn-suites-dai-tiec-buffet-hai-san-tom-hum-5-sao-371147.html","Holiday Inn & Suites - Đại Tiệc Buffet Hải Sản Tôm Hùm 5 Sao","793086","635000","https://static.hotdeal.vn/images/1737/1736690/400x400/371147-holiday-inn-suites-dai-tiec-buffet-hai-san-tom-hum-5-sao.jpg","- Manja Manja là nhà hàng 5 sao chuyên phục vụ buffet Á - Âu, tọa lạc tại tầng 3 của Khách sạn Holiday Inn & Suites Saigon Airport, được quản lý bởi IHG - tập đoàn khách sạn InterContinental Hotels Group, một trong những tập đoàn khách sạn hàng đầu thế giới. - Voucher áp dụng cho Đại tiệc Buffet hải sản, đặc biệt tặng một phần tôm hùm cho mỗi khách; nước ngọt, trà, cà phê không giới hạn. - Thực đơn buffet đa dạng với hơn 50 món, gồm các loại hải sản thượng hạng như tôm hùm, tôm sú, tôm càng, hàu, nghêu, sò dẹo... cùng các món ăn Á - Âu thay đổi theo ngày. - Đội ngũ đầu bếp tài hoa với cách chế biến mới lạ, sáng tạo, bày trí món ăn đẹp mắt. - Nguyên liệu chế biến tươi ngon, chất lượng, rõ nguồn gốc xuất xứ. Phong cách phục vụ chuyên nghiệp. - Không gian nhà hàng được thiết kế theo phong cách hiện đại nhưng rất gần gũi và ấm áp, tạo cho thực khách cảm giác thân mật, thoải mái khi lần đầu bước chân tới nơi đây. - Với sức chứa lên đến 200 khách và được bố trí khu vực vui chơi cho trẻ em, Manja Manja sẽ là một trong những địa điểm phù hợp cho các bữa ăn gia đình, tụ họp bạn bè, đồng nghiệp... - Tham khảo menu tại đây .","- Thời hạn sử dụng voucher: từ 03 /06/2026 đến 03 /09/2026. - Địa chỉ: Nhà hàng Manja Manja - Tầng 3, Holiday Inn & Suite Saigon Airport - Số 18E Cộng Hòa, Phường Tân Sơn Nhất, Thành Phố Hồ Chí Minh. Hotline: 028 3948 5052 – 0933685325. - Áp dụng cho Đại tiệc Buffet hải sản tại Nhà hàng Manja Manja, thuộc khách sạn 5 sao Holiday Inn & Suites Saigon Airport. - Đặc biệt tặng một phần tôm hùm cho mỗi khách. - Nước ngọt, trà, cà phê không giới hạn . - Tham khảo menu tại đây . - Thời gian áp dụng: 18h - 22h từ thứ 2 đến thứ chủ nhật hàng tuần. - (Ngoài trừ các ngày lễ và một số ngày đặc biệt như: Giáng sinh, Tết Tây, Ngày Phụ nữ Việt Nam, v.v.). Vui lòng liên hệ trước với nhà hàng để được tư vấn những sự kiện đặc biệt trong tháng. - Sử dụng 01 voucher/ 01 người/ 01 lần sử dụng (không bù tiền). - Chính sách cho trẻ em: + Dưới 6 tuổi: miễn phí + Từ 6 - 11 tuổi: 396.545 VNĐ (đã bao gồm thuế, phí & thanh toán tại nhà hàng) + Từ 12 tuổi: mua voucher như người lớn - Không áp dụng mang về. Đã bao gồm VAT và phí phục vụ. Nhà hàng chịu trách nhiệm xuất hóa đơn khi khách hàng yêu cầu trong ngày sử dụng dịch vụ. - Khách hàng vui lòng đặt chỗ trước khi đến 1 ngày để được phục vụ tốt nhất qua hotline: 028 3948 5052 hoặc Hotline Mr Hiếu: 0933 685 325. Nhà hàng không bảo đảm chỗ ngồi cho khách nếu không đặt chỗ. - Không áp dụng đồng thời với các chương trình khuyến mãi khác. - Không có giá trị quy đổi thành tiền mặt, không trả lại tiền thừa. - Thanh toán online nhận ngay voucher điện tử.","491 đã mua","","2026-08-26T20:45:30.726571"
"www.hotdeal.vn","https://www.hotdeal.vn/ho-chi-minh/buffet-sang-trong/holiday-inn-suites-buffet-sang-quoc-te-a-au-tren-80-mon-371175.html","Holiday Inn & Suites - Buffet Sáng Quốc Tế Á, Âu Trên 80 Món","436590","349000","https://static.hotdeal.vn/images/1736/1735573/400x400/371175-holiday-inn-suites-buffet-sang-quoc-te-a-au-tren-80-mon.jpg","- Manja Manja là nhà hàng 5 sao chuyên phục vụ buffet Á - Âu, tọa lạc tại tầng 3 của Khách sạn Holiday Inn & Suites Saigon Airport, được quản lý bởi IHG - tập đoàn khách sạn InterContinental Hotels Group, một trong những tập đoàn khách sạn hàng đầu thế giới. - Voucher áp dụng cho Buffet sáng Internation (món Á, Âu cao cấp) tại Nhà hàng Manja Manja, thuộc khách sạn 5 sao Holiday Inn & Suites Saigon Airport. - Buffet sáng quốc tế với thực đơn Á – Âu phong phú, thay đổi theo ngày. - Quầy phở, bún bò huế, mì Quảng, hủ tiếu và nhiều món Việt đặc sắc. - Quầy trứng chế biến trực tiếp theo yêu cầu thực khách. - Dimsum nóng hổi, Bibimbap Hàn Quốc và nhiều món ăn quốc tế hấp dẫn. - Hơn 10 loại bánh mì, bánh ngọt, croissant, muffin tươi mỗi ngày. - Salad, phô mai nhập khẩu, ngũ cốc, yogurt và trái cây tươi đa dạng. - Nước ép, nước suối, trà, cà phê không giới hạn. - Đội ngũ đầu bếp tài hoa với cách chế biến mới lạ, sáng tạo, bày trí món ăn đẹp mắt. - Nguyên liệu chế biến tươi ngon, chất lượng, rõ nguồn gốc xuất xứ. Phong cách phục vụ chuyên nghiệp. - Không gian nhà hàng sang trọng, phong cách hiện đại nhưng rất gần gũi và ấm áp. - Tham khảo menu tại đây.","- Thời hạn sử dụng voucher: từ 15/06/2026 đến 15/09/2026. - Địa chỉ: Nhà hàng Manja Manja - Tầng 3, Holiday Inn & Suite Saigon Airport - Số 18E Cộng Hòa, Phường Tân Sơn Nhất, Thành Phố Hồ Chí Minh. Hotline: 028 3948 5052 – 0933685325. - Áp dụng cho Buffet sáng Internation (món Á, Âu cao cấp) tại Nhà hàng Manja Manja, thuộc khách sạn 5 sao Holiday Inn & Suites Saigon Airport. - Nước ép, nước suối, trà, cà phê không giới hạn. - Thời gian áp dụng: Thứ 2 đến Thứ 6: 6h - 10h, Thứ 7 - Chủ nhật: 6h -10h30. Vui lòng liên hệ trước với nhà hàng để được tư vấn những sự kiện đặc biệt trong tháng. - Sử dụng 01 voucher/ 01 người/ 01 lần sử dụng (không bù tiền). - Chính sách cho trẻ em: + Dưới 6 tuổi: miễn phí + Từ 6 - 11 tuổi: 219.000 vnđ (đã bao gồm thuế, phí & thanh toán tại nhà hàng) + Từ 12 tuổi: mua voucher như người lớn - Không áp dụng mang về. Đã bao gồm VAT và phí phục vụ. Nhà hàng chịu trách nhiệm xuất hóa đơn khi khách hàng yêu cầu trong ngày sử dụng dịch vụ. - Khách hàng vui lòng đặt chỗ trước khi đến 1 ngày để được phục vụ tốt nhất qua hotline: 028 3948 5052 hoặc Hotline Mr Hiếu: 0933 685 325. Nhà hàng không bảo đảm chỗ ngồi cho khách nếu không đặt chỗ. - Không áp dụng đồng thời với các chương trình khuyến mãi khác. - Không có giá trị quy đổi thành tiền mặt, không trả lại tiền thừa. - Thanh toán online nhận ngay voucher điện tử.","66 đã mua","","2026-08-26T20:45:32.786191"
"www.hotdeal.vn","https://www.hotdeal.vn/ho-chi-minh/buffet-sang-trong/windsor-plaza-hotel-5-dai-tiec-buffet-bbq-toi-thu-6-thu-7-371224.html","Windsor Plaza Hotel 5* - Đại Tiệc Buffet BBQ Tối Thứ 6, Thứ 7","564732","508000","https://static.hotdeal.vn/images/1736/1735915/400x400/371224-windsor-plaza-hotel-5-dai-tiec-buffet-bbq-toi-thu-6-thu-7.jpg","- Top Of The Town nằm trên tầng 25 Khách sạn Windsor Plaza sang trọng, view thành phố về đêm ấn tượng, lý tưởng cho những buổi hẹn hò, gặp gỡ bạn bè hay tiệc cuối tuần. - Voucher áp dụng cho Đại tiệc Buffet BBQ ""Grill Buffet"" cao cấp cuối tuần tại Windsor Plaza Hotel. - Quầy BBQ ngoài trời chế biến trực tiếp, nổi bật với các món nướng cao cấp như tôm sú, hàu tươi, cá chẽm, bò Argentina, thịt nọng heo ướp ngũ vị, gà xiên satay… thơm ngon, nóng hổi. - Thực đơn phong phú, cân bằng giữa món nướng, salad tươi, súp, các món nóng và tráng miệng, phù hợp khẩu vị nhiều đối tượng thực khách. - Nhiều loại sốt đặc trưng và muối ớt chanh độc quyền của đầu bếp, giúp món nướng thêm đậm đà, khác biệt. - Không khí “grill & chill” đúng nghĩa – vừa thưởng thức ẩm thực cao cấp, vừa thư giãn, tận hưởng cuối tuần trong không gian sang trọng và không khí cực ""chill"" với nhạc nền DJ sôi động. - Tham khảo menu tại đây .","- Thời hạn sử dụng voucher: từ 29/06/2026 đến 29/09/2026. - Địa chỉ áp dụng voucher: Top Of The Town – Lầu 25, khu vực terrace ngoài trời, Khách sạn Windsor Plaza - Số 01 Sư Vạn Hạnh, phường An Đông, TP. HCM. Điện thoại: (028) 38 336 688. Máy lẻ: 2221. - Voucher áp dụng cho Đại tiệc Buffet BBQ ""Grill Buffet"" cao cấp cuối tuần tại Windsor Plaza Hotel. - Tham khảo menu tại đây . - Đặc biệt: nếu khách hàng đặt bàn trước tặng thêm 1 ly bia mát lạnh trên mỗi voucher và offer này không có giá trị quy đổi sang thức uống khác hoặc tiền mặt. - Không giới hạn các món nướng được tẩm ướp đậm đà, nướng trực tiếp thơm lừng từ các loại thịt đến hải sản tươi ngon. View đẹp toàn cảnh Sài Gòn, không khí cực ""chill"" với nhạc nền DJ sôi động. - Khách hàng muốn sử dụng rượu bia sẽ tính theo giá bán tại nhà hàng. Khách hàng vui lòng liên hệ nhà hàng để biết thêm chi tiết. - Giờ áp dụng: 17h30 - 21h30 tối thứ 6 & thứ 7 hàng tuần (không áp dụng các ngày có sự kiện riêng). - 01 phiếu/ 01 người lớn (không bù tiền). - Chính sách với trẻ em: + Trẻ em dưới 01m: Miễn phí. + Trẻ em từ 1m - dưới 1m3: tính 50%/ vé người lớn (khách mua trực tiếp tại nhà hàng). + Từ 1m3 trở lên tính như người lớn. - Đã bao gồm VAT và phí phục vụ. Nhà hàng chịu trách nhiệm xuất hóa đơn khi khách hàng yêu cầu. - Quý khách vui lòng điện thoại đặt chỗ trước (nhà hàng có quyền từ chối khách hàng không đặt chỗ trước trong trường hợp nhà hàng quá tải). - Nhà hàng chỉ chấp nhận E-Voucher do Hotdeal phát hành. Mọi trường hợp E-voucher không phải do Hotdeal phát hành, nhà hàng có quyền từ chối phục vụ. - Không áp dụng đồng thời với các chương trình khuyến mãi khác. - Phiếu không có giá trị quy đổi thành tiền mặt, không trả lại tiền thừa. - Thanh toán online nhận ngay voucher điện tử.","764 đã mua","","2026-08-26T20:45:34.988097"
"www.hotdeal.vn","https://www.hotdeal.vn/ho-chi-minh/buffet-sang-trong/buffet-ganh-palace-nguyen-hue-am-thuc-3-mien-trua-ca-tuan-371208.html","Buffet Gánh Palace Nguyễn Huệ - Ẩm Thực 3 Miền - Trưa Cả Tuần","299000","259000","https://static.hotdeal.vn/images/1736/1735773/400x400/371208-buffet-ganh-palace-nguyen-hue-am-thuc-3-mien-trua-ca-tuan.jpg","- Trải nghiệm hơn 50 món ngon ngay trung tâm Sài Gòn với giá chỉ 259.000 đồng, đã gồm thuế phí, nướng uống cùng chương trình Buffet Gánh 3 miền buổi trưa tại Khách sạn Palace 4 sao. - Nhà hàng Buffet Gánh tọa lạc trên lầu 5 của khách sạn Palace, là điểm hẹn yêu thích của các tín đồ ẩm thực. - Không gian sang trọng nhưng ấm áp hồn quê mang đến cho thực khách cảm giác thoải mái, gần gũi khi thưởng thức buffet. - Buffet Gánh buổi trưa phục vụ thực đơn món ăn đa dạng: món nướng, món ăn đường phố, món ăn hương vị quê nhà… với hương vị thơm ngon, hấp dẫn. - Nguyên liệu chế biến tươi ngon, được tuyển chọn kỹ lưỡng. - Đầu bếp giàu kinh nghiệm, chế biến món ăn phù hợp với khẩu vị thực khách Việt. - Phục vụ chuyên nghiệp, vui vẻ, nhiệt tình. - Tham khảo menu tại đây .","- Thời hạn sử dụng voucher: từ 22/06/2026 đến 22/09/2026. - Địa điểm sử dụng voucher: Buffet Gánh Palace - Tầng 5, Khách sạn Palace Sài Gòn, 56-66 Nguyễn Huệ, Phường Sài Gòn, Tp. HCM. ĐT: (028)3823 2933. Hotline: 0901 00 58 59. - Áp dụng cho: Buffet Gánh 3 miền buổi trưa tại Khách sạn Palace 4 sao. Bao gồm: Thức ăn & nước uống theo menu đính kèm. - Tham khảo menu tại đây . - Nước uống miễn phí bao gồm: Trà đá, nước cam, sâm mía lau & chè các loại. Nếu quý khách có nhu cầu sử dụng các loại nước uống khác: bia, nước ngọt… vui lòng order và thanh toán tại nhà hàng. - Thời gian áp dụng: 11h30 - 14h tất cả các ngày trong tuần. - Voucher áp dụng vào tất cả các ngày Lễ, Tết, các chương trình đặc biệt và có phụ thu phí. Vui lòng liên hệ trực tiếp nhà hàng để biết thêm thông tin chi tiết (028-3823 2933), Hotline: 0901 00 58 59. - Sử dụng 01 voucher/ 01 người lớn/ 01 lần (không bù thêm tiền). Không giới hạn số voucher/ hóa đơn. - Chính sách trẻ em: + Trẻ em dưới 1,2m: Phụ thu trực tiếp tại nhà hàng trên 50% giá niêm yết. + Trẻ em cao từ 1,2m trở lên: Tính như người lớn. - Phiếu đã bao gồm phí phục vụ & thuế VAT. Nhà hàng chịu trách nhiệm xuất hóa đơn tài chính theo giá bán voucher và giá trị dịch vụ sử dụng thực tế khi khách hàng yêu cầu. - Vui lòng không lãng phí và để thừa thức ăn, nhà hàng thu phí ở mức 20% trên giá voucher trong trường hợp để thừa nhiều thức ăn. - Khách hàng vui lòng liên hệ đặt bàn trước khi đến để được phục vụ tốt nhất, trường hợp khách hàng không ĐẶT CHỖ TRƯỚC, nhà hàng sẽ không chịu trách nhiệm nếu có bất kỳ sai sót nào. - Thông tin liên hệ giải quyết sự cố (Hotline): (028 3823 2933), Hotline: 0901 00 58 59. - Khách hàng vui lòng đọc kỹ điều kiện trên voucher trước khi sử dụng. - Không áp dụng đồng thời với các chương trình khuyến mãi khác. - Phiếu không có giá trị quy đổi thành tiền mặt, không trả lại tiền thừa. - Thanh toán online nhận ngay voucher điện tử.","946 đã mua","","2026-08-26T20:45:36.968714"
"www.hotdeal.vn","https://www.hotdeal.vn/ho-chi-minh/buffet-hai-san/saigon-prince-buffet-cua-bien-hai-san-khong-gioi-han-371149.html","Saigon Prince - Buffet Cua Biển, Hải Sản Không Giới Hạn","736000","550000","https://static.hotdeal.vn/images/1735/1735241/400x400/371149-saigon-prince-buffet-cua-bien-hai-san-khong-gioi-han.jpg","- Saigon Prince Hotel sở hữu vị trí lý tưởng ngay trung tâm thành phố, thuận tiện để tất cả mọi người có thể đến sử dụng dịch vụ và thưởng thức tiệc buffet hoành tráng, chất lượng tại đây. - Tiệc buffet được tổ chức tại nhà hàng nằm ở tầng trệt thuộc Saigon Prince Hotel, phục vụ những món ăn Âu – Á được chế biến bởi đội ngũ đầu bếp sáng tạo, giàu kinh nghiệm của nhà hàng. - Điểm nhấn của bữa tiệc buffet chính là những món hải sản cao cấp như: cua, ghẹ, sò điệp đút lò kiểu Mỹ, hải sản đút lò phô mai kiểu Pháp, cá fillet nướng sốt muối ớt... - Sử dụng nguồn nguyên liệu chất lượng cao có nguồn gốc trong nước và cả quốc tế. - Không gian ẩm thực tại nhà hàng được bày trí vô cùng sang trọng với tông màu vàng ấm cúng. - Cách bố trí line món ăn khoa học và thuận tiện cho việc lựa chọn thưởng thức cùng với phong cách phục vụ tinh tế từ việc chuẩn bị bàn ghế, bộ dụng cụ ăn uống, sắp xếp chén, ly, dĩa trên bàn ăn, đều mang lại cho thực khách những trải nghiệm ẩm thực đẳng cấp và khó quên. - Với chất lượng vượt trội, tiệc buffet tại Saigon Prince Hotel là lựa chọn lý tưởng cho những buổi hẹn hò, họp mặt gia đình và bạn bè hay gặp gỡ đối tác. - Voucher áp dụng: Buffet tối hải sản, cua biển, hàu, sashimi không giới hạn - Free Flow nước ngọt.","- Thời hạn sử dụng voucher: từ 29/05/2026 đến 27/08/2026. - Địa chỉ áp dụng voucher: Saigon Prince Hotel 4* - Số 59 - 73 Nguyễn Huệ, Phường Sài Gòn, Tp. HCM. Hotline: (028) 38 222 999, Ext 415. - Facebook: https://www.facebook.com/saigonprincehotel/ - Voucher áp dụng: Buffet tối hải sản, cua biển, hàu, sashimi không giới hạn - Free Flow nước ngọt. - Thời gian áp dụng: 18h - 22h thứ 5 hàng tuần. Không áp dụng ngày lễ, ngày đặc biệt. - Sử dụng 01 voucher/ 01 khách (không bù tiền). - Giá đã bao gồm VAT và phí dịch vụ. Nhà hàng chịu trách nhiệm xuất hóa đơn khi khách hàng yêu cầu. - Chính sách cho trẻ em: + Dưới 1m: Miễn phí (mỗi người lớn chỉ đi kèm một trẻ em) + Từ 1m đến 1m4: Phụ thu 396.000 đồng/ bé, thanh toán trực tiếp tại nhà hàng + Trên 1m4: Tính 01 voucher như người lớn - Không áp dụng mang về. - Một khách hàng được mua nhiều phiếu. - Khách hàng vui lòng đặt chỗ trước khi đến để có được những dịch vụ tốt nhất. Nhà hàng không đảm bảo chỗ ngồi khi không đặt chỗ trước. Hotline: (028) 38 222 999, Ext 415. - Không áp dụng với chương trình khuyến mãi khác. - Không có giá trị quy đổi tiền mặt, không trả lại tiền thừa. - Thanh toán online nhận ngay voucher điện tử.","590 đã mua","","2026-08-26T20:45:39.239195"
"www.hotdeal.vn","https://www.hotdeal.vn/ho-chi-minh/buffet-sang-trong/northern-charm-hotel-buffet-sang-a-au-thuong-hang-370955.html","Northern Charm Hotel - Buffet Sáng Á Âu Thượng Hạng","330000","270000","https://static.hotdeal.vn/images/1734/1733524/400x400/370955-northern-charm-hotel-buffet-sang-a-au-thuong-hang.jpg","- Buffet sáng các món Á Âu thượng hạng được phục vụ tại nhà hàng Panorama tọa lạc tại tầng 16, khách sạn Northern Charm. - Northern Charm Hotel luôn tự hào là nơi tạo nên những bữa ăn sáng thịnh soạn đầy dưỡng chất, để giúp quý khách có đủ năng lượng bắt đầu một ngày mới hiệu quả. - Nhà hàng có không gian sang trọng, tầm nhìn toàn cảnh thành phố qua các cửa sổ lớn. - Thực đơn buffet sáng rất đa dạng, với đầy đủ các loại đồ nguội, phô mai, bánh mì, rau salad trộn các loại, đồ nước truyền thống, đồ chiên, cháo/súp, món nóng, món tráng miệng và các loại nước uống. - Thực đơn thay đổi thường xuyên, cho bạn thỏa thích trải nghiệm nhiều hương vị khác nhau. - Nguyên liệu chế biến tươi ngon, được tuyển chọn kỹ lưỡng và được thực hiện bởi đội ngũ đầu bếp giàu kinh nghiệm nên có hương vị hấp dẫn, hình thức bắt mắt, tốt cho sức khỏe. - Tham khảo menu tại đây .","- Thời hạn sử dụng voucher: từ 10/03/2026 đến 10/03/2027. - Địa chỉ sử dụng voucher: Panorama - Tầng 16, Northern Charm Hotel - 12 Lý Tự Trọng, Phường Sài Gòn, Tp.HCM. Hotline: 0902 286 689 hoặc 028 3822 5252. - Fanpage: https://www.facebook.com/Northerncharmhotelsaigon - Áp dụng cho: Buffet sáng các món Á Âu thượng hạng. Đã bao gồm nước uống không giới hạn quầy line. - Tham khảo menu tại đây . - Thời gian phục vụ: 6h30 - 9h30 tất cả các ngày trong tuần. Kể cả Lễ. - Sử dụng 01 voucher/ 01 người lớn (Không bù thêm tiền). - Đối với trẻ em: + Từ 0 - 4 tuổi: miễn phí + Từ 5 tuổi - 10 tuổi: Tính trực tiếp 150.000 VNĐ/ 01 bé tại nhà hàng + Từ 11 tuổi trở lên: Tính 01 voucher như người lớn - Áp dụng cho dùng tại chỗ. - Giá đã bao gồm thuế giá trị gia tăng theo luật hiện hành và phí phục vụ. Nhà hàng chịu trách nhiệm xuất hóa đơn khi khách hàng yêu cầu. - Khách hàng vui lòng đặt chỗ trước khi đến. Trường hợp không đặt chỗ trước, nhà hàng xin phép được cáo lỗi nếu không còn chỗ trống. - Không áp dụng đồng thời với các chương trình khuyến mãi khác. - Phiếu không có giá trị quy đổi thành tiền mặt, không trả lại tiền thừa. - Thanh toán online nhận ngay voucher điện tử.","130 đã mua","","2026-08-26T20:45:41.345233"
"www.hotdeal.vn","https://www.hotdeal.vn/ho-chi-minh/buffet-chay/co-noi-buffet-chay-trua-toi-thang-7-am-lich-hon-40-mon-371340.html","Cỏ Nội - Buffet Chay Trưa/ Tối Tháng 7 Âm Lịch Hơn 40 Món","239000","209000","https://static.hotdeal.vn/images/1737/1736729/400x400/371340-co-noi-buffet-chay-trua-toi-thang-7-am-lich-hon-40-mon.jpg","* MÓN ĐẶC SẮC: - Nhà hàng Cỏ Nội phục vụ theo 2 hình thức: + Buffet: hơn 40 món chay tinh tế, tốt cho sức khỏe phục vụ hàng ngày. + A La Carte (gọi món): nổi bật với các món chay trong Tô Đá Núi Lửa. * KHÔNG GIAN: - Không gian sang trọng, thuần Việt với sức chứa 100 khách, gồm 01 phòng riêng và có ban công sân vườn tầng 7, view ngắm nhìn con đường Đồng Khởi, Đông Du từ trên cao. * ĐIỂM ĐẶC TRƯNG: - Nhà hàng tọa lạc ngay tại trung tâm thành phố nên rất thuận tiện cho việc đi lại. - Xung quanh là phố đi bộ Nguyễn Huệ, nhà hát thành phố, các trung tâm thương mại sầm uất. - Các món chay của nhà hàng Cỏ Nội mang hương vị đặc sắc bởi việc sử dụng rau củ sạch, tươi và các nguyên liệu từ thiên nhiên, thanh khiết. - Tham khảo menu tại đây .","- Thời hạn sử dụng voucher: 10/09/2026. - Địa điểm sử dụng voucher: Nhà hàng Cỏ Nội - Lầu 7 - Khách sạn Bông Sen - 117-123 Đồng Khởi, Phường Sài Gòn, Tp. HCM. ĐT: 028 3829 1623 - Hotline: 0902184195. - Áp dụng cho Buffet chay buổi trưa/ tối tháng 7 âm lịch Nhà hàng Cỏ Nội - Khách sạn Bông Sen. Tham khảo menu tại đây . 1. Buffet chay buổi trưa/ tối hàng ngày tháng 7 âm lịch ưu đãi giảm chỉ còn 209,000đ (giá gốc 239,000đ), trừ các ngày 14, 15 tháng 7 âm lịch. 2. Buffet chay buổi trưa/ tối các ngày 14, 15 tháng 7 âm lịch ưu đãi giảm chỉ còn 229,000đ (giá gốc 259,000đ). - Thời gian áp dụng: từ 11h - 14h & 18h - 21h, tất cả các ngày trong tuần (áp dụng lễ). - Chính sách trẻ em: + Dưới 1,3m: 1/2 giá người lớn (thanh toán tại nhà hàng) + Từ 1,3m trở lên: Tính như giá người lớn - Sử dụng 1 voucher/ 1 người/ 1 lần (không bù thêm tiền). - Không giới hạn số voucher/ hóa đơn. - Khách có thể mua nhiều voucher để sử dụng nhiều lần. - Miễn phí nước uống bao gồm: trà đá, nước sâm, chè các loại. Nếu quý khách có nhu cầu sử dụng các loại nước uống khác, vui lòng order và thanh toán thêm tại nhà hàng. - Phiếu đã bao gồm phí phục vụ và thuế VAT. - Nhà hàng chịu trách nhiệm xuất hóa đơn tài chính theo giá bán voucher và giá trị sử dụng thực tế khi khách hàng yêu cầu. - Vui lòng không lãng phí và để thừa, nhà hàng thu phí lãng phí ở mức 20% trong trường hợp để thừa nhiều đồ ăn. - Khách hàng vui lòng liên hệ 028 3829 1623 – Hotline: 0948205090 - 0902184195 đặt chỗ trước khi đến để được phục vụ tốt nhất. (Trong trường hợp khách hàng không đặt chỗ trước, nhà hàng sẽ không chịu trách nhiệm nếu có bất kỳ sai sót nào). - Không áp dụng đồng thời với các chương trình khuyến mãi khác. - Phiếu không có giá trị quy đổi thành tiền mặt, không trả lại tiền thừa. - Thanh toán online nhận ngay voucher điện tử.","40 đã mua","","2026-08-26T20:45:43.772427"
"www.hotdeal.vn","https://www.hotdeal.vn/ho-chi-minh/buffet-chay/dgemma-thu-duc-buffet-chay-cao-cap-trua-toi-371327.html","DGemma Thủ Đức - Buffet Chay Cao Cấp Trưa/ Tối","178000","140000","https://static.hotdeal.vn/images/1737/1736691/400x400/371327-dgemma-thu-duc-buffet-chay-cao-cap-trua-toi.jpg","- Chương trình khuyến mãi chỉ duy nhất tại Hotdeal và số lượng có hạn. - Bữa tiệc buffet chay tại D'Gemma Vegetarian Buffet được chuẩn bị với thực đơn vô cùng đa dạng từ nguyên liệu đến cách chế biến, tạo nên những món ăn sang trọng, bắt mắt và thơm ngon. - Đặc biệt, thực đơn buffet thay đổi theo ngày, mang lại sự phong phú và mới mẻ, đem đến nhiều trải nghiệm thú vị cho thực khách khi dùng bữa. - Món ăn đảm bảo tiêu chí thuần chay nhưng hương vị được biến tấu hấp dẫn, do các đầu bếp nhiều kinh nghiệm chế biến đảm bảo mang lại sự hài lòng cho tất cả các thực khách. - Sử dụng nguồn nguyên liệu tự nhiên tươi ngon, tốt cho sức khỏe, đảm bảo an toàn và vệ sinh thực phẩm. - Nhà hàng có thiết kế sang trọng, đẳng cấp nhưng cũng rất gần gũi, ấm cúng và tĩnh lặng. - Đội ngũ nhân viên chuyên nghiệp, nhiệt tình và tận tâm. - Tham khảo menu tại đây . - Khách mua voucher Hotdeal sẽ được sử dụng vé Plus (bao gồm nước áp, trà sữa, trà trái cây, bắp rang bơ). - Không áp dụng mùng 1, 15 âm lịch hàng tháng; các ngày lễ lớn và dịp Lễ Tết.","- Thời hạn sử dụng voucher: từ 14/08/2026 đến 14/09/2026. - Địa điểm sử dụng voucher: Hệ Thống D'Gemma Vegetarian Buffet - Hotline: 0819.900.991 + Chi nhánh Thủ Đức: 216 Võ Văn Ngân, TTTM Vincom Plaza, P. Thủ Đức, TP.HCM. - Áp dụng cho Buffet chay trưa/ tối gần 80 món đặc sắc trong không gian sang trọng tại D'Gemma Vegetarian Buffet chi nhánh Thủ Đức. 1. Voucher buffet trưa thứ 2 - thứ 6 hàng tuần: ưu đãi chỉ còn 140,000đ (giá chưa giảm 178,000đ, 40 - 50 món). 2. Voucher buffet tối hàng ngày & trưa thứ 7, Chủ nhật: ưu đãi chỉ còn 196,000đ (giá chưa giảm 238,000đ, 70 - 80 món). - Giá trên đã bao gồm nước uống và thuế phí. - Tham khảo menu tại đây . - Thời gian áp dụng: + Buffet trưa: 11h - 14h + Buffet tối: 17h - 21h - Không áp dụng mùng 1, 15 âm lịch hàng tháng; các ngày lễ lớn và dịp Lễ Tết. - Khách mua voucher Hotdeal sẽ được sử dụng vé Plus (bao gồm nước áp, trà sữa, trà trái cây, bắp rang bơ). - Voucher đã bao gồm VAT. D'Gemma Vegetarian Buffet sẽ xuất hóa đơn tài chính khi khách hàng có yêu cầu, hóa đơn xuất trên giá bán voucher. - Đối với trẻ em: + Dưới 1m: miễn phí + Từ 1m – 1,4m (thanh toán tại nhà hàng): tính 79.000 vnđ/ vé + Trên 1,4m trở lên: tính như người lớn - Một khách hàng được mua nhiều phiếu. Không áp dụng cho mang về. - 01 voucher/ 01 người/ 01 phiếu (không bù tiền). - Khách hàng liên hệ: 0819.900.991 đặt chỗ trước 01 ngày trước khi đến (Trong trường hợp khách hàng không gọi trước nếu không còn chỗ trống, nhà hàng D'Gemma Vegetarian Buffet xin cáo lỗi khách hàng và hẹn khách hàng vào thời điểm khác để phục vụ). - Phiếu không có giá trị quy đổi thành tiền mặt, không trả lại tiền thừa. - Thanh toán online nhận ngay voucher điện tử.","16 đã mua","","2026-08-26T20:45:46.014351"
"www.hotdeal.vn","https://www.hotdeal.vn/ho-chi-minh/buffet-chay/co-noi-buffet-chay-trua-toi-hon-40-mon-free-nuoc-371300.html","Cỏ Nội - Buffet Chay Trưa/ Tối Hơn 40 Món, Free Nước","219000","189000","https://static.hotdeal.vn/images/1736/1736411/400x400/371300-co-noi-buffet-chay-trua-toi-hon-40-mon-free-nuoc.jpg","* MÓN ĐẶC SẮC: - Nhà hàng Cỏ Nội phục vụ theo 2 hình thức: + Buffet: hơn 40 món chay tinh tế, tốt cho sức khỏe phục vụ hàng ngày. + A La Carte (gọi món): nổi bật với các món chay trong Tô Đá Núi Lửa. * KHÔNG GIAN: - Không gian sang trọng, thuần Việt với sức chứa 100 khách, gồm 01 phòng riêng và có ban công sân vườn tầng 7, view ngắm nhìn con đường Đồng Khởi, Đông Du từ trên cao. * ĐIỂM ĐẶC TRƯNG: - Nhà hàng tọa lạc ngay tại trung tâm thành phố nên rất thuận tiện cho việc đi lại. - Xung quanh là phố đi bộ Nguyễn Huệ, nhà hát thành phố, các trung tâm thương mại sầm uất. - Các món chay của nhà hàng Cỏ Nội mang hương vị đặc sắc bởi việc sử dụng rau củ sạch, tươi và các nguyên liệu từ thiên nhiên, thanh khiết. - Tham khảo menu tại đây .","- Thời hạn sử dụng voucher: từ 22/07/2026 đến 22/10/2026. - Địa điểm sử dụng voucher: Nhà hàng Cỏ Nội - Lầu 7 - Khách sạn Bông Sen - 117-123 Đồng Khởi, Phường Sài Gòn, Tp. HCM. ĐT: 028 3829 1623 - Hotline: 0902184195. - Áp dụng cho Buffet chay buổi trưa/ tối Nhà hàng Cỏ Nội - Khách sạn Bông Sen (không áp dụng tháng 7 âm lịch).​ Tham khảo menu tại đây . 1. Buffet chay buổi trưa hàng ngày ưu đãi giảm chỉ còn 189,000đ (giá gốc 219,000đ), trừ các ngày ăn chay 30 (hoặc 29 đối với tháng không có 30), 1, 14, 15 âm lịch hàng tháng. 2. Buffet chay buổi trưa/ tối các ngày ăn chay 30 (hoặc 29 đối với tháng không có 30), 1, 14, 15 âm lịch ưu đãi giảm chỉ còn 209,000đ (giá gốc 239,000đ). - Thời gian áp dụng: + Buffet trưa hàng ngày: 11h - 14h, tất cả các ngày trong tuần (áp dụng lễ, tết). Không áp dụng các ngày ăn chay 30 (hoặc 29 đối với tháng không có 30), 1, 14, 15 âm lịch hàng tháng. + Buffet trưa/ tối các ngày ăn chay 30 (hoặc 29 đối với tháng không có 30), 1, 14, 15 âm lịch: từ 11h - 14h & 18h - 21h (áp dụng lễ, tết). - Chính sách trẻ em: + Dưới 1,3m: 1/2 giá người lớn (thanh toán tại nhà hàng) + Từ 1,3m trở lên: Tính như giá người lớn - Sử dụng 1 voucher/ 1 người/ 1 lần (không bù thêm tiền). - Không giới hạn số voucher/ hóa đơn. - Khách có thể mua nhiều voucher để sử dụng nhiều lần. - Miễn phí nước uống bao gồm: trà đá, nước sâm, chè các loại. Nếu quý khách có nhu cầu sử dụng các loại nước uống khác, vui lòng order và thanh toán thêm tại nhà hàng. - Phiếu đã bao gồm phí phục vụ và thuế VAT. - Nhà hàng chịu trách nhiệm xuất hóa đơn tài chính theo giá bán voucher và giá trị sử dụng thực tế khi khách hàng yêu cầu. - Vui lòng không lãng phí và để thừa, nhà hàng thu phí lãng phí ở mức 20% trong trường hợp để thừa nhiều đồ ăn. - Khách hàng vui lòng liên hệ 028 3829 1623 – Hotline: 0948205090 - 0902184195 đặt chỗ trước khi đến để được phục vụ tốt nhất. (Trong trường hợp khách hàng không đặt chỗ trước, nhà hàng sẽ không chịu trách nhiệm nếu có bất kỳ sai sót nào). - Không áp dụng đồng thời với các chương trình khuyến mãi khác. - Phiếu không có giá trị quy đổi thành tiền mặt, không trả lại tiền thừa. - Thanh toán online nhận ngay voucher điện tử.","972 đã mua","","2026-08-26T20:45:48.251308"
"www.hotdeal.vn","https://www.hotdeal.vn/ho-chi-minh/tay-trang-rang/nha-khoa-sao-viet-tay-trang-rang-plasma-hieu-qua-khong-e-buot-371217.html","Nha Khoa Sao Việt - Tẩy Trắng Răng Plasma Hiệu Quả, Không Ê Buốt","1200000","299000","https://static.hotdeal.vn/images/1736/1735876/400x400/371217-nha-khoa-sao-viet-tay-trang-rang-plasma-hieu-qua-khong-e-buot.jpg","- Nha khoa Sao Việt là một địa chỉ chăm sóc răng miệng uy tín, chất lượng giúp bạn có được hàm răng trắng sáng, chắc khỏe cùng nụ cười rạng rỡ, tỏa nắng. - Nhiều dịch vụ chuyên nghiệp như cạo vôi, đánh bóng, trám răng, tẩy trắng răng, trồng răng sứ, cấy ghép Implant, tiểu phẫu răng khôn,… - Không gian sang trọng, rộng rãi, phòng khám được đầu tư trang thiết bị hiện đại, hệ thống vô trùng tuyệt đối, luôn cập nhật những kỹ thuật điều trị tiên tiến nhất. - Bác sĩ nha khoa có trình độ và kinh nghiệm cao. - Các thao tác chăm sóc răng miệng được thực hiện nhẹ nhàng, giảm đau buốt. - Giá cả phải chăng, phù hợp túi tiền mọi người. - Voucher áp dụng dịch vụ Tẩy trắng răng bằng công nghệ Plasma, không gây ê buốt và khó chịu tại Nha Khoa Sao Việt.","- Thời hạn sử dụng voucher: từ 24/06/2026 đến 24/09/2026. - Địa điểm sử dụng voucher : Nha Khoa Sao Việt – 136 Phan Đình Phùng, Phường 2, Quận Phú Nhuận. ĐT: 0937 422522 – 0902 353567. - Website: http://nhakhoasaoviet.com/ - Áp dụng cho dịch vụ Tẩy trắng răng bằng công nghệ Plasma, không gây ê buốt và khó chịu tại Nha Khoa Sao Việt. - Áp dụng vào tất cả các ngày trong tuần (trừ Lễ). Giờ áp dụng: thứ hai đến thứ bảy: 8h-20h, chủ nhật: 8h-17h. - Một khách hàng được mua nhiều phiếu. - Sử dụng 01 phiếu/ 01 người/ 01 lần (không bù tiền). - Không áp dụng đồng thời với các chương trình khuyến mãi khác. - Khách hàng vui lòng điện thoại đặt lịch hẹn trước để nha khoa sắp xếp lịch phù hợp và phục vụ tốt nhất. - Phiếu không có giá trị quy đổi thành tiền mặt, không trả lại tiền thừa. - Thanh toán online nhận ngay voucher điện tử.","10,841 đã mua","","2026-08-26T20:45:49.715002"
"www.hotdeal.vn","https://www.hotdeal.vn/ho-chi-minh/tre-hoa-da-nang-co/ty-house-spa-meso-pro-cang-bong-sach-mun-trang-min-da-371153.html","Ty House Spa - Meso Pro Căng Bóng, Sạch Mụn, Trắng Mịn Da","600000","120000","https://static.hotdeal.vn/images/1735/1735287/400x400/371153-ty-house-spa-meso-pro-cang-bong-sach-mun-trang-min-da.jpg","- Ty House Spa là trung tâm thẩm mỹ uy tín tại Bình Thạnh, được nhiều chị em tin tưởng và yêu thích. - Sở hữu cho mình không gian hiện đại với lối trang trí nhẹ nhàng, Ty House Spa thật sự là nơi để bạn làm đẹp và thư giãn sau một tuần làm việc căng thẳng. - Đội ngũ nhân viên có nhiều năm kinh nghiệm, đào tạo bài bản chắc chắn sẽ chinh phục những khách hàng khó tính nhất. - Với hệ thống máy móc làm đẹp hiện đại, cập nhật những xu hướng làm đẹp mới nhất, Ty House Spa sẽ mang đến cho khách hàng vẻ đẹp toàn diện. - Voucher áp dụng cho liệu trình Meso Pro căng bóng, sạch mụn, trắng mịn da - Liệu trình 16 bước chuyên sâu. - Liệu trình được thực hiện chuyên nghiệp, đúng quy trình, đạt hiệu quả như cam kết.","- Thời hạn sử dụng voucher: từ 31/05/2026 đến 31/08/2026. - Địa điểm sử dụng voucher: Ty House Spa Beauty & Clinic – 243 Lê Quang Định, Phường 7, Quận Bình Thạnh. ĐT: 0939 578898 - 0842 783123 - 0783 909222. - Fanpage: https://www.facebook.com/tyhousespa/ - Áp dụng cho Gói dịch vụ Meso Pro căng bóng, sạch mụn, trắng mịn da - Liệu trình 16 bước chuyên sâu tại Ty House Spa Beauty & Clinic. - Liệu trình được thực hiện chuyên nghiệp, đúng quy trình, đạt hiệu quả như cam kết. - Áp dụng vào tất cả các ngày trong tuần (kể cả Lễ). Giờ áp dụng: 9h-19h. - Áp dụng cho cả nam và nữ. - Một khách hàng được mua nhiều phiếu. - Sử dụng 01 phiếu/ 01 người/ 01 gói dịch vụ (không bù tiền), Tip tùy ý. - Không áp dụng đồng thời với các chương trình khuyến mãi khác. - Khách hàng vui lòng đặt chỗ trước khi đến để được phục vụ tốt nhất. - Phiếu không có giá trị quy đổi thành tiền mặt, không trả lại tiền thừa. - Thanh toán online nhận ngay voucher điện tử.","322 đã mua","","2026-08-26T20:45:51.698186"
"www.hotdeal.vn","https://www.hotdeal.vn/ho-chi-minh/massage-cap-doi/ngoc-thanh-healthy-tron-goi-massage-body-foot-120-371199.html","Ngọc Thanh Healthy - Trọn Gói Massage Body + Foot 120’","390000","169000","https://static.hotdeal.vn/images/1736/1735683/400x400/371199-ngoc-thanh-healthy-tron-goi-massage-body-foot-120.jpg","Lý do nên chọn Ngọc Thanh Healthy: - Dịch vụ massage đa dạng và hiệu quả: Massage body, masage foot, giúp cơ thể bạn phục hồi năng lượng, xua tan mệt mỏi và mang lại cảm giác sảng khoái tức thì. - Đội ngũ kỹ thuật viên giàu kinh nghiệm, giỏi tay nghề: Các kỹ thuật viên tại Ngọc Thanh Healthy đều được đào tạo bài bản về các liệu pháp massage body và foot chuyên sâu. - Kết hợp thảo dược thiên nhiên: Sử dụng thảo dược tự nhiên để tăng cường hiệu quả trị liệu, giúp thư giãn sâu và đẩy lùi các yếu tố gây mệt mỏi trong cơ thể. - Không gian thư giãn: Ngọc Thanh Healthy được thiết kế với không gian ấm cúng, yên tĩnh và tinh tế, tạo cảm giác thoải mái cho khách hàng ngay từ khi bước vào. - Dịch vụ chuyên nghiệp: Mỗi khách hàng đến với Ngọc Thanh Healthy đều được tư vấn và lựa chọn liệu trình phù hợp, mang lại hiệu quả cao nhất. - Giá cả hợp lý: Ngọc Thanh Healthy cam kết mang lại dịch vụ massage chất lượng với mức giá hợp lý, phù hợp với mọi khách hàng.","- Thời hạn sử dụng voucher: từ 19/06/2026 đến 19/09/2026. - Địa điểm sử dụng voucher: Ngọc Thanh Healthy – 235 Ba Tháng Hai, Phường 10, Quận 10. ĐT: 028 36201255 - 0985 525102. - Áp dụng cho Gói dịch vụ Massage body + foot gồm 05 dịch vụ (120 phút) tại Ngọc Thanh Healthy. 1. Xông hơi (20 phút). 2. Massage body kết hợp bấm huyệt + tinh dầu + đá nóng + foot + Ngâm chân thảo dược (100 phút). 3. Đắp mặt. 4. Nằm gối thảo dược. 5. Cạo gió, giác hơi. - Áp dụng vào tất cả các ngày trong tuần (trừ Lễ). Giờ áp dụng: 10h-23h. Nhận khách đến 19h30. - Áp dụng cho cả nam và nữ. - Một khách hàng được mua nhiều phiếu. - Sử dụng 01 phiếu/ 01 người/ 01 gói dịch vụ (không bù tiền), tối đa 02 phiếu/ 01 người/ 01 tháng, chưa bao gồm Tip. - Không áp dụng đồng thời với các chương trình khuyến mãi khác. - Khách hàng vui lòng đặt chỗ trước khi đến để được phục vụ tốt nhất. - Phiếu không có giá trị quy đổi thành tiền mặt, không trả lại tiền thừa. - Thanh toán online nhận ngay voucher điện tử.","1,374 đã mua","","2026-08-26T20:45:53.634139"
"www.hotdeal.vn","https://www.hotdeal.vn/ho-chi-minh/massage-cap-doi/vtm-uc-chau-massage-da-thong-kinh-lac-tri-lieu-dau-co-vai-gay-371204.html","VTM Úc Châu - Massage Đả Thông Kinh Lạc Trị Liệu Đau Cổ Vai Gáy","499000","189000","https://static.hotdeal.vn/images/1736/1735732/400x400/371204-vtm-uc-chau-massage-da-thong-kinh-lac-tri-lieu-dau-co-vai-gay.jpg","- Thẩm mỹ viện Úc Châu là một trong những đơn vị làm đẹp hàng đầu tại Thành phố Hồ Chí Minh, nhận được nhiều sự tin cậy của nhiều khách hàng. - Cung cấp khoảng 100 loại hình làm đẹp, chia thành hai lĩnh vực chính là: Làm đẹp (thẩm mỹ mũi, mặt, mắt, vùng kín) và Spa (massage và thư giãn). - Phương pháp làm đẹp an toàn, không xâm lấn; công nghệ, kỹ thuật làm đẹp được chuyển giao từ các cường quốc về thẩm mỹ như Hàn Quốc, Anh, Mỹ… - Đội ngũ bác sĩ hơn 10 năm kinh nghiệm, tốt nghiệp từ các trường đại học trong và ngoài nước, có chứng chỉ hành nghề đạt chuẩn. - Không gian làm đẹp sang trọng, hiện đại chuẩn 5 sao luôn được chăm chút kỹ lưỡng, đem đến cho Quý khách hàng những trải nghiệm tốt nhất. - Chất lượng và sự hài lòng của khách hàng luôn là tiêu chí hàng đầu, là kim chỉ nam cho mọi hoạt động tại Thẩm mỹ viện Úc Châu. - Voucher áp dụng cho trọn gói dịch vụ: Massage dưỡng sinh đả thông kinh lạc trị liệu đau cổ, vai, gáy giảm đau nhức tức thì hiệu quả ngay lần đầu tiên + Massage đầu + Đá nóng + Ấn huyệt cổ, vai, gáy giảm stress, kích thích khí huyết lưu thông và trẻ hóa da (45 phút)","- Thời hạn sử dụng voucher: từ 20/06/2026 đến 20/09/2026. - Địa điểm sử dụng voucher: Viện Thẩm Mỹ Úc Châu - 719 Lê Hồng Phong, Phường 12, Quận 10. ĐT: 0908 161788 - 0938 780159. - Áp dụng cho Trọn gói dịch vụ Massage dưỡng sinh đả thông kinh lạc trị liệu đau cổ, vai, gáy giảm đau nhức tức thì hiệu quả ngay lần đầu tiên + Massage đầu + Đá nóng + Ấn huyệt cổ, vai, gáy giảm stress, kích thích khí huyết lưu thông và trẻ hóa da (45 phút) tại Viện Thẩm Mỹ Úc Châu. - Áp dụng vào tất cả các ngày trong tuần. Giờ áp dụng: 9h-19h. - Áp dụng cho cả nam và nữ. Có phòng riêng cho cặp đôi không phụ thu. - Một khách hàng được mua nhiều phiếu. - Sử dụng 01 phiếu/ 01 người/ 01 gói dịch vụ (Không bù tiền). - Không áp dụng đồng thời với các chương trình khuyến mãi khác. - Khách hàng vui lòng đặt chỗ trước khi đến để được phục vụ tốt nhất. - Phiếu không có giá trị quy đổi thành tiền mặt, không trả lại tiền thừa. - Thanh toán online nhận ngay voucher điện tử.","484 đã mua","","2026-08-26T20:45:55.662189"
"www.hotdeal.vn","https://www.hotdeal.vn/ho-chi-minh/dieu-tri-mun-tham-nam/vp-ohui-tri-mun-nam-tham-mat-hut-chi-tre-hoa-triet-long-371225.html","VP OHUI - Trị Mụn/ Nám/ Thâm Mắt/ Hút Chì/ Trẻ Hóa/ Triệt Lông","1000000","89000","https://static.hotdeal.vn/images/1736/1735926/400x400/371225-vp-ohui-tri-mun-nam-tham-mat-hut-chi-tre-hoa-triet-long.jpg","- Hệ thống Văn phòng Chăm sóc Sắc đẹp OHUI trực thuộc công ty LG chuyên nhập khẩu và kinh doanh mỹ phẩm OHUI, là địa chỉ uy tín mang đến cho khách hàng những dịch vụ chăm sóc sắc đẹp chuyên nghiệp và hiệu quả. - Không gian sang trọng, hiện đại, kết hợp lối bày trí tinh tế, ấm cúng, giúp khách hàng luôn có những giây phút thư giãn thực sự khi thực hiện các liệu trình tại đây. - Máy móc, trang thiết bị được đầu tư hiện đại đáp ứng được mọi nhu cầu làm đẹp của khách hàng. - Đội ngũ nhân viên chuyên nghiệp, giàu kinh nghiệm, phục vụ tận tình, chu đáo. - Liệu trình được thực hiện chuyên nghiệp, đúng quy trình, đạt hiệu quả tối ưu. - Cam kết sử dụng 100% mỹ phẩm cao cấp OHUI, The history of WHOO, SU:M37º. - Voucher áp dụng cho 01 trong 06 gói dịch vụ làm đẹp cao cấp tại Hệ thống Văn phòng Chăm sóc Sắc đẹp OHUI: Điều trị mụn, thâm/ Hút chì/ Điều trị nám, tàn nhang/ Trẻ hóa da 15 năm tuổi/ Trị thâm mắt/ Triệt lông.","- Thời hạn sử dụng voucher: từ 26/06/2026 đến 26/09/2026. - Địa điểm sử dụng voucher: Hệ Thống Văn Phòng Chăm Sóc Sắc Đẹp OHUI + 529/142 Huỳnh Văn Bánh, Phường 13, Quận Phú Nhuận. ĐT: 0963 641688 (Ms Duyên). + 463B/2 Cách Mạng Tháng Tám, Phường 13, Quận 10. ĐT: 0964 403775 (Ms Hương). - Áp dụng cho 01 trong 06 gói dịch vụ làm đẹp cao cấp tại Hệ Thống Văn Phòng Chăm Sóc Sắc Đẹp OHUI. + Gói 1: Lấy sạch nhân mụn + Điều trị mụn + Trị thâm + Se khít chân lông + Đắp mặt nạ công nghệ cao của Hàn Quốc chuẩn y khoa, an toàn, không tái phát bằng tinh chất vàng 24k (90 phút). + Gói 2: Hút chì, thải độc tố + Đắp mặt nạ Purple De Mask - Hồi sinh cho làn da trắng mịn bằng tinh chất than hoạt tính (90 phút). + Gói 3: Điều trị nám mảng, nám chân sâu, nám do mụn thâm để lại, tàn nhang, trắng sáng da bằng tinh chất ngọc trai nhân sâm núi lên men (90 phút). + Gói 4: Cấy tinh chất vàng 24k nhân sâm núi hoàng kim trẻ hóa, căng bóng làn da 15 năm tuổi (90 phút). + Gói 5: Trị thâm quầng mắt, chống nhăn, nâng mí mắt, tiêu bọng mắt bằng tinh chất dung dịch nuôi dưỡng tế bào mầm và chất dẫn xuất Hesperidin (90 phút). + Gói 6: Trọn gói Triệt lông vĩnh viễn kết hợp trẻ hóa da, trị thâm vùng nách/ mép/ má/ trán công nghệ New Elight (IPL + RF) mới nhất 2026, siêu nhanh + không đau + an toàn + hiệu quả 100% (02 lần). - Liệu trình được thực hiện chuyên nghiệp, đúng quy trình, đạt hiệu quả tối ưu. - Cam kết sử dụng 100% mỹ phẩm cao cấp OHUI, The history of WHOO, SU:M37º. - Thời gian áp dụng: + Quận Phú Nhuận: Áp dụng vào tất cả các ngày trong tuần (kể cả Lễ). Giờ áp dụng: 9h-18h. + Quận 3: Áp dụng vào tất cả các ngày trong tuần (kể cả Lễ). Giờ áp dụng: 8h30-19h30. - Áp dụng cho cả nam và nữ. - Một khách hàng được mua nhiều phiếu để tặng cho người thân, bạn bè… - Sử dụng 01 phiếu/ 01 người/ 01 gói dịch vụ (Không bù tiền). Mỗi khách hàng sử dụng tối đa 02 phiếu. - Không áp dụng đồng thời với các chương trình khuyến mãi khác. - Khách hàng vui lòng đặt chỗ trước khi đến để được phục vụ tốt nhất. - Phiếu không có giá trị quy đổi thành tiền mặt, không trả lại tiền thừa. - Thanh toán online nhận ngay voucher điện tử.","912 đã mua","","2026-08-26T20:45:57.946253"
"www.hotdeal.vn","https://www.hotdeal.vn/ho-chi-minh/massage-cap-doi/spa-thai-duong-massage-body-foot-goi-dau-duong-sinh-90-371146.html","Spa Thái Dương - Massage Body/ Foot/ Gội Đầu Dưỡng Sinh 90’","480000","119000","https://static.hotdeal.vn/images/1735/1735308/400x400/371146-spa-thai-duong-massage-body-foot-goi-dau-duong-sinh-90.jpg","- Spa Thái Dương không chỉ là nơi chăm sóc cơ thể mà còn là không gian để bạn tạm gác lại những bộn bề thường nhật, thả lỏng tinh thần và tìm lại sự cân bằng sau những ngày bận rộn. - Không gian thư giãn nhẹ nhàng, sạch sẽ và riêng tư. - Kỹ thuật viên tận tâm, thao tác nhẹ nhàng và chuyên nghiệp. - Áp dụng cho 01 trong 03 gói dịch vụ (90 phút) tại Spa Thái Dương: Massage body/ Massage foot/ Gội đầu dưỡng sinh 90’. - Liệu trình kết hợp thư giãn và chăm sóc sức khỏe toàn diện. - Thời gian 90 phút đủ để cơ thể được nghỉ ngơi và phục hồi năng lượng. - Phù hợp cho dân văn phòng, người thường xuyên căng thẳng, đau mỏi vai gáy hoặc mất ngủ nhẹ. - Khách hàng sử dụng voucher Hotdeal sẽ được thưởng thức mứt gừng, trà thảo mộc.","- Thời hạn sử dụng voucher: từ 02/06/2026 đến 02/09/2026. - Địa điểm sử dụng voucher: Spa Thái Dương – 197/1A Thống Nhất, Phường 11, Quận Gò Vấp. ĐT: 0822 279579. - Áp dụng cho 01 trong 03 gói dịch vụ (90 phút) tại Spa Thái Dương. + Gói 1: 1. Sauna không giới hạn thời gian. 2. Steambath không giới hạn thời gian. 3. Ngâm chân thảo dược/ muối biển không giới hạn thời gian. 4. Bấm huyệt Shiatsu kiểu Nhật kết hợp Thái Massage, Massage tinh dầu và Massage đá nóng (60 phút). 5. Túi thảo dược đắp mắt thư giãn, giảm quầng thâm và vết nhăn. 6. Túi thảo dược đắp vai, gáy giảm đau nhức, mệt mỏi. 7. Túi thảo dược đắp bụng. + Gói 2: 1. Sauna không giới hạn thời gian. 2. Steambath không giới hạn thời gian. 3. Ngâm chân thảo dược/ muối biển. 4. Massage foot + ấn huyệt (60 phút). 5. Túi thảo dược đắp mắt thư giãn, giảm quầng thâm và vết nhăn. 6. Túi thảo dược đắp vai, gáy giảm đau nhức, mệt mỏi. 7. Túi thảo dược đắp bụng. + Gói 3: 1. Sauna không giới hạn thời gian. 2. Steambath không giới hạn thời gian. 3. Ngâm chân thảo dược/ muối biển không giới hạn thời gian. 4. Gội đầu dưỡng sinh + Trị liệu đầu, cổ, vai, gáy + Chăm sóc da mặt + Đắp mặt nạ (60 phút). - Khách hàng sử dụng voucher Hotdeal sẽ được thưởng thức mứt gừng, trà thảo mộc. - Áp dụng vào tất cả các ngày trong tuần. Giờ áp dụng: 9h30-22h30. - Áp dụng cho cả nam và nữ. - Một khách hàng được mua nhiều phiếu. - Sử dụng 01 phiếu/ 01 người/ 01 gói dịch vụ (không bù tiền), chưa bao gồm Tip. - Không áp dụng đồng thời với các chương trình khuyến mãi khác. - Khách hàng vui lòng đặt chỗ trước khi đến để được phục vụ tốt nhất. - Phiếu không có giá trị quy đổi thành tiền mặt, không trả lại tiền thừa. - Thanh toán online nhận ngay voucher điện tử.","52 đã mua","","2026-08-26T20:46:00.398120"
"www.hotdeal.vn","https://www.hotdeal.vn/ho-chi-minh/massage-cap-doi/ruka-spa-massage-body-da-nong-foot-xong-hoi-dap-mat-75-371221.html","Ruka Spa - Massage Body Đá Nóng + Foot + Xông Hơi + Đắp Mắt 75’","350000","119000","https://static.hotdeal.vn/images/1736/1736185/400x400/371221-ruka-spa-massage-body-da-nong-foot-xong-hoi-dap-mat-75.jpg","- Ruka Spa là điểm đến thư giãn được nhiều khách hàng yêu thích tại Quận 1 với không gian yên tĩnh, sạch sẽ, riêng tư cùng đội ngũ kỹ thuật viên được đào tạo bài bản, mang đến các liệu trình chăm sóc sức khỏe và sắc đẹp chuyên nghiệp, hiệu quả cao. - Tận hưởng gói Massage Body Đá Nóng 75 phút với 04 dịch vụ chăm sóc toàn diện trong cùng một liệu trình. - Massage Thụy Điển kết hợp bấm huyệt, tinh dầu, đá nóng và massage chân giúp giảm đau nhức, giải tỏa căng thẳng và phục hồi năng lượng. - Xông hơi không giới hạn thời gian, kết hợp túi đắp mắt và gối nóng thảo dược giúp cơ thể thư giãn từ trong ra ngoài. - Toàn bộ tinh dầu và nguyên liệu sử dụng trong liệu trình đều có nguồn gốc tự nhiên, lành tính và an toàn cho mọi loại da. - Dịch vụ chu đáo, chăm sóc khách hàng ân cần trong suốt quá trình trải nghiệm.","- Thời hạn sử dụng voucher: từ 02/07/2026 đến 02/10/2026. - Địa điểm sử dụng voucher: Ruka Spa – 153/3 Nguyễn Thị Minh Khai, Phường Phạm Ngũ Lão, Quận 1. ĐT: 0909 036268. - Áp dụng cho Gói dịch vụ Massage body đá nóng gồm 04 dịch vụ (75 phút) tại Ruka Spa. 1. Xông hơi không giới hạn thời gian. 2. Massage body Thụy Điển kết hợp bấm huyệt + tinh dầu + đá nóng + foot (60 phút). 3. Túi thảo dược đắp mắt thư giãn, giảm quầng thâm và vết nhăn. 4. Nằm gối nóng thảo dược giảm đau nhức, mệt mỏi. - Áp dụng vào tất cả các ngày trong tuần (kể cả Lễ). Giờ áp dụng: 9h-22h. - Áp dụng cho cả nam và nữ. - Một khách hàng được mua nhiều phiếu. - Sử dụng 01 phiếu/ 01 người/ 01 gói dịch vụ (Không bù tiền). - Không áp dụng đồng thời với các chương trình khuyến mãi khác. - Khách hàng vui lòng đặt chỗ trước khi đến để được phục vụ tốt nhất. - Phiếu không có giá trị quy đổi thành tiền mặt, không trả lại tiền thừa. - Thanh toán online nhận ngay voucher điện tử.","128 đã mua","","2026-08-26T20:46:03.240844"
"www.hotdeal.vn","https://www.hotdeal.vn/ho-chi-minh/massage-nu/phuong-uyen-spa-massage-body-cham-soc-da-goi-dau-duong-sinh-371303.html","Phương Uyên Spa - Massage Body/ Chăm Sóc Da/ Gội Đầu Dưỡng Sinh","500000","149000","https://static.hotdeal.vn/images/1736/1736485/400x400/371303-phuong-uyen-spa-massage-body-cham-soc-da-goi-dau-duong-sinh.jpg","- Phương Uyên Spa là một trong những địa chỉ thư giãn và làm đẹp quen thuộc của các tín đồ yêu thích spa. - Phương Uyên Spa mang đến đa dạng các dịch vụ, đảm bảo đáp ứng hầu hết các nhu cầu chăm sóc sức khỏe và sắc đẹp của nhiều chị em. - Đội ngũ kỹ thuật viên giỏi tay nghề, giàu kinh nghiệm, đảm bảo sự hài lòng và yên tâm cho từng khách hàng. - Tiếng nhạc du dương kết hợp với không gian yên tĩnh, nhẹ nhàng sẽ tạo nên những giây phút thư giãn tuyệt vời. - Phương Uyên Spa gây ấn tượng với khách hàng bởi sự nhiệt tình, thân thiện và hiếu khách cùng chất lượng dịch vụ tốt nhất. - Voucher áp dụng cho 1 trong 4 dịch vụ làm đẹp cao cấp tại Phương Uyên Spa: Massage body/ Chăm sóc da + Thải chì/ Phun oxy tươi + Gội đầu dưỡng sinh.","- Thời hạn sử dụng voucher: từ 23/07/2026 đến 23/10/2026. - Địa điểm sử dụng voucher: Phương Uyên Spa - Số 1 Bế Văn Đàn, Phường 14, Quận Tân Bình. ĐT: 0964 003558. - Fanpage: https://www.facebook.com/PhuongUyenSpaquantanbinh/ - Khách hàng được trải nghiệm trọn gói 01 trong 04 dịch vụ làm đẹp cao cấp tại Phương Uyên Spa bao gồm: Gói 1: Massage body + Vệ sinh da + Đắp mặt nạ huyết yến + Massage đầu vai cổ gáy. Gói 2: Chăm sóc da + Thải chì + Massage nâng cơ + Đắp mặt nạ trắng sáng da + Chiếu ánh sáng sinh học + Massage đầu vai cổ gáy. Gói 3: Chăm sóc da + Phun oxy tươi + Massage nâng cơ + Đắp mặt nạ vitamin C + Chiếu ánh sáng sinh học + Massage đầu vai cổ gáy. Gói 4: Gội đầu dưỡng sinh + Đắp mặt nạ trắng sáng da + Massage đầu vai cổ gáy giảm stress. - Thời gian: 9h -19h. Tất cả các ngày trong tuần, không áp dụng các ngày lễ. - ​Massage body không áp dụng cho nam. - Một khách hàng được mua nhiều phiếu. - Sử dụng 1 voucher/ 1 người/ 1 dịch vụ (không bù tiền). - Không áp dụng đồng thời với các chương trình khuyến mãi khác. - Khách hàng vui lòng gọi số Hotline 0964.003.558 book lịch trước để được phục vụ tốt nhất (Trường hợp không đặt hẹn trước, Spa sẽ không chịu trách nhiệm nếu có sai xót xảy ra khi phục vụ). - Phiếu không có giá trị quy đổi thành tiền mặt, không trả lại tiền thừa. - Thanh toán online nhận ngay voucher điện tử.","5,302 đã mua","","2026-08-26T20:46:06.018666"
"www.hotdeal.vn","https://www.hotdeal.vn/ho-chi-minh/massage-cap-doi/paradise-spa-massage-body-vai-gay-da-thong-kinh-lac-goi-dau-371195.html","Paradise Spa - Massage Body/ Vai Gáy/ Đả Thông Kinh Lạc/ Gội Đầu","299000","125000","https://static.hotdeal.vn/images/1736/1735638/400x400/371195-paradise-spa-massage-body-vai-gay-da-thong-kinh-lac-goi-dau.jpg","- Paradise Spa là địa điểm làm đẹp uy tín tại TPHCM với phương châm mang đến cho mọi người một nơi lý tưởng để thư giãn tinh thần và chăm sóc sức khỏe. - Không gian thiết kế thân thiện và ấm cúng, hòa quyện mùi hương tinh dầu thiên nhiên dịu nhẹ. - Cung cấp nhiều gói dịch vụ làm đẹp với mức chi phí hợp lý, từ các liệu trình xông hơi, massage, chăm sóc da, điều trị các vấn đề về da, tắm trắng, triệt lông,... đến các dịch vụ làm nail chất lượng cao. - Máy móc điều trị nhập khẩu mới 100%, được chứng nhận an toàn về mặt y tế bởi các tổ chức uy tín như: Chứng nhận tiêu chuẩn ISO, Chứng nhận FDA (Hoa Kỳ), Chứng nhận CE (Châu Âu). - Sử dụng sản phẩm có thương hiệu rõ ràng từ Úc - Nhật - Mỹ - Pháp. - Đội ngũ chuyên gia & chuyên viên của Paradise Spa 100% đều được huấn luyện & cấp chứng chỉ hoàn thành tất cả các khóa đào tạo kỹ năng chuyên sâu để thực hiện trị liệu cho khách. - Đội ngũ nhân viên nhiệt tình phục vụ chu đáo với phong cách chuyên nghiệp.","- Thời hạn sử dụng voucher: từ 17/06/2026 đến 17/09/2026. - Địa điểm sử dụng voucher: Paradise Spa - 39 Trần Huy Liệu, Phường 11, Quận Phú Nhuận - ĐT: 0949 794536 - 0934 399112. - Fanpage: https://www.facebook.com/profile.php?id=61557512812751 - Áp dụng cho 01 trong 04 gói dịch vụ tại Paradise Spa. + Gói 1: Xông mũi + Massage body thư giãn toàn thân + tinh dầu + foot + Chăm sóc da mặt + Đắp mặt nạ Collagen vàng + Túi thảo dược đắp mắt thư giãn, giảm quầng thâm và vết nhăn + Túi thảo dược đắp vai, gáy giảm đau nhức, mệt mỏi (80 phút). + Gói 2: Trị liệu cổ, vai, gáy kết hợp xông khoang mũi và chườm thảo dược giúp đỡ đau, nhức mỏi, lưu thông khí huyết cổ, vai, gáy (60 phút). + Gói 3: Đả thông kinh lạc trị liệu cổ, vai, gáy, toàn thân kết hợp đắp bùn cứu và chườm thảo dược giúp đỡ đau, nhức mỏi, lưu thông khí huyết toàn thân (80 phút). + Gói 4: Gội đầu dưỡng sinh + Trị liệu đầu, cổ, vai, gáy + Chăm sóc da mặt + Đắp mặt nạ + Túi thảo dược đắp mắt thư giãn, giảm quầng thâm và vết nhăn (70 phút). - Spa luôn luôn phục vụ trái cây, trà thảo mộc và nước uống cho khách. - Áp dụng vào tất cả các ngày trong tuần (kể cả Lễ). Giờ áp dụng: 10h-20h30. - Một khách hàng được mua nhiều phiếu để tặng cho người thân, bạn bè. - Đến với Paradise, khách hàng hoàn toàn yên tâm về chất lượng dịch vụ. Cam kết không có sự phân biệt giữa khách hàng mua deal và khách hàng hiện tại. - Gói 1, 2 và 4 sử dụng 01 phiếu/ 01 người/ 01 gói dịch vụ (không bù tiền). Gói 3 sử dụng 02 phiếu/ 01 người/ 01 gói dịch vụ (không bù tiền). - Áp dụng cho cả nam và nữ. Riêng khách nam phụ thu 100.000 VNĐ, khách nữ nước ngoài phụ thu 100.000 VNĐ và khách nam nước ngoài phụ thu 200.000 VNĐ. - Không áp dụng đồng thời với các chương trình khuyến mãi khác. - Khách hàng vui lòng đặt chỗ để được phục vụ tốt nhất (trường hợp không đặt trước, Spa sẽ không chịu trách nhiệm nếu có bất kỳ sai sót xảy ra khi phục vụ). - Phiếu không có giá trị quy đổi thành tiền mặt, không trả lại tiền thừa. - Thanh toán online nhận ngay voucher điện tử.","4,131 đã mua","","2026-08-26T20:46:08.118551"
"www.hotdeal.vn","https://www.hotdeal.vn/ho-chi-minh/cat-toc-goi-dau-massage/vtm-uc-chau-goi-dau-duong-sinh-massage-dau-co-vai-gay-371203.html","VTM Úc Châu - Gội Đầu Dưỡng Sinh + Massage Đầu, Cổ, Vai, Gáy","300000","89000","https://static.hotdeal.vn/images/1736/1735722/400x400/371203-vtm-uc-chau-goi-dau-duong-sinh-massage-dau-co-vai-gay.jpg","- Thẩm mỹ viện Úc Châu là một trong những đơn vị làm đẹp hàng đầu tại Thành phố Hồ Chí Minh, nhận được nhiều sự tin cậy của nhiều khách hàng. - Cung cấp khoảng 100 loại hình làm đẹp, chia thành hai lĩnh vực chính là: Làm đẹp (thẩm mỹ mũi, mặt, mắt, vùng kín) và Spa (massage và thư giãn). - Phương pháp làm đẹp an toàn, không xâm lấn; công nghệ, kỹ thuật làm đẹp được chuyển giao từ các cường quốc về thẩm mỹ như Hàn Quốc, Anh, Mỹ… - Đội ngũ bác sĩ hơn 10 năm kinh nghiệm, tốt nghiệp từ các trường đại học trong và ngoài nước, có chứng chỉ hành nghề đạt chuẩn. - Không gian làm đẹp sang trọng, hiện đại chuẩn 5 sao luôn được chăm chút kỹ lưỡng, đem đến cho Quý khách hàng những trải nghiệm tốt nhất. - Chất lượng và sự hài lòng của khách hàng luôn là tiêu chí hàng đầu, là kim chỉ nam cho mọi hoạt động tại Thẩm mỹ viện Úc Châu. - Voucher áp dụng cho trọn gói dịch vụ: Gội đầu dưỡng sinh thiên nhiên sản phẩm độc quyền + Massage đầu, cổ, vai, gáy + Chăm sóc da mặt + Đắp mặt nạ (45 phút) tại Viện Thẩm Mỹ Úc Châu.","- Thời hạn sử dụng voucher: từ 20/06/2026 đến 20/09/2026. - Địa điểm sử dụng voucher: Viện Thẩm Mỹ Úc Châu - 719 Lê Hồng Phong, Phường 12, Quận 10. ĐT: 0908 161788 - 0938 780159. - Áp dụng cho Trọn gói dịch vụ Gội đầu dưỡng sinh thiên nhiên sản phẩm độc quyền + Massage đầu, cổ, vai, gáy + Chăm sóc da mặt + Đắp mặt nạ (45 phút) tại Viện Thẩm Mỹ Úc Châu. + Giúp thư giãn, đả thông kinh lạc, lưu thông máu huyết, cải thiện đáng kể các tình trạng đau đầu, mất ngủ, ngủ không sâu giấc, giảm tình trạng ngứa, gãy, rụng tóc. + Giảm đau mỏi vai gáy, tăng cường miễn dịch, cải thiện nội tiết. + Quý khách sẽ có được những trải nghiệm xứng đáng cùng một tinh thần sảng khoái, một mái tóc khỏe, dày, bóng mượt, một cơ thể dẻo dai, tràn đầy năng lượng, cải thiện sức khỏe lâu dài từ bên trong. - Áp dụng vào tất cả các ngày trong tuần. Giờ áp dụng: 9h-19h. - Áp dụng cho cả nam và nữ. - Một khách hàng được mua nhiều phiếu. - Sử dụng 01 phiếu/ 01 người/ 01 gói dịch vụ (Không bù tiền). - Không áp dụng đồng thời với các chương trình khuyến mãi khác. - Khách hàng vui lòng đặt chỗ trước khi đến để được phục vụ tốt nhất. - Phiếu không có giá trị quy đổi thành tiền mặt, không trả lại tiền thừa. - Thanh toán online nhận ngay voucher điện tử.","758 đã mua","","2026-08-26T20:46:10.053401"
"www.hotdeal.vn","https://www.hotdeal.vn/ho-chi-minh/cao-voi-danh-bong-tram-rang/nha-khoa-sao-viet-cao-voi-danh-bong-tram-rang-chat-luong-cao-371216.html","Nha Khoa Sao Việt - Cạo Vôi, Đánh Bóng/ Trám Răng Chất Lượng Cao","150000","49000","https://static.hotdeal.vn/images/1736/1735868/400x400/371216-nha-khoa-sao-viet-cao-voi-danh-bong-tram-rang-chat-luong-cao.jpg","- Nha khoa Sao Việt là một địa chỉ chăm sóc răng miệng uy tín, chất lượng giúp bạn có được hàm răng trắng sáng, chắc khỏe cùng nụ cười rạng rỡ, tỏa nắng. - Nhiều dịch vụ chuyên nghiệp như cạo vôi, đánh bóng, trám răng, tẩy trắng răng, trồng răng sứ, cấy ghép Implant, tiểu phẫu răng khôn,… - Không gian sang trọng, rộng rãi, phòng khám được đầu tư trang thiết bị hiện đại, hệ thống vô trùng tuyệt đối, luôn cập nhật những kỹ thuật điều trị tiên tiến nhất. - Bác sĩ nha khoa có trình độ và kinh nghiệm cao. - Các thao tác chăm sóc răng miệng được thực hiện nhẹ nhàng, giảm đau buốt. - Giá cả phải chăng, phù hợp túi tiền mọi người. - Voucher áp dụng cho Cạo vôi, đánh bóng (2 hàm) hoặc Trám răng chất lượng cao (1 răng) tại Nha Khoa Sao Việt.","- Thời hạn sử dụng voucher: từ 24/06/2026 đến 24/09/2026. - Địa điểm sử dụng voucher : Nha Khoa Sao Việt – 136 Phan Đình Phùng, Phường 2, Quận Phú Nhuận. ĐT: 0937 422522 – 0902 353567. - Website: http://nhakhoasaoviet.com/ - Áp dụng cho dịch vụ Cạo vôi, đánh bóng (2 hàm) hoặc Trám răng chất lượng cao (1 răng) tại Nha Khoa Sao Việt. - Áp dụng vào tất cả các ngày trong tuần (trừ Lễ). Giờ áp dụng: thứ hai đến thứ bảy: 8h-20h, chủ nhật: 8h-17h. - Một khách hàng được mua nhiều phiếu. - Sử dụng 01 phiếu/ 01 người/ 01 lần (không bù tiền). Một khách hàng sử dụng tối đa 2 voucher (1 voucher cạo vôi, 1 voucher trám răng trong vòng 3 tháng). - Không áp dụng đồng thời với các chương trình khuyến mãi khác. - Khách hàng vui lòng điện thoại đặt lịch hẹn trước để nha khoa sắp xếp lịch phù hợp và phục vụ tốt nhất. - Phiếu không có giá trị quy đổi thành tiền mặt, không trả lại tiền thừa. - Thanh toán online nhận ngay voucher điện tử.","12,064 đã mua","","2026-08-26T20:46:11.918863"
"www.hotdeal.vn","https://www.hotdeal.vn/ho-chi-minh/massage-cap-doi/suki-nails-studio-goi-dau-massage-co-vai-gay-ngam-cham-60p-371158.html","Suki Nails Studio - Gội Đầu + Massage Cổ Vai Gáy + Ngâm Châm 60P","200000","89000","https://static.hotdeal.vn/images/1735/1735446/400x400/371158-suki-nails-studio-goi-dau-massage-co-vai-gay-ngam-cham-60p.jpg","- Suki Nails Studio không chỉ là nơi chăm sóc móng mà còn là điểm đến lý tưởng để bạn thư giãn và tái tạo năng lượng sau những ngày bận rộn. - Không gian spa thư giãn, sạch sẽ và riêng tư, mang đến cảm giác dễ chịu ngay từ khi bước vào. - Đội ngũ kỹ thuật viên được đào tạo bài bản, tận tâm trong từng thao tác chăm sóc khách hàng. - Combo Yêu bản thân 60 phút tại Suki Nails Studio kết hợp nhiều bước trong cùng một gói, mang đến trải nghiệm thư giãn toàn diện cho tóc, da mặt, cổ vai gáy và đôi chân. + Gội đầu thảo dược kết hợp thư giãn da đầu, giúp cơ thể thả lỏng, giảm căng thẳng và mang lại cảm giác sảng khoái. + Kỹ thuật massage cổ vai gáy chuyên nghiệp, giúp hỗ trợ giảm đau mỏi, thư giãn cơ bắp và cải thiện cảm giác căng cứng do ngồi làm việc lâu. + Ngâm chân thảo dược giúp cơ thể thư thái, hỗ trợ lưu thông khí huyết và giảm cảm giác mệt mỏi sau một ngày dài. + Sử dụng thảo dược và các sản phẩm chăm sóc có nguồn gốc thiên nhiên, mang lại cảm giác dễ chịu và an tâm khi trải nghiệm. - Phù hợp cho nhân viên văn phòng, phụ nữ sau sinh, người thường xuyên căng thẳng, đau mỏi cổ vai gáy hoặc đơn giản là muốn dành thời gian thư giãn cho chính mình.","- Thời hạn sử dụng voucher: từ 04/06/2026 đến 04/09/2026. - Địa điểm sử dụng voucher: Suki Nails Studio – 136/5 Trần Quang Diệu, Phường Nhiêu Lộc, TP Hồ Chí Minh. - Hotline: 0908 162 455 – Quý khách đặt dịch vụ trước khi đến sử dụng dịch vụ. - Fanpage: https://www.facebook.com/sukinailsstudio2107 - Áp dụng gói dịch vụ Combo Yêu bản thân + 60 phút tại Suki Nails Studio. - Gói Combo thư giãn yêu bản thân - 60 phút: Gội đầu thảo dược thư giãn giảm căng thẳng + Massage trị liệu cổ vai gáy giảm đau mỏi vai gáy + Ủ dưỡng tóc với tinh chất thiên nhiên giúp mềm mượt + Đắp mặt nạ dưỡng da + Ngâm chân thảo dược thiên nhiên giúp lưu thông khí huyết xua tan mệt mỏi. - Áp dụng vào tất cả các ngày trong tuần. - Thời gian áp dụng: 8h30 - 19h thứ 2 đến Chủ nhật tất cả các ngày kể cả lễ tết. - Áp dụng cho nam và nữ, couple. - Sử dụng 01 phiếu/ 01 người/ gói dịch vụ (Không bù tiền). - Giá voucher chưa bao gồm Tips. - Một khách hàng được mua nhiều phiếu. - Không áp dụng đồng thời với các chương trình khuyến mãi khác. - Khách hàng vui lòng đặt chỗ trước khi đến để được phục vụ tốt nhất. - Phiếu không có giá trị quy đổi thành tiền mặt, không trả lại tiền thừa. - Thanh toán online nhận ngay voucher điện tử.","33 đã mua","","2026-08-26T20:46:14.323477"
"www.hotdeal.vn","https://www.hotdeal.vn/ho-chi-minh/triet-long-wax-long/tham-my-ngoc-tien-10-lan-triet-long-diode-laser-tri-mun-371226.html","Thẩm Mỹ Ngọc Tiên - 10 Lần Triệt Lông Diode Laser/ Trị Mụn","1500000","99000","https://static.hotdeal.vn/images/1737/1736923/400x400/371226-tham-my-ngoc-tien-10-lan-triet-long-diode-laser-tri-mun.jpg","- Thẩm mỹ Ngọc Tiên là trung tâm chăm sóc sắc đẹp được đông đảo khách hàng tìm đến nhờ những dịch vụ làm đẹp hiệu quả, an toàn cùng phong cách phục vụ chuyên nghiệp và thân thiện. - Thẩm mỹ Ngọc Tiên cung cấp tất cả các dịch vụ liên quan đến chăm sóc da, tắm trắng, giảm béo, trị mụn, triệt lông, phun xăm thẩm mỹ, massage thư giãn... - Luôn cập nhật các phương pháp trị liệu an toàn, tiên tiến nhất hiện nay kết hợp với việc sử dụng các loại mỹ phẩm cao cấp có thương hiệu rõ ràng. - Tất cả các dịch vụ được thực hiện chuyên nghiệp và do các chuyên viên được đào tạo bài bản theo quy trình an toàn nghiêm ngặt. Toàn bộ kỹ thuật viên của Ngọc Tiên đều có chứng chỉ hành nghề. - Không gian làm đẹp vô cùng lý tưởng với ánh sáng dịu nhẹ, âm nhạc du dương, hương tinh dầu thoang thoảng đem lại cảm giác rất thư thái và dễ chịu. - Voucher áp dụng cho 1 trong 2 gói dịch vụ: Triệt lông/ Trị mụn. - Đặc biệt: Đi 2 người được tặng thêm liệu trình Điện di Vitamin C trắng sáng, trẻ hóa da mặt, mờ thâm, nám tại Spa. - Đặc biệt: Đi 2 người vào khung giờ vàng 9h-12h được tặng thêm liệu trình Ủ trắng mặt cao cấp bằng nhau thai cừu Nhật Bản kết hợp ánh sáng sinh học tại Spa.","- Thời hạn sử dụng voucher: từ 02/07/2026 đến 02/10/2026. - Địa điểm sử dụng voucher: Thẩm Mỹ Ngọc Tiên – 49 Cách Mạng, Phường Tân Thành, Quận Tân Phú. ĐT: 0822 438688. - Áp dụng cho 1 trong 2 gói dịch vụ: + Combo 1: Trọn gói Triệt lông vĩnh viễn công nghệ Diode Laser thế hệ mới với đầu lạnh âm 5 độ C, công suất lên đến 1800W, đạt chứng nhận FDA Hoa Kỳ, mới nhất 2026, siêu nhanh + không đau + an toàn + hiệu quả 100% (10 lần) - Bảo hành 05 năm. - Số lượng voucher áp dụng cho từng vùng: 1/ Mép/ nách: sử dụng 1 voucher/người 2/ Mặt (bao gồm cả mép)/ nửa tay: sử dụng 4 voucher/người 3/ Toàn bộ tay/ nửa chân/ ngực: sử dụng 5 voucher/người 4/ Toàn chân/ toàn bikini/ bụng/ lưng: 6 voucher/người - Khách hàng nên đi hết liệu trình để đạt hiệu quả tối ưu. + Combo 2: Lấy sạch nhân mụn + Điều trị mụn + Trị thâm + Se khít chân lông + Đắp mặt nạ trị mụn kết hợp với ánh sáng sinh học (90 phút). Thẩm Mỹ Ngọc Tiên cam kết sử dụng 1 lần duy nhất các dụng cụ: khăn rửa mặt, ống hút mụn, gạc đắp mặt nạ, cây lấy mụn… nhằm đảm bảo vệ sinh và sạch sẽ nhất cho khách hàng. - Đặc biệt: Đi 2 người được tặng thêm liệu trình Điện di Vitamin C trắng sáng, trẻ hóa da mặt, mờ thâm, nám tại Spa. - Đặc biệt: Đi 2 người vào khung giờ vàng 9h-12h được tặng thêm liệu trình Ủ trắng mặt cao cấp bằng nhau thai cừu Nhật Bản kết hợp ánh sáng sinh học tại Spa. - Thời gian áp dụng: 9h-19h, tất cả các ngày trong tuần (trừ lễ). - Áp dụng cho cả nam và nữ. Không áp dụng cho vùng bikini nam. - Đặc biệt Miễn Tip. - Tất cả các dịch vụ được thực hiện chuyên nghiệp và do các chuyên viên được đào tạo bài bản theo quy trình an toàn nghiêm ngặt. Toàn bộ kỹ thuật viên của Ngọc Tiên đều có chứng chỉ hành nghề. - Một khách hàng được mua nhiều phiếu. - Khách hàng vui lòng đặt chỗ trước khi đến để được phục vụ tốt nhất. - Không áp dụng đồng thời với các chương trình khuyến mãi khác. - Phiếu không có quy đổi thành tiền mặt, không trả lại tiền thừa. - Thanh toán online nhận ngay voucher điện tử.","972 đã mua","","2026-08-26T20:46:17.276733"
"www.hotdeal.vn","https://www.hotdeal.vn/ho-chi-minh/massage-cap-doi/vtm-uc-chau-massage-body-an-huyet-foot-dau-co-vai-gay-371202.html","VTM Úc Châu - Massage Body + Ấn Huyệt + Foot + Đầu, Cổ, Vai, Gáy","599000","179000","https://static.hotdeal.vn/images/1736/1735715/400x400/371202-vtm-uc-chau-massage-body-an-huyet-foot-dau-co-vai-gay.jpg","- Thẩm mỹ viện Úc Châu là một trong những đơn vị làm đẹp hàng đầu tại Thành phố Hồ Chí Minh, nhận được nhiều sự tin cậy của nhiều khách hàng. - Cung cấp khoảng 100 loại hình làm đẹp, chia thành hai lĩnh vực chính là: Làm đẹp (thẩm mỹ mũi, mặt, mắt, vùng kín) và Spa (massage và thư giãn). - Phương pháp làm đẹp an toàn, không xâm lấn; công nghệ, kỹ thuật làm đẹp được chuyển giao từ các cường quốc về thẩm mỹ như Hàn Quốc, Anh, Mỹ… - Đội ngũ bác sĩ hơn 10 năm kinh nghiệm, tốt nghiệp từ các trường đại học trong và ngoài nước, có chứng chỉ hành nghề đạt chuẩn. - Không gian làm đẹp sang trọng, hiện đại chuẩn 5 sao luôn được chăm chút kỹ lưỡng, đem đến cho Quý khách hàng những trải nghiệm tốt nhất. - Chất lượng và sự hài lòng của khách hàng luôn là tiêu chí hàng đầu, là kim chỉ nam cho mọi hoạt động tại Thẩm mỹ viện Úc Châu. - Voucher áp dụng cho trọn gói dịch vụ: Massage body + tinh dầu + ấn huyệt + foot + Massage đầu, cổ, vai, gáy giảm đau nhức, mệt mỏi (60 phút).","- Thời hạn sử dụng voucher: từ 20/06/2026 đến 20/09/2026. - Địa điểm sử dụng voucher: Viện Thẩm Mỹ Úc Châu - 719 Lê Hồng Phong, Phường 12, Quận 10. ĐT: 0908 161788 - 0938 780159. - Áp dụng cho Trọn gói dịch vụ Massage body + tinh dầu + ấn huyệt + foot + Massage đầu, cổ, vai, gáy giảm đau nhức, mệt mỏi (60 phút) tại Viện Thẩm Mỹ Úc Châu. - Áp dụng vào tất cả các ngày trong tuần. Giờ áp dụng: 9h-19h. - Áp dụng cho cả nam và nữ. Có phòng riêng cho cặp đôi không phụ thu. - Một khách hàng được mua nhiều phiếu. - Sử dụng 01 phiếu/ 01 người/ 01 gói dịch vụ (Không bù tiền). - Không áp dụng đồng thời với các chương trình khuyến mãi khác. - Khách hàng vui lòng đặt chỗ trước khi đến để được phục vụ tốt nhất. - Phiếu không có giá trị quy đổi thành tiền mặt, không trả lại tiền thừa. - Thanh toán online nhận ngay voucher điện tử.","484 đã mua","","2026-08-26T20:46:19.176912"
"www.hotdeal.vn","https://www.hotdeal.vn/ho-chi-minh/massage-cap-doi/ty-house-spa-massage-tri-lieu-chuyen-sau-dau-co-vai-gay-lung-371191.html","Ty House Spa - Massage Trị Liệu Chuyên Sâu Đầu, Cổ, Vai, Gáy, Lưng","680000","119000","https://static.hotdeal.vn/images/1736/1735601/400x400/371191-ty-house-spa-massage-tri-lieu-chuyen-sau-dau-co-vai-gay-lung.jpg","- Ty House Spa là trung tâm thẩm mỹ chị tín tại Bình Thạnh, được nhiều em tin tưởng và yêu thích. - Sở hữu cho mình không gian hiện đại với hoàng trang trí nhẹ nhàng, Ty House Spa thật sự là nơi để bạn làm đẹp và thư giãn sau một tuần làm việc căng thẳng. - Đội trải nghiệm ngũ nhân viên có nhiều năm kinh nghiệm, đào tạo bài bản chắc chắn sẽ chinh phục được những khách hàng khó tính nhất. - Với hệ thống máy móc làm đẹp hiện đại, cập nhật những xu hướng làm đẹp mới nhất, Ty House Spa sẽ mang đến cho khách hàng vẻ đẹp toàn diện. - Dịch vụ Massage đả thông kinh lạc liệu cổ vai gáy, lưng tại Ty House Spa giúp: + Massage sữa dưỡng đả thông kinh hỗ trợ giảm đau cổ, gáy và lưng. + Kết hợp ấn sâu giúp thư giãn cơ, giảm căng cứng hiệu quả. + Massage hỗ trợ giảm stress, thư giãn tinh thần. + Đá nóng Himalaya giúp làm ấm cơ thể, hỗ trợ lưu thông huyết khí. + Liệu trình thư giãn 60 phút, phục hồi năng lượng sau thời gian làm việc dài ngày. + Hỗ trợ cải thiện cảm giác mệt mỏi, nặng đầu, mệt mỏi do ngồi lâu hoặc làm việc áp lực.","- Thời hạn sử dụng voucher: từ ngày 09/06/2026 đến ngày 09/09/2026. - Địa điểm sử dụng voucher: Ty House Spa Beauty & Clinic – 243 Lê Quang Định, Phường 7, Quận Bình Thạnh. ĐT: 0939 578898 - 0842 783123 - 0783 909222. - Fanpage: https://www.facebook.com/tyhousespa/ - Áp dụng cho Trọn gói dịch vụ Massage dưỡng sinh đả thông kinh lạc trị liệu đau cổ, vai, gáy, giảm giảm nguy hiểm thì hiệu quả ngay lần đầu tiên + Massage đầu + Đá nóng Himalaya + Ấn cổ, vai, gáy giảm stress, kích thích huyết lưu thông và trẻ hóa da (60 phút) tại Ty House Spa Beauty & Clinic. - Quy trình xử lý được thực hiện chuyên nghiệp, quy trình, đạt hiệu quả như cam kết. - Áp dụng vào tất cả các ngày trong tuần (có cả Lễ). Thời gian áp dụng: 9h-19h. - Áp dụng cho cả nam và nữ. - Một khách hàng được mua nhiều phiếu. - Sử dụng 01 phiếu/ 01 người/ 01 gói dịch vụ (không đủ tiền), Tip tùy ý. - Không áp dụng đồng thời với các chương trình khuyến mãi khác. - Quý khách vui lòng đặt chỗ trước khi đến để được phục vụ tốt nhất. - Phiếu không có giá trị quy đổi thành tiền mặt, không trả lại tiền thừa. - Thanh toán online nhận ngay voucher điện tử.","832 đã mua","","2026-08-26T20:46:21.095466"
"www.hotdeal.vn","https://www.hotdeal.vn/ho-chi-minh/tre-hoa-da-nang-co/skin-lab-by-hung-nguyen-nang-co-tre-hoa-da-cn-hifu-ultherapy-371276.html","Skin Lab By Hung Nguyen - Nâng Cơ, Trẻ Hóa Da CN HIFU Ultherapy","2000000","149000","https://static.hotdeal.vn/images/1736/1736249/400x400/371276-skin-lab-by-hung-nguyen-nang-co-tre-hoa-da-cn-hifu-ultherapy.jpg","- Skin Lab By Hung Nguyen cung cấp đa dạng các dịch vụ như: chăm sóc da, trị mụn, giảm béo, phun xăm thẩm mỹ, massage thư giãn,... đem đến cho tất cả Quý khách hàng cơ hội được trải nghiệm những dịch vụ làm đẹp chất lượng cao, an toàn với mức giá hợp lý nhất. - Các dịch vụ được trực tiếp Chuyên gia Hùng Nguyễn - Giám khảo của cuộc thi The Face Beauty tư vấn liệu trình. - Sử dụng các công nghệ hàng đầu trong lĩnh vực chăm sóc sắc đẹp. - Đội ngũ nhân viên được đào tạo bài bản và chuyên nghiệp. - Không gian sang trọng, hiện đại, đầy đủ tiện nghi. - Voucher áp dụng dịch vụ Nâng cơ & trẻ hóa da với HIFU cao cấp Ultra Therapy tại Skin Lab By Hung Nguyen. - Hiệu quả dịch vụ: 1/ Nâng cơ mặt, tạo mặt V-line 2/ Xóa nhăn, căng da, thu nhỏ lỗ chân lông 3/ Trẻ hóa da tầng sâu, trẻ hơn 10 tuổi so với tuổi thực 4/ Làm sắc nét đường nét của khuôn mặt","- Thời hạn sử dụng voucher: từ 06/07/2026 đến 06/10/2026. - Địa điểm sử dụng voucher: Skin Lab By Hung Nguyen – Số 543/7 Nguyễn Đình Chiểu, Phường 2, Quận 3, TP.HCM. Hotline: 0827 311286 - 0976 435268. - Áp dụng cho Nâng cơ & trẻ hóa da với HIFU cao cấp Ultra Therapy tại Skin Lab By Hung Nguyen. 1/ 1 lần nâng cơ trẻ hóa da giá gốc 2.000.000 VNĐ ưu đãi chỉ còn 149.000 VNĐ. 2/ Trọn gói 5 lần nâng cơ trẻ hóa da giá gốc 10.000.000 VNĐ ưu đãi chỉ còn 599.000 VNĐ. - Hiệu quả dịch vụ: 1/ Nâng cơ mặt, tạo mặt V-line 2/ Xóa nhăn, căng da, thu nhỏ lỗ chân lông 3/ Trẻ hóa da tầng sâu, trẻ hơn 10 tuổi so với tuổi thực 4/ Làm sắc nét đường nét của khuôn mặt - Liệu trình 90 phút. - Áp dụng cho cả mặt và body. - Cam kết thấy ngay hiệu quả cải thiện và kéo dài sau đó. - Thời gian: 9h30 - 19h30. Áp dụng từ T2 - T7. - Sử dụng 01 phiếu/ 01 người/ 01 gói dịch vụ (Không bù tiền)/ 100 shot/lần. - Không áp dụng đồng thời với các chương trình khuyến mãi khác. - Khách hàng vui lòng đặt chỗ trước khi đến để được phục vụ tốt nhất. - Phiếu không có giá trị quy đổi thành tiền mặt, không trả lại tiền thừa. - Thanh toán online nhận ngay voucher điện tử.","3,705 đã mua","","2026-08-26T20:46:23.193240"
"www.hotdeal.vn","https://www.hotdeal.vn/ho-chi-minh/tiem-nail-cham-soc-mong/chang-nails-tron-goi-cham-soc-mong-doi-ban-chan-goi-dau-371193.html","Chang Nails - Trọn Gói Chăm Sóc Móng/ Đôi Bàn Chân/ Gội Đầu","350000","89000","https://static.hotdeal.vn/images/1736/1735621/400x400/371193-chang-nails-tron-goi-cham-soc-mong-doi-ban-chan-goi-dau.jpg","- Chang Nails là một địa chỉ không thể bỏ qua cho các chị em muốn sở hữu những mẫu nail độc đáo, ấn tượng. - Đến Chang Nails, bạn sẽ được trải nghiệm những dịch vụ nail chất lượng như chăm sóc móng, sơn, vẽ, đính đá, đắp gel,... với mức giá vô cùng ưu đãi. - Với đa dạng các mẫu nail độc, lạ cùng kỹ thuật trang trí đạt đến đỉnh cao của nghệ thuật làm móng, Chang Nails cam kết mang đến cho quý khách hàng những bộ móng xinh lung linh để tự tin tỏa sáng ở bất cứ đâu. - Đội ngũ nhân viên Chang Nails là những người tay nghề cao, giàu sức sáng tạo, phong cách làm việc tận tâm. Từng chiếc móng của bạn sẽ được chăm chút cẩn thận từ những chi tiết nhỏ nhất. - Sử dụng các dòng sản phẩm chăm sóc móng của các thương hiệu uy tín, nổi tiếng. Khâu vệ sinh, khử trùng dụng cụ làm móng được Chang Nails thực hiện một cách nghiêm ngặt. - Không gian ấm cúng với đầy đủ tiện nghi, mang đến cho bạn những giây phút thư giãn và chăm sóc sắc đẹp thật tuyệt vời sau những giờ làm việc mệt mỏi.","- Thời hạn sử dụng voucher: từ 14/06/2026 đến 14/09/2026. - Khách hàng vui lòng xuất trình voucher trước khi sử dụng dịch vụ. - Địa điểm sử dụng voucher: Hệ Thống Chang Nails - Hotline 0778 861436 + CN1: 50 Huỳnh Tịnh Của, Phường 19, Quận Bình Thạnh. + CN2: 52 Huỳnh Tịnh Của, Phường 19, Quận Bình Thạnh. + CN3: 216 Vạn Kiếp, Phường 3, Quận Bình Thạnh. + CN4: F44 Cư Xá Vĩnh Hội, Đường Số 50, Phường 2, Quận 4 (sau lưng Chung Cư H3). + CN5: 84/4 Trần Hữu Trang, Phường 10, Quận Phú Nhuận. + CN6: 14 Trần Huy Liệu, Phường 11, Quận Phú Nhuận. + CN7 : 186 Nguyễn Thị Thập, Phường Bình Thuận, Quận 7. - Fanpage: https://www.facebook.com/changnail2018/ - Tiktok: https://www.tiktok.com/@chang.lam.nails/ - Áp dụng cho 01 trong 03 gói dịch vụ tại Chang Nails. + Gói 1 (Chăm sóc móng chuyên nghiệp tay hoặc chân): Ngâm + Dưỡng ẩm + Cắt da định hình móng + Sơn gel + Đính đá/ Ẩn xà cừ/ Ẩn hoa khô/ Vẽ trang trí đơn giản 2 ngón + Dưỡng móng OPI. + Gói 2 (Chăm sóc đôi bàn chân): Ủ gót, ngâm chân nước ấm + Chà gót chân làm hồng chân + Thoa kem dưỡng ẩm. + Gói 3: (Trọn gói gội đầu, massage thư giãn): Gội đầu + Rửa mặt + Massage mặt + Massage đầu, cổ, vai, gáy + Thoa dưỡng tóc + Sấy khô tóc. - Trọn khóa nail từ cơ bản đến nâng cao 18 triệu giảm còn 12 triệu, hỗ trợ sơn gel, máy hơ trên lớp học. - Áp dụng vào tất cả các ngày trong tuần (kể cả Lễ). Giờ áp dụng: 9h-20h. - Áp dụng cho cả nam và nữ. Riêng gói dịch vụ Chăm sóc đôi bàn chân có phụ thu nếu khách hàng có chai sần nhiều (cả nam và nữ). - Một khách hàng được mua nhiều phiếu và được sử dụng cùng lúc nhiều gói dịch vụ. - Sử dụng 01 phiếu/ 01 người/ 01 gói dịch vụ (Không bù tiền). - Không áp dụng đồng thời với các chương trình khuyến mãi khác. - Khách hàng vui lòng đặt chỗ trước khi đến để được phục vụ tốt nhất. - Phiếu không có giá trị quy đổi tiền mặt, không trả lại tiền thừa. - Thanh toán online nhận ngay voucher điện tử.","12,013 đã mua","","2026-08-26T20:46:29.488887"
"www.hotdeal.vn","https://www.hotdeal.vn/ho-chi-minh/massage-cap-doi/ruka-spa-tron-goi-massage-body-goi-dau-duong-sinh-135-371223.html","Ruka Spa - Trọn Gói Massage Body + Gội Đầu Dưỡng Sinh 135’","550000","199000","https://static.hotdeal.vn/images/1736/1736211/400x400/371223-ruka-spa-tron-goi-massage-body-goi-dau-duong-sinh-135.jpg","- Ruka Spa là điểm đến thư giãn được nhiều khách hàng yêu thích tại Quận 1 với không gian yên tĩnh, sạch sẽ, riêng tư cùng đội ngũ kỹ thuật viên được đào tạo bài bản, mang đến các liệu trình chăm sóc sức khỏe và sắc đẹp chuyên nghiệp, hiệu quả cao. - Lựa chọn 01 trong 02 gói dịch vụ Massage body + Gội đầu dưỡng sinh tại Ruka Spa, quý khách có trọn vẹn 135 phút hoàn toàn tách biệt khỏi công việc để cơ thể được chăm sóc, phục hồi từ đầu đến chân. + Xông hơi không giới hạn thời gian, giúp thư giãn và hỗ trợ đào thải độc tố. + Massage body Thụy Điển kết hợp bấm huyệt, tinh dầu, đá nóng và massage chân, hỗ trợ giảm đau nhức, tăng cường lưu thông khí huyết. + Kết hợp liệu pháp thảo dược với túi đắp mắt và gối nóng, mang lại cảm giác thư giãn sâu. + Trải nghiệm gội đầu dưỡng sinh kết hợp massage đầu, cổ, vai, gáy và đắp mặt nạ hoặc gội đầu thư giãn, giúp cơ thể phục hồi toàn diện sau ngày dài làm việc. - Toàn bộ tinh dầu và nguyên liệu sử dụng trong liệu trình đều có nguồn gốc tự nhiên, lành tính và an toàn cho mọi loại da. - Dịch vụ chu đáo, chăm sóc khách hàng ân cần trong suốt quá trình trải nghiệm.","- Thời hạn sử dụng voucher: từ 02/07/2026 đến 02/10/2026. - Địa điểm sử dụng voucher: Ruka Spa – 153/3 Nguyễn Thị Minh Khai, Phường Phạm Ngũ Lão, Quận 1. ĐT: 0909 036268. - Áp dụng cho 01 trong 02 gói dịch vụ (135 phút) tại Ruka Spa. + Gói 1: 1. Xông hơi không giới hạn thời gian. 2. Massage body Thụy Điển kết hợp bấm huyệt + tinh dầu + đá nóng + foot (60 phút). 3. Túi thảo dược đắp mắt thư giãn, giảm quầng thâm và vết nhăn. 4. Nằm gối nóng thảo dược giảm đau nhức, mệt mỏi. 5. Gội đầu dưỡng sinh + Massage đầu, cổ, vai, gáy + Đắp mặt nạ (60 phút). + Gói 2: 1. Xông hơi không giới hạn thời gian. 2. Massage body Thụy Điển kết hợp bấm huyệt + tinh dầu + đá nóng + foot (90 phút). 3. Túi thảo dược đắp mắt thư giãn, giảm quầng thâm và vết nhăn. 4. Nằm gối nóng thảo dược giảm đau nhức, mệt mỏi. 5. Gội đầu thư giãn (30 phút). - Áp dụng vào tất cả các ngày trong tuần (kể cả Lễ). Giờ áp dụng: 9h-22h. - Áp dụng cho cả nam và nữ. - Một khách hàng được mua nhiều phiếu. - Sử dụng 01 phiếu/ 01 người/ 01 gói dịch vụ (Không bù tiền). - Không áp dụng đồng thời với các chương trình khuyến mãi khác. - Khách hàng vui lòng đặt chỗ trước khi đến để được phục vụ tốt nhất. - Phiếu không có giá trị quy đổi thành tiền mặt, không trả lại tiền thừa. - Thanh toán online nhận ngay voucher điện tử.","169 đã mua","","2026-08-26T20:46:32.124633"
"www.hotdeal.vn","https://www.hotdeal.vn/ho-chi-minh/massage-cap-doi/lotus-spa-massage-tri-lieu-co-vai-gay-goi-dau-cham-soc-da-370801.html","Lotus Spa - Massage Trị Liệu Cổ Vai Gáy + Gội Đầu + Chăm Sóc Da","550000","199000","https://static.hotdeal.vn/images/1732/1732285/400x400/370801-lotus-spa-massage-tri-lieu-co-vai-gay-goi-dau-cham-soc-da.jpg","- Lotus Spa vừa là một địa chỉ làm đẹp uy tín, chất lượng, vừa là nơi lý tưởng để bạn trải nghiệm những giây phút thư giãn, giải tỏa căng thẳng cuộc sống. - Phục vụ đa dạng các dịch vụ làm đẹp và thư giãn như chăm sóc da, massage trị liệu, giảm béo, gội đầu… - Cơ sở vật chất, trang thiết bị hiện đại, sử dụng dòng mỹ phẩm cao cấp. - Không gian spa yên tĩnh tuyệt đối, đem đến cho bạn những phút giây thư giãn tuyệt vời. - Đội ngũ kỹ thuật viên chuyên nghiệp, giàu kinh nghiệm, phục vụ tận tình. - Khuyến mãi đặc biệt áp dụng cho 1 trong 2 Combo 60’ tại Lotus Spa: Ngâm chân + Trị liệu nhức mỏi vùng cổ, vai + gáy + đầu/ Gội đầu + Chăm sóc da mặt.","- Thời hạn sử dụng voucher: Đến 31/12//2026. - Địa điểm sử dụng voucher: Lotus Spa – Skincare & Clinic - 143 bis Trần Quang Khải, Phường Tân Định, TP. Hồ Chí Minh. ĐT: 0931 337 768. - Khuyến mãi đặc biệt áp dụng cho 1 trong 2 combo 60’ tại Lotus Spa. + Combo 1: Ngâm chân + Trị liệu nhức mỏi vùng cổ, vai + gáy + đầu 60 phút giúp máu huyết lưu thông, thoát khỏi các cơn đau, giảm stress, dễ ngủ, cơ thể được thư giãn, nhẹ nhàng. + Combo 2: Gội đầu thư giãn + Massage đầu, cổ, vai, gáy + Chăm sóc da mặt + Đắp mặt nạ 60’. - Thời gian: 9h - 19h, tất cả các ngày trong tuần. Không áp dụng ngày lễ. - Áp dụng cho nam và nữ, couple (massage khỏe). Có phòng riêng cho couple. - Khách hàng vui lòng liên hệ đặt chỗ trước khi đến để được phục vụ tốt nhất. - Sử dụng 01 voucher/ 01 dịch vụ/ 01 người (không bù thêm tiền). - Khách hàng có thể mua nhiều phiếu để sử dụng hoặc tặng bạn bè. - Không áp dụng đồng thời với các chương trình khuyến mãi khác. - Khách hàng vui lòng liên hệ đặt chỗ trước khi đến để được phục vụ tốt nhất. Trường hợp khách hàng không đặt chỗ trước, Spa có quyền từ chối phục vụ. - Phiếu không có giá trị quy đổi thành tiền mặt, không trả lại tiền thừa. - Thanh toán online nhận ngay voucher điện tử.","214 đã mua","","2026-08-26T20:46:34.681657"
"www.hotdeal.vn","https://www.hotdeal.vn/ho-chi-minh/massage-cap-doi/lotus-spa-massage-body-da-nong-tri-lieu-90-triet-long-370800.html","Lotus Spa - Massage Body, Đá Nóng, Trị Liệu 90'/ Triệt Lông","1100000","299000","https://static.hotdeal.vn/images/1732/1732293/400x400/370800-lotus-spa-massage-body-da-nong-tri-lieu-90-triet-long.jpg","- Lotus Spa vừa là một địa chỉ làm đẹp uy tín, chất lượng, vừa là nơi lý tưởng để bạn trải nghiệm những giây phút thư giãn, giải tỏa căng thẳng cuộc sống. - Phục vụ đa dạng các dịch vụ làm đẹp và thư giãn như chăm sóc da, massage trị liệu, giảm béo, gội đầu… - Cơ sở vật chất, trang thiết bị hiện đại, sử dụng dòng mỹ phẩm cao cấp. - Không gian spa yên tĩnh tuyệt đối, đem đến cho bạn những phút giây thư giãn tuyệt vời. - Đội ngũ kỹ thuật viên chuyên nghiệp, giàu kinh nghiệm, phục vụ tận tình. - Khuyến mãi đặc biệt áp dụng cho ""Spa thả ga - Massage thỏa thích"": Thư giãn không giới hạn, chăm sóc toàn diện với lựa chọn 1 trong 9 gói trị liệu cao cấp 90’. - Độc quyền về các bài Bấm huyệt + Massage body, foot + Đá nóng trị liệu nhức mỏi vùng cổ, vai + gáy + lưng giúp máu huyết lưu thông, thoát khỏi các cơn đau, giảm áp lực tại cột sống, giảm tress, dễ ngủ, cơ thể được thư giãn, nhẹ nhàng.","- Thời hạn sử dụng voucher: Đến 31/12//2026. - Địa điểm sử dụng voucher: Lotus Spa – Skincare & Clinic - 143 bis Trần Quang Khải, Phường Tân Định, TP. Hồ Chí Minh. ĐT: 0931 337 768. - Khuyến mãi đặc biệt áp dụng cho ""Spa thả ga - Massage thỏa thích"": Thư giãn không giới hạn, chăm sóc toàn diện với lựa chọn 1 trong 9 gói trị liệu cao cấp 90’. - Độc quyền về các bài Bấm huyệt + Massage body, foot + Đá nóng trị liệu nhức mỏi vùng cổ, vai + gáy + lưng giúp máu huyết lưu thông, thoát khỏi các cơn đau, giảm áp lực tại cột sống, giảm tress, dễ ngủ, cơ thể được thư giãn, nhẹ nhàng. + Combo 1: Massage body tổng hợp 90' (Ngâm Chân + Bấm huyệt + Massage body, trị liệu cổ vai gáy, đả thông kinh lạc + Đá nóng). + Combo 2: Massage trị liệu lưng, vai, đầu, cổ 60' + Massage chân bằng đá nóng 30'. + Combo 3: Massage Thụy Điển 60' giúp giảm căng cơ + Massage đầu 30'. + Combo 4: Massage đá nóng 60' + Gội đầu, thư giãn 30'. + Combo 5: Massage trị liệu lưng, vai, đầu, cổ 30' + Massage chân bằng đá nóng 30' + Gội đầu, thư giãn 30'. + Combo 6: Massage trị liệu lưng, vai, đầu, cổ 30' + Chăm sóc da giảm stress với mặt nạ collagen 60'. + Combo 7: Massage chân với thảo dược, muối khoáng và đá nóng 60' + Tẩy tế bào chết, đắp mặt nạ thư giãn 30'. + Combo 8: Chăm sóc da + Trẻ hóa da với sữa ong chúa 60' + Gội và massage đầu 30'. + Combo 9: Trọn gói Triệt lông vĩnh viễn kết hợp trẻ hóa da, trị thâm công nghệ Diode Lazer cao cấp mới nhất 2026, siêu nhanh + không đau + an toàn + hiệu quả 100% (10 lần). - Số lượng voucher áp dụng cho từng vùng: + Mép/ nách: 1 voucher + Nửa tay: 2 voucher + Mặt/ tay/ nửa chân/bikini: 4 voucher + Chân: 5 voucher - Tặng đắp thuốc thải độc tái tạo năng lượng hoặc chiếu đèn cho khách sử dụng ở lần thứ 2. - Thời gian: 9h - 19h, tất cả các ngày trong tuần. Không áp dụng ngày lễ. - Áp dụng cho nam và nữ, couple (massage khỏe). Có phòng riêng cho couple. - Khách hàng vui lòng liên hệ đặt chỗ trước khi đến để được phục vụ tốt nhất. - Sử dụng 01 voucher/ 01 dịch vụ/ 01 người (không bù thêm tiền). - Khách hàng có thể mua nhiều phiếu để sử dụng hoặc tặng bạn bè. - Không áp dụng đồng thời với các chương trình khuyến mãi khác. - Khách hàng vui lòng liên hệ đặt chỗ trước khi đến để được phục vụ tốt nhất. Trường hợp khách hàng không đặt chỗ trước, Spa có quyền từ chối phục vụ. - Phiếu không có giá trị quy đổi thành tiền mặt, không trả lại tiền thừa. - Thanh toán online nhận ngay voucher điện tử.","248 đã mua","","2026-08-26T20:46:37.180971"
"www.hotdeal.vn","https://www.hotdeal.vn/ho-chi-minh/massage-cap-doi/ngoc-thanh-healthy-tron-goi-massage-body-foot-85-371198.html","Ngọc Thanh Healthy - Trọn Gói Massage Body/ Foot 85’","290000","119000","https://static.hotdeal.vn/images/1736/1735663/400x400/371198-ngoc-thanh-healthy-tron-goi-massage-body-foot-85.jpg","Lý do nên chọn Ngọc Thanh Healthy: - Dịch vụ massage đa dạng và hiệu quả: Massage body, masage foot, giúp cơ thể bạn phục hồi năng lượng, xua tan mệt mỏi và mang lại cảm giác sảng khoái tức thì. - Đội ngũ kỹ thuật viên giàu kinh nghiệm, giỏi tay nghề: Các kỹ thuật viên tại Ngọc Thanh Healthy đều được đào tạo bài bản về các liệu pháp massage body và foot chuyên sâu. - Kết hợp thảo dược thiên nhiên: Sử dụng thảo dược tự nhiên để tăng cường hiệu quả trị liệu, giúp thư giãn sâu và đẩy lùi các yếu tố gây mệt mỏi trong cơ thể. - Không gian thư giãn: Ngọc Thanh Healthy được thiết kế với không gian ấm cúng, yên tĩnh và tinh tế, tạo cảm giác thoải mái cho khách hàng ngay từ khi bước vào. - Dịch vụ chuyên nghiệp: Mỗi khách hàng đến với Ngọc Thanh Healthy đều được tư vấn và lựa chọn liệu trình phù hợp, mang lại hiệu quả cao nhất. - Giá cả hợp lý: Ngọc Thanh Healthy cam kết mang lại dịch vụ massage chất lượng với mức giá hợp lý, phù hợp với mọi khách hàng.","- Thời hạn sử dụng voucher: từ 19/06/2026 đến 19/09/2026. - Địa điểm sử dụng voucher: Ngọc Thanh Healthy – 235 Ba Tháng Hai, Phường 10, Quận 10. ĐT: 028 36201255 - 0985 525102. - Áp dụng cho 01 trong 02 gói dịch vụ (85 phút) tại Ngọc Thanh Healthy. + Gói 1: 1. Xông hơi (20 phút). 2. Massage body kết hợp bấm huyệt + tinh dầu + đá nóng + Ngâm chân thảo dược (65 phút). 3. Cạo gió, giác hơi. + Gói 2: 1. Xông hơi (20 phút). 2. Massage foot kết hợp bấm huyệt + Ngâm chân thảo dược (65 phút). 3. Đắp mặt. 4. Nằm gối thảo dược. 5. Cạo gió, giác hơi. - Áp dụng vào tất cả các ngày trong tuần (trừ Lễ). Giờ áp dụng: 10h-23h. Nhận khách đến 19h30. - Áp dụng cho cả nam và nữ. - Một khách hàng được mua nhiều phiếu. - Sử dụng 01 phiếu/ 01 người/ 01 gói dịch vụ (không bù tiền), tối đa 01 phiếu/ 01 người/ 01 tháng, chưa bao gồm Tip. - Không áp dụng đồng thời với các chương trình khuyến mãi khác. - Khách hàng vui lòng đặt chỗ trước khi đến để được phục vụ tốt nhất. - Phiếu không có giá trị quy đổi thành tiền mặt, không trả lại tiền thừa. - Thanh toán online nhận ngay voucher điện tử.","1,249 đã mua","","2026-08-26T20:46:39.078384"
"www.hotdeal.vn","https://www.hotdeal.vn/ho-chi-minh/cao-voi-danh-bong-tram-rang/nha-khoa-hop-nhat-ap-dung-tat-ca-cac-dich-vu-371200.html","Nha Khoa Hợp Nhất - Áp Dụng Tất Cả Các Dịch Vụ","300000","90000","https://static.hotdeal.vn/images/1736/1735694/400x400/371200-nha-khoa-hop-nhat-ap-dung-tat-ca-cac-dich-vu.jpg","- Nha khoa Hợp Nhất cung cấp các dịch vụ chăm sóc răng chuyên nghiệp như: Cạo vôi - đánh bóng, trám răng, nhổ răng, điều trị tủy, răng tháo lắp, cắm Implant, răng sứ Titan, đặc biệt răng toàn sứ (Cercon Zirconia) và nhiều loại dịch vụ khác. - Trang bị hệ thống máy chụp Xquang kỹ thuật số, công nghệ nha khoa hiện đại nhất hiện nay. - Hệ thống thanh trùng đạt tiêu chuẩn Châu Âu, quy trình vô trùng dụng cụ nghiêm ngặt được đảm bảo sạch sẽ, an toàn tuyệt đối. - Cơ sở vật chất khang trang, đạt tiêu chuẩn quốc tế. - Đội ngũ bác sĩ uy tín, kinh nghiệm trên 14 năm, tận tâm, tay nghề giỏi, tư vấn kỹ, đã được đào tạo trong và ngoài nước. - Tham khảo bảng giá tại đây .","- Thời hạn sử dụng voucher: từ 20/06/2026 đến 20/09/2026. - Địa điểm sử dụng voucher: Nha Khoa Hợp Nhất - 403 Lê Hồng Phong, Phường 2, Quận 10. ĐT: 0906 031291 - 0906 031297 - 0938 811844. - Áp dụng cho Tất cả các dịch vụ tại Nha Khoa Hợp Nhất. Khách hàng không bù thêm tiền khi sử dụng dịch vụ cạo vôi – đánh bóng (không bao gồm nha chu) hoặc trám răng. - Tham khảo bảng giá tại đây . - Áp dụng từ thứ hai đến thứ bảy (trừ Lễ). Giờ áp dụng: 8h-12h, 14h-19h. - Một khách hàng được mua nhiều phiếu. - Sử dụng nhiều phiếu/ bill thanh toán (theo bảng áp dụng voucher). - Được cộng dồn voucher theo bảng giá dịch vụ đính kèm. - Không áp dụng đồng thời với các chương trình khuyến mãi khác. - Khách hàng vui lòng đặt chỗ trước khi đến để được phục vụ tốt nhất. - Phiếu không có giá trị quy đổi thành tiền mặt, không trả lại tiền thừa. - Thanh toán online nhận ngay voucher điện tử.","11,870 đã mua","","2026-08-26T20:46:40.962287"
"www.hotdeal.vn","https://www.hotdeal.vn/ho-chi-minh/tay-trang-rang/nha-khoa-hop-nhat-tay-trang-rang-bang-den-plasma-371201.html","Nha Khoa Hợp Nhất - Tẩy Trắng Răng Bằng Đèn Plasma","2500000","450000","https://static.hotdeal.vn/images/1736/1735705/400x400/371201-nha-khoa-hop-nhat-tay-trang-rang-bang-den-plasma.jpg","- Tẩy trắng răng bằng đèn Plasma tại Nha khoa Hợp Nhất mang lại hiệu quả cao, không đau buốt. - Trang bị hệ thống máy chụp X-quang kỹ thuật số, công nghệ nha khoa hiện đại nhất hiện nay. - Hệ thống thanh trùng đạt tiêu chuẩn Châu Âu, quy trình vô trùng dụng cụ nghiêm ngặt được đảm bảo sạch sẽ, an toàn tuyệt đối. - Cơ sở vật chất khang trang, đạt tiêu chuẩn quốc tế. - Đội ngũ bác sĩ uy tín, kinh nghiệm trên 14 năm, tận tâm, tay nghề giỏi, tư vấn kỹ, đã được đào tạo trong và ngoài nước. - Ngoài tẩy trắng răng, Nha khoa Hợp Nhất còn cung cấp các dịch vụ chăm sóc răng chuyên nghiệp như: Cạo vôi – đánh bóng, trám răng, nhổ răng, điều trị tủy, răng tháo lắp, cắm Implant, đặc biệt răng toàn sứ (Cercon Zirconia) và nhiều dịch vụ khác.","- Thời hạn sử dụng voucher: từ 20/06/2026 đến 20/09/2026. - Địa điểm sử dụng voucher: Nha Khoa Hợp Nhất - 403 Lê Hồng Phong, Phường 2, Quận 10. ĐT: 0906 031291 - 0906 031297 - 0938 811844. - Áp dụng cho dịch vụ Tẩy trắng răng bằng đèn Plasma tại Nha Khoa Hợp Nhất. - Áp dụng từ thứ hai đến thứ bảy (trừ Lễ). Giờ áp dụng: 8h-12h, 14h-19h. - Một khách hàng được mua nhiều phiếu. - Sử dụng 01 phiếu/ 01 người/ 01 lần (không bù tiền). - Không áp dụng đồng thời với các chương trình khuyến mãi khác. - Khách hàng vui lòng đặt chỗ trước khi đến để được phục vụ tốt nhất. - Phiếu không có giá trị quy đổi thành tiền mặt, không trả lại tiền thừa. - Thanh toán online nhận ngay voucher điện tử.","961 đã mua","","2026-08-26T20:46:42.919932"
"www.hotdeal.vn","https://www.hotdeal.vn/ho-chi-minh/cao-voi-danh-bong-tram-rang/nha-khoa-qt-emis-cao-voi-dieu-tri-nha-chu-nho-tram-rang-371194.html","Nha Khoa QT Emis - Cạo Vôi/ Điều Trị Nha Chu/ Nhổ/ Trám Răng","500000","99000","https://static.hotdeal.vn/images/1736/1735622/400x400/371194-nha-khoa-qt-emis-cao-voi-dieu-tri-nha-chu-nho-tram-rang.jpg","- Nha khoa Quốc tế Emis quy tụ đội ngũ bác sĩ giỏi, nhiều kinh nghiệm trong điều trị và thẩm mỹ nha khoa, tận tâm đồng hành cùng khách hàng. - Trang thiết bị hiện đại, công nghệ tiên tiến đạt chuẩn quốc tế, giúp chẩn đoán và điều trị chính xác, nhanh chóng. - Quy trình vô trùng tuyệt đối, đảm bảo an toàn tối đa cho khách hàng trong mọi dịch vụ. - Sử dụng vật liệu nha khoa cao cấp, đạt chứng nhận an toàn, mang lại kết quả bền lâu và tự nhiên. - Dịch vụ nhẹ nhàng – ít đau – nhanh hồi phục, mang đến trải nghiệm thoải mái ngay cả với khách hàng sợ nha khoa. - Thân thiện với cả người lớn và trẻ em, có không gian ấm cúng, tâm lý hỗ trợ để bé không lo lắng khi thăm khám. - Chính sách chăm sóc khách hàng chu đáo, tư vấn tận tình và minh bạch chi phí. - Áp dụng cho dịch vụ Cạo vôi, đánh bóng/ Điều trị nha chu/ Nhổ răng lung lay người lớn/ Nhổ răng trẻ em/ Trám răng tại Nha Khoa Quốc Tế Emis.","- Thời hạn sử dụng voucher: từ 16/06/2026 đến 16/09/2026. - Địa điểm sử dụng voucher: Nha Khoa Quốc Tế Emis – 62B Phạm Ngọc Thạch, Phường Võ Thị Sáu, Quận 3. ĐT: 0919 100021 - 0768 117068. - Áp dụng cho dịch vụ Cạo vôi, đánh bóng/ Điều trị nha chu/ Nhổ răng lung lay người lớn/ Nhổ răng trẻ em/ Trám răng tại Nha Khoa Quốc Tế Emis. + Cạo vôi, đánh bóng (2 hàm)/ Điều trị nha chu (1 răng)/ Nhổ răng lung lay người lớn (1 răng)/ Nhổ răng trẻ em (1 răng): 1 voucher (không bù tiền). + Trám răng (1 răng): 1 voucher + bù thêm 50.000 VNĐ. - Áp dụng vào tất cả các ngày trong tuần (trừ Lễ). Giờ áp dụng: thứ hai đến thứ bảy: 8h-19h, chủ nhật: 8h15-17h. - Một khách hàng được mua nhiều phiếu. - Một khách hàng chỉ được sử dụng tối đa 01 phiếu/ 01 gói dịch vụ (không bù tiền). - Không áp dụng đồng thời với các chương trình khuyến mãi khác. - Khách hàng vui lòng đặt chỗ trước khi đến để được phục vụ tốt nhất. - Phiếu không có giá trị quy đổi thành tiền mặt, không trả lại tiền thừa. - Thanh toán online nhận ngay voucher điện tử.","240 đã mua","","2026-08-26T20:46:45.540900"
"www.hotdeal.vn","https://www.hotdeal.vn/ho-chi-minh/tay-trang-rang/white-smile-dental-tay-trang-rang-cong-nghe-plasma-cao-cap-2026-371122.html","White Smile Dental - Tẩy Trắng Răng Công Nghệ Plasma Cao Cấp 2026","2500000","990000","https://static.hotdeal.vn/images/1735/1735034/400x400/371122-white-smile-dental-tay-trang-rang-cong-nghe-plasma-cao-cap-2026.jpg","- Đến Nha khoa Thẩm mỹ White Smile Dental, khách hàng được tư vấn, thăm khám và đưa ra kế hoạch điều trị các bệnh lý răng miệng bởi các bác sĩ có tay nghề chuyên môn kỹ thuật cao. - Trải nghiệm phòng khám chuẩn y khoa quốc tế hiện đại. Không gian rộng rãi, được vệ sinh thường xuyên để tạo môi trường an toàn, sạch sẽ cho khách hàng. - Trang thiết bị đều được nhập khẩu từ nước ngoài như máy nội nha Tri Auto ZX2, ghế nha khoa chuyên dụng Osstem... - Giá cả cạnh tranh, chất lượng dịch vụ hoàn hảo. Khách hàng được hưởng nhiều ưu đãi đặc biệt sau khi sử dụng dịch vụ tại phòng khám. - Voucher áp dụng cho dịch vụ tẩy trắng răng công nghệ Plasma giúp hô biến hàm răng vàng ố, xỉn màu thành hàm răng trắng sáng, bật tone rõ rệt, không gây ê buốt, không ảnh hưởng đến nướu.","- Thời hạn sử dụng voucher: từ 22/05/2026 đến 22/11/2026. - Địa điểm sử dụng: Nha Khoa Thẩm Mỹ White Smile Dental - 104 Nguyễn Công Trứ, P.Sài Gòn, TP.HCM - 0842227388 - 085 222 7388. - Fanpage: https://www.facebook.com/nhakhoacayghep/ - Áp dụng cho dịch vụ tẩy trắng răng công nghệ Plasma giúp hô biến hàm răng vàng ố, xỉn màu thành hàm răng trắng sáng, bật tone rõ rệt, không gây ê buốt, không ảnh hưởng đến nướu. - Đối tượng áp dụng: nam/ nữ. - Cam kết thấy được hiệu quả sau lần đầu sử dụng dịch vụ. - Sử dụng 1 voucher/ 1 người/ 1 lần (không bù thêm tiền). - Không áp dụng đồng thời với chương trình khuyến mãi khác. - Thời gian làm việc: 9h - 18h tất cả các ngày trong tuần. - Không áp dụng lễ tết. - Khách hàng vui lòng đặt chỗ trước khi đến để được phục vụ tốt nhất. - Voucher không có giá trị quy đổi thành tiền mặt, không trả lại tiền thừa. - Thanh toán online nhận ngay voucher điện tử.","11 đã mua","","2026-08-26T20:46:47.452387"
"www.hotdeal.vn","https://www.hotdeal.vn/ho-chi-minh/cat-toc-goi-dau-massage/ruka-spa-goi-dau-duong-sinh-massage-dau-co-vai-gay-371222.html","Ruka Spa - Gội Đầu Dưỡng Sinh + Massage Đầu, Cổ, Vai, Gáy","200000","99000","https://static.hotdeal.vn/images/1736/1736198/400x400/371222-ruka-spa-goi-dau-duong-sinh-massage-dau-co-vai-gay.jpg","- Ruka Spa là điểm đến thư giãn được nhiều khách hàng yêu thích tại Quận 1 với không gian yên tĩnh, sạch sẽ, riêng tư cùng đội ngũ kỹ thuật viên được đào tạo bài bản, mang đến các liệu trình chăm sóc sức khỏe và sắc đẹp chuyên nghiệp, hiệu quả cao. - Trọn gói Gội đầu dưỡng sinh + Massage đầu, cổ, vai, gáy + Đắp mặt nạ trong 60 phút tại Ruka Spa giúp: + Hỗ trợ giảm căng thẳng, thư giãn vùng đầu, cổ, vai, gáy sau những giờ làm việc mệt mỏi. + Chăm sóc da đầu, mái tóc và làn da trong cùng một liệu trình. + Phù hợp cho dân văn phòng, người thường xuyên làm việc với máy tính hoặc cần phục hồi năng lượng sau ngày dài. - Toàn bộ tinh dầu và nguyên liệu sử dụng trong liệu trình đều có nguồn gốc tự nhiên, lành tính và an toàn cho mọi loại da. - Dịch vụ chu đáo, chăm sóc khách hàng ân cần trong suốt quá trình trải nghiệm.","- Thời hạn sử dụng voucher: từ 02/07/2026 đến 02/10/2026. - Địa điểm sử dụng voucher: Ruka Spa – 153/3 Nguyễn Thị Minh Khai, Phường Phạm Ngũ Lão, Quận 1. ĐT: 0909 036268. - Áp dụng cho Trọn gói dịch vụ Gội đầu dưỡng sinh + Massage đầu, cổ, vai, gáy + Đắp mặt nạ (60 phút) tại Ruka Spa. - Áp dụng vào tất cả các ngày trong tuần (kể cả Lễ). Giờ áp dụng: 9h-22h. - Áp dụng cho cả nam và nữ. - Một khách hàng được mua nhiều phiếu. - Sử dụng 01 phiếu/ 01 người/ 01 gói dịch vụ (Không bù tiền). - Không áp dụng đồng thời với các chương trình khuyến mãi khác. - Khách hàng vui lòng đặt chỗ trước khi đến để được phục vụ tốt nhất. - Phiếu không có giá trị quy đổi thành tiền mặt, không trả lại tiền thừa. - Thanh toán online nhận ngay voucher điện tử.","76 đã mua","","2026-08-26T20:46:49.974153"
"www.hotdeal.vn","https://www.hotdeal.vn/ho-chi-minh/cat-toc-goi-dau-massage/lhala-spa-salon-nhuom-cham-soc-da-dau-meso-khong-kim-371350.html","LHALA# Spa & Salon - Nhuộm/ Chăm Sóc Da Đầu/ Meso Không Kim","1200000","299000","https://static.hotdeal.vn/images/1737/1736883/400x400/371350-lhala-spa-salon-nhuom-cham-soc-da-dau-meso-khong-kim.jpg","- LHALA# Spa & Salon là cung cấp đa dạng các liệu trình chăm sóc chuyên sâu, từ làm tóc, phục hồi tóc, chăm sóc da đầu đến làm đẹp da… - Ứng dụng nhiều công nghệ và phương pháp chăm sóc hiện đại như Aqua Head Spa Punch, Elrohi Premium Scalp, Mderma Jet và Lhala Jet. - Tất cả máy móc, trang thiết bị, sản phẩm sử dụng tại Salon đều được nhập khẩu trực tiếp từ Hàn Quốc và chỉ có tại LHALA# Spa & Salon. - Chú trọng cá nhân hóa liệu trình, lựa chọn sản phẩm và phương pháp phù hợp với tình trạng tóc, da đầu và làn da của từng khách hàng. - Không gian được thiết kế theo hướng thư giãn và chăm sóc toàn diện, giúp khách hàng vừa làm đẹp vừa tận hưởng khoảng thời gian nghỉ ngơi. - Đội ngũ kỹ thuật viên tận tâm, thực hiện các bước chăm sóc tỉ mỉ và chuyên nghiệp, mang đến trải nghiệm thoải mái trong suốt liệu trình. - Áp dụng cho 01 trong 04 gói dịch vụ tại LHALA# Spa & Salon: Nhuộm tóc/ Chăm sóc da đầu và phục hồi tóc/ Meso không kim/ Chăm sóc da chuyên sâu. - Cam kết sử dụng mỹ phẩm chính hãng và bảo hành về chất lượng mái tóc sau khi làm sẽ bóng khỏe, mềm mượt.","- Thời hạn sử dụng voucher: từ 24/08/2026 đến 24/11/2026. - Địa điểm sử dụng voucher: LHALA# Spa & Salon - 848 Trần Hưng Đạo, Phường 7, Quận 5 (Phường An Đông). ĐT: 0933 509158. - Áp dụng cho 01 trong 04 gói dịch vụ tại LHALA# Spa & Salon. + Gói 1: Nhuộm (màu tự nhiên, màu công sở, phủ bạc) + Cắt + Gội đầu bằng máy Aqua Head Spa Punch + Sấy tạo kiểu + Phục hồi Protein. + Gói 2: Chăm sóc da đầu và phục hồi tóc, hỗ trợ mọc tóc ELROHI PREMIUM SCALP. + Gói 3: Meso không kim MDERMA JET căng bóng da chuẩn Hàn Quốc. + Dưỡng ẩm sâu, căng bóng da. + Làm sáng da. + Giảm mụn. + Giảm mỡ body hoặc mặt. + Hỗ trợ mọc tóc. - Hiệu quả 70% sau 1 tuần. Phục hồi da, giảm thâm, giúp da khoẻ mạnh, căng bóng mịn màng. + Gói 4: Chăm sóc da chuyên sâu, làm sạch bã nhờn, mụn đầu đen, đều màu da + Đắp mặt nạ dịu da Cellabel Modeling công nghệ LHALA JET. - Áp dụng từ thứ ba đến chủ nhật (kể cả Lễ). Giờ áp dụng: 9h-19h. - Cam kết sử dụng mỹ phẩm chính hãng và bảo hành về chất lượng mái tóc sau khi làm sẽ bóng khỏe, mềm mượt. - Tất cả máy móc, trang thiết bị, sản phẩm sử dụng tại Salon đều được nhập khẩu trực tiếp từ Hàn Quốc và chỉ có tại LHALA# Spa & Salon. - Áp dụng cho cả nam và nữ. - Một khách hàng được mua nhiều phiếu. - Sử dụng 01 phiếu/ 01 người/ 01 gói dịch vụ (không bù tiền). - Không áp dụng đồng thời với các chương trình khuyến mãi khác. - Khách hàng vui lòng đặt chỗ trước khi đến để được phục vụ tốt nhất. - Phiếu không có giá trị quy đổi thành tiền mặt, không trả lại tiền thừa. - Thanh toán online nhận ngay voucher điện tử.","10 đã mua","","2026-08-26T20:46:52.429087"
"www.hotdeal.vn","https://www.hotdeal.vn/ho-chi-minh/cat-toc-goi-dau-massage/ty-house-spa-goi-dau-duong-sinh-massage-dau-co-vai-gay-371152.html","Ty House Spa - Gội Đầu Dưỡng Sinh + Massage Đầu, Cổ, Vai, Gáy","300000","149000","https://static.hotdeal.vn/images/1735/1735268/400x400/371152-ty-house-spa-goi-dau-duong-sinh-massage-dau-co-vai-gay.jpg","- Ty House Spa là trung tâm thẩm mỹ uy tín tại Bình Thạnh, được nhiều chị em tin tưởng và yêu thích. - Sở hữu cho mình không gian hiện đại với lối trang trí nhẹ nhàng, Ty House Spa thật sự là nơi để bạn làm đẹp và thư giãn sau một tuần làm việc căng thẳng. - Đội ngũ nhân viên có nhiều năm kinh nghiệm, đào tạo bài bản chắc chắn sẽ chinh phục những khách hàng khó tính nhất. - Với hệ thống máy móc làm đẹp hiện đại, cập nhật những xu hướng làm đẹp mới nhất, Ty House Spa sẽ mang đến cho khách hàng vẻ đẹp toàn diện. - Voucher áp dụng cho Trọn gói dịch vụ Gội đầu dưỡng sinh + Massage đầu, cổ, vai, gáy giảm đau nhức + Chăm sóc da mặt + Tẩy tế bào chết + Phun Oxy + Đắp mặt nạ trắng mịn da (90 phút) tại Ty House Spa Beauty & Clinic.","- Thời hạn sử dụng voucher: từ 31/05/2026 đến 31/08/2026. - Địa điểm sử dụng voucher: Ty House Spa Beauty & Clinic – 243 Lê Quang Định, Phường 7, Quận Bình Thạnh. ĐT: 0939 578898 - 0842 783123 - 0783 909222. - Fanpage: https://www.facebook.com/tyhousespa/ - Áp dụng cho Trọn gói dịch vụ Gội đầu dưỡng sinh + Massage đầu, cổ, vai, gáy giảm đau nhức + Chăm sóc da mặt + Tẩy tế bào chết + Phun Oxy + Đắp mặt nạ trắng mịn da (90 phút) tại Ty House Spa Beauty & Clinic. - Liệu trình được thực hiện chuyên nghiệp, đúng quy trình, đạt hiệu quả như cam kết. - Áp dụng vào tất cả các ngày trong tuần (kể cả Lễ). Giờ áp dụng: 9h-19h. - Áp dụng cho cả nam và nữ. - Một khách hàng được mua nhiều phiếu. - Sử dụng 01 phiếu/ 01 người/ 01 gói dịch vụ (không bù tiền), Tip tùy ý. - Không áp dụng đồng thời với các chương trình khuyến mãi khác. - Khách hàng vui lòng đặt chỗ trước khi đến để được phục vụ tốt nhất. - Phiếu không có giá trị quy đổi thành tiền mặt, không trả lại tiền thừa. - Thanh toán online nhận ngay voucher điện tử.","642 đã mua","","2026-08-26T20:46:54.328732"
"www.hotdeal.vn","https://www.hotdeal.vn/ho-chi-minh/cat-toc-goi-dau-massage/ivora-skinlab-goi-dau-thao-duoc-u-toc-massage-co-vai-gay-370885.html","Ivora Skinlab - Gội Đầu Thảo Dược + Ủ Tóc + Massage Cổ Vai Gáy","149000","99000","https://static.hotdeal.vn/images/1733/1733238/400x400/370885-ivora-skinlab-goi-dau-thao-duoc-u-toc-massage-co-vai-gay.jpg","- Áp dụng cho Liệu trình STRESS RELIEF - 4 trong 1 (60 phút): Chườm túi thảo dược + Đả thông kinh lạc, massage đầu, cổ vai gáy chuyên sâu + Gội đầu thảo dược + Ủ tóc. - Sử dụng thảo dược thiên nhiên an toàn, mùi hương dễ chịu, giúp thư giãn sâu và hỗ trợ làm sạch da đầu hiệu quả. - Kỹ thuật massage chuyên sâu vào vùng cổ – vai – gáy và các huyệt đạo, giúp giảm đau mỏi, căng thẳng và cải thiện tuần hoàn máu. - Quy trình bài bản, thực hiện theo từng bước rõ ràng, đảm bảo vừa thư giãn vừa mang lại hiệu quả chăm sóc tóc và sức khỏe. - Ủ tóc bằng dưỡng chất chuyên dụng, giúp tóc mềm mượt, giảm khô xơ, phục hồi hư tổn sau thời gian dài chịu tác động từ môi trường và hóa chất. - Phù hợp cho dân văn phòng, người thường xuyên đau mỏi cổ vai gáy, stress, mất ngủ hoặc cần thư giãn sau những ngày làm việc căng thẳng. - Ivora Skinlab sở hữu không gian hiện đại, sạch sẽ, riêng tư, mang lại cảm giác thư giãn và thoải mái cho khách hàng. - Kỹ thuật viên tay nghề cao, thao tác nhẹ nhàng nhưng đúng lực, mang lại cảm giác thoải mái suốt liệu trình.","- Thời hạn sử dụng voucher: Đến 31/12/2026. - Địa điểm sử dụng voucher: Ivora Skinlab – 89 Rạch Bùng Binh, Phường Nhiêu Lộc, Thành phố Hồ Chí Minh. ĐT: 035 470 7176. - Fanpage: https://www.facebook.com/ivoraskinlab25 - Áp dụng cho Liệu trình STRESS RELIEF - 4 trong 1 (60 phút): Đả thông kinh lạc, massage đầu, cổ vai gáy chuyên sâu + Gội đầu thảo dược + Ủ tóc. - Áp dụng vào tất cả các ngày trong tuần (trừ Lễ). Giờ áp dụng: 9h-18h. Nghỉ Tết từ ngày 14/2/2026 - 21/02/2026 (từ 27 đến mùng 5 âm lịch). - Áp dụng cho nam và nữ. - Một khách hàng được mua nhiều phiếu để tặng cho người thân, bạn bè… - Sử dụng 01 phiếu/ 01 người/ 01 gói dịch vụ (Không bù tiền). - Không áp dụng đồng thời với các chương trình khuyến mãi khác. - Khách hàng vui lòng đặt chỗ trước khi đến để được phục vụ tốt nhất. - Phiếu không có giá trị quy đổi thành tiền mặt, không trả lại tiền thừa. - Thanh toán online nhận ngay voucher điện tử.","223 đã mua","","2026-08-26T20:46:56.888004"
"www.hotdeal.vn","https://www.hotdeal.vn/ho-chi-minh/cat-toc-goi-dau-massage/quoc-huy-hair-salon-tron-goi-lam-toc-phuc-hoi-sp-y-371306.html","Quốc Huy Hair Salon - Trọn Gói Làm Tóc + Phục Hồi - SP Ý","2000000","450000","https://static.hotdeal.vn/images/1736/1736448/400x400/371306-quoc-huy-hair-salon-tron-goi-lam-toc-phuc-hoi-sp-y.jpg","- Quốc Huy Hair Salon là địa chỉ chăm sóc tóc hoàn hảo dành cho giới trẻ. - Chủ salon là người trực tiếp thực hiện và tư vấn tạo kiểu, từng đạt các danh hiệu uy tín: Cây Kéo Vàng toàn quốc năm 2010, 2013… và các giải thưởng danh giá khác tự tin sẽ mang đến cho khách hàng những kiểu tóc đẹp theo ý muốn. - Salon luôn cập nhật những xu hướng tóc mới nhất trong và ngoài nước. - Không gian rộng rãi, thoáng mát, trang thiết bị hiện đại. - Ngoài làm tóc, Salon còn cung cấp những dịch vụ khác như: trang điểm, làm móng, bới tóc dạ tiệc… - Sử dụng các sản phẩm chăm sóc tóc cao cấp, không gây tổn hại cho tóc. - Giá cả dịch vụ hợp lý. - Voucher áp dụng cho 1 trong 4 gói làm tóc sử dụng sản phẩm cao cấp của Ý (khách hàng không bù thêm bất kỳ chi phí nào): Nhuộm/ Duỗi/ Uốn/ Bấm xù + cắt + gội + sấy tạo kiểu + phục hồi Collagen cao cấp.","- Thời hạn sử dụng voucher: từ 22/07/2026 đến 22/10/2026. - Địa điểm sử dụng voucher: Quốc Huy Hair Salon - 007 Lô C Chung Cư Trần Quốc Thảo, Phường 9, Quận 3. ĐT: 0934 107108. - Fanpage: https://www.facebook.com/salonquochuy/ - Áp dụng cho 01 trong 04 gói dịch vụ làm tóc sử dụng sản phẩm cao cấp của Ý (khách hàng không bù thêm bất kỳ chi phí nào) tại Quốc Huy Hair Salon. + Gói 1: Uốn (Lạnh, dợn, cúp phồng, lọn) + Cắt + Gội + Sấy tạo kiểu + Phục hồi Collagen cao cấp. + Gói 2: Duỗi (Thẳng tự nhiên, cúp phồng, dợn sóng) + Cắt + Gội + Sấy tạo kiểu + Phục hồi Collagen cao cấp. + Gói 3: Nhuộm màu hot nhất mùa này + Cắt + Gội + Sấy tạo kiểu + Phục hồi Collagen cao cấp. + Gói 4: Bấm xù làm phồng chân tóc + Cắt + Gội + Sấy tạo kiểu + Phục hồi Collagen cao cấp. - Áp dụng vào tất cả các ngày trong tuần (kể cả Lễ). Giờ áp dụng: 9h-21h. Có chỗ đậu xe hơi. - Không bù tiền với bất kỳ độ dài nào của tóc. - Salon uy tín cam kết bảo hành từ 3 đến 6 tháng về chất lượng mái tóc sau khi làm. - Áp dụng cho cả nam và nữ. - Một khách hàng được mua nhiều phiếu. - Sử dụng 01 phiếu/ 01 người/ 01 gói dịch vụ (không bù tiền). - Không áp dụng đồng thời với các chương trình khuyến mãi khác. - Khách hàng vui lòng đặt chỗ trước khi đến để được phục vụ tốt nhất. - Phiếu không có giá trị quy đổi thành tiền mặt, không trả lại tiền thừa. - Thanh toán online nhận ngay voucher điện tử.","1,905 đã mua","","2026-08-26T20:46:58.773682"
"www.hotdeal.vn","https://www.hotdeal.vn/ho-chi-minh/cat-toc-goi-dau-massage/quoc-huy-hair-salon-tron-goi-lam-toc-phuc-hoi-sp-schwarzkopf-371305.html","Quốc Huy Hair Salon - Trọn Gói Làm Tóc + Phục Hồi - SP Schwarzkopf","1500000","350000","https://static.hotdeal.vn/images/1736/1736440/400x400/371305-quoc-huy-hair-salon-tron-goi-lam-toc-phuc-hoi-sp-schwarzkopf.jpg","- Quốc Huy Hair Salon là địa chỉ chăm sóc tóc hoàn hảo dành cho giới trẻ. - Chủ salon là người trực tiếp thực hiện và tư vấn tạo kiểu, từng đạt các danh hiệu uy tín: Cây Kéo Vàng toàn quốc năm 2010, 2013… và các giải thưởng danh giá khác tự tin sẽ mang đến cho khách hàng những kiểu tóc đẹp theo ý muốn. - Salon luôn cập nhật những xu hướng tóc mới nhất trong và ngoài nước. - Không gian rộng rãi, thoáng mát, trang thiết bị hiện đại. - Ngoài làm tóc, Salon còn cung cấp những dịch vụ khác như: trang điểm, làm móng, bới tóc dạ tiệc… - Sử dụng các sản phẩm chăm sóc tóc cao cấp, không gây tổn hại cho tóc. - Giá cả dịch vụ hợp lý. - Voucher áp dụng cho 1 trong 4 gói làm tóc sử dụng sản phẩm cao cấp Schwarzkopf (khách hàng không bù thêm bất kỳ chi phí nào): Nhuộm/ Duỗi/ Uốn/ Bấm xù + cắt + gội + sấy tạo kiểu + phục hồi Collagen cao cấp.","- Thời hạn sử dụng voucher: từ 22/07/2026 đến 22/10/2026. - Địa điểm sử dụng voucher: Quốc Huy Hair Salon - 007 Lô C Chung Cư Trần Quốc Thảo, Phường 9, Quận 3. ĐT: 0934 107108. - Fanpage: https://www.facebook.com/salonquochuy/ - Áp dụng cho 01 trong 04 gói dịch vụ làm tóc sử dụng sản phẩm cao cấp Schwarzkopf (khách hàng không bù thêm bất kỳ chi phí nào) tại Quốc Huy Hair Salon. + Gói 1: Uốn (Lạnh, dợn, cúp phồng, lọn) + Cắt + Gội + Sấy tạo kiểu + Phục hồi Collagen cao cấp. + Gói 2: Duỗi (Thẳng tự nhiên, cúp phồng, dợn sóng) + Cắt + Gội + Sấy tạo kiểu + Phục hồi Collagen cao cấp. + Gói 3: Nhuộm màu hot nhất mùa này + Cắt + Gội + Sấy tạo kiểu + Phục hồi Collagen cao cấp. + Gói 4: Bấm xù làm phồng chân tóc + Cắt + Gội + Sấy tạo kiểu + Phục hồi Collagen cao cấp. - Áp dụng vào tất cả các ngày trong tuần (kể cả Lễ). Giờ áp dụng: 9h-21h. Có chỗ đậu xe hơi. - Không bù tiền với bất kỳ độ dài nào của tóc. - Salon uy tín cam kết bảo hành từ 3 đến 6 tháng về chất lượng mái tóc sau khi làm. - Áp dụng cho cả nam và nữ. - Một khách hàng được mua nhiều phiếu. - Sử dụng 01 phiếu/ 01 người/ 01 gói dịch vụ (không bù tiền). - Không áp dụng đồng thời với các chương trình khuyến mãi khác. - Khách hàng vui lòng đặt chỗ trước khi đến để được phục vụ tốt nhất. - Phiếu không có giá trị quy đổi thành tiền mặt, không trả lại tiền thừa. - Thanh toán online nhận ngay voucher điện tử.","2,958 đã mua","","2026-08-26T20:47:00.778477"
"www.hotdeal.vn","https://www.hotdeal.vn/ho-chi-minh/khu-vui-choi/suoi-tien-combo-ve-cong-tro-choi-bien-tien-dong-ngoc-nu-371249.html","Suối Tiên - Combo Vé Cổng + Trò Chơi Biển Tiên Đồng - Ngọc Nữ","290000","255000","https://static.hotdeal.vn/images/1736/1736064/400x400/371249-suoi-tien-combo-ve-cong-tro-choi-bien-tien-dong-ngoc-nu.jpg","- Công viên Du lịch Văn hóa Suối Tiên – Vùng đất Tứ Linh với Long Lân Quy Phụng – Thiên đường giải trí trong mơ với những trải nghiệm bất ngờ! - Với hơn 150 công trình vui chơi – giải trí “độc nhất vô nhị”, Suối Tiên mang đến những cuộc vui bất tận cho du khách mọi lứa tuổi. - Đến với Suối Tiên, du khách thỏa thích trải nghiệm đa dạng những công trình mới lạ, hoạt động du lịch hấp dẫn và hàng loạt chương trình biểu diễn nghệ thuật: Suối Tiên Farm, Farm Cừu, Giang Sơn Bách Thú, Biển Tiên Đồng - Ngọc Nữ, Thủy Cung, Lâu Đài Tuyết, Lâu Đài Phép Thuật, Phụng Hoàng Tiên, sân khấu hóa Sơn Tinh - Thủy Tinh… - Hằng năm, Suối Tiên “luôn luôn đổi mới – luôn luôn phát triển” và không ngừng đầu tư nâng cấp toàn diện cảnh quan, sản phẩm và chất lượng dịch vụ, nhờ vậy, nơi đây luôn là điểm đến yêu thích của đông đảo du khách trong nước và quốc tế ở mọi thời điểm trong năm. - Voucher áp dụng cho Combo vé cổng, tham quan và vui chơi cùng công viên nước cho người lớn & trẻ em. - Hướng dẫn di chuyển từ tàu Metro đến Suối Tiên: 1. Khách xuống trạm ""Đại học Quốc Gia"". 2. Tại trạm sẽ có lối đi riêng dẫn khách đến ""Bãi xe số 2 và Nhà hàng Food Station Suối Tiên"". 3. Khách di chuyển đến gần khu vực cổng chính sẽ có các quầy bán vé/ đổi vé online và mua vé vào tham quan Suối Tiên.","- Thời hạn sử dụng: từ 02/07/2026 đến 02/01/2027. - Địa điểm sử dụng voucher: Công viên Du lịch Văn hóa Suối Tiên – 120 Xa Lộ Hà Nội, Phường Tăng Nhơn Phú, Tp.HCM - Hotline: 1900 636 787 – 028 38960260. - Voucher áp dụng cho: Combo vé cổng, tham quan và vui chơi cùng công viên nước cho người lớn & trẻ em 1. Combo Tham Quan + Công Viên Nước Cho Trẻ Em ưu đãi giảm chỉ còn 255.000đ (giá gốc 290.000đ). 2. Combo Khám Phá + Công Viên Nước Cho Trẻ Em ưu đãi giảm chỉ còn 300.000đ (giá gốc 360.000đ). 3. Combo Tham Quan + Công Viên Nước Cho Người Lớn ưu đãi giảm chỉ còn 375.000đ (giá gốc 455.000đ). 4. Combo Khám Phá + Công Viên Nước Cho Người Lớn ưu đãi giảm chỉ còn 450.000đ (giá gốc 560.000đ) 5. Combo Thử Thách + Công Viên Nước Cho Người Lớn ưu đãi giảm chỉ còn 450.000đ (giá gốc 560.000đ). - Combo trò chơi bao gồm: 1. Combo Tham Quan + Công Viên Nước: Vé cổng + Xe lửa + Massage Cá + Vương Quốc Cá Sấu + Sản Phẩm Suối Tiên Farm + Cung Vàng Điện Ngọc + Biển Tiên Đồng - Ngọc Nữ. 2. Combo Khám Phá + Công Viên Nước: Vé Cổng + Taxi + Kỳ Lân Cung + Lâu Đài Tuyết + Cung Đình Tửu + Bí Mật Rừng Phù Thủy + Cối Xay Thần Gió + Du Thuyền Tứ Linh + Biển Tiên Đồng - Ngọc Nữ. 3. 4. Combo Thử Thách + Công Viên Nước: Vé Cổng + Xe Lửa + Đĩa Bay Hành Tinh Lạ + Tàu Lượn Siêu Tốc + Vòng Xoay Vũ Trụ + Khám Phá Vũ Trụ Huyền Bí + Thuyền Bay hoặc Thuyền Rồng + Biển Tiên Đồng - Ngọc Nữ. - Giờ hoạt động: 8h – 17h. Voucher áp dụng tất cả các ngày trong tuần, bao gồm cả lễ, tết. - Sử dụng 01 voucher/01 người (không bù thêm tiền). - Quy định tính vé: + Dưới 1m: Miễn vé (Trừ các trò chơi tại khu Mega Zone) + Từ 1m đến dưới 1m4: Áp dụng giá vé dành cho trẻ em + Từ 1m4 trở lên: Áp dụng giá vé dành cho người lớn - Cách thức đổi vé E-Voucher: Khách hàng xuất trình mã code được Hotdeal gửi qua SMS, Email hoặc trong ứng dụng Hotdeal tại quầy vé Suối Tiên. - Một khách hàng được mua nhiều phiếu. - Không áp dụng đồng thời với các chương trình khuyến mãi khác. - Phiếu không có giá trị quy đổi thành tiền mặt, không trả lại tiền thừa. - Thanh toán online nhận ngay voucher điện tử.","17 đã mua","","2026-08-26T20:47:04.316742"
"www.hotdeal.vn","https://www.hotdeal.vn/ho-chi-minh/khu-vui-choi/suoi-tien-combo-tham-quan-kham-pha-va-thu-thach-371248.html","Suối Tiên - Combo Tham Quan, Khám Phá Và Thử Thách","200000","175000","https://static.hotdeal.vn/images/1736/1736035/400x400/371248-suoi-tien-combo-tham-quan-kham-pha-va-thu-thach.jpg","- Công viên Du lịch Văn hóa Suối Tiên – Vùng đất Tứ Linh với Long Lân Quy Phụng – Thiên đường giải trí trong mơ với những trải nghiệm bất ngờ! - Với hơn 150 công trình vui chơi – giải trí “độc nhất vô nhị”, Suối Tiên mang đến những cuộc vui bất tận cho du khách mọi lứa tuổi. - Đến với Suối Tiên, du khách thỏa thích trải nghiệm đa dạng những công trình mới lạ, hoạt động du lịch hấp dẫn và hàng loạt chương trình biểu diễn nghệ thuật: Suối Tiên Farm, Farm Cừu, Giang Sơn Bách Thú, Biển Tiên Đồng - Ngọc Nữ, Thủy Cung, Lâu Đài Tuyết, Lâu Đài Phép Thuật, Phụng Hoàng Tiên, sân khấu hóa Sơn Tinh - Thủy Tinh… - Hằng năm, Suối Tiên “luôn luôn đổi mới – luôn luôn phát triển” và không ngừng đầu tư nâng cấp toàn diện cảnh quan, sản phẩm và chất lượng dịch vụ, nhờ vậy, nơi đây luôn là điểm đến yêu thích của đông đảo du khách trong nước và quốc tế ở mọi thời điểm trong năm. - Voucher áp dụng cho: Combo vui chơi giải trí khám phá Suối Tiên cùng các trò chơi gắn kết yêu thương dành cho người lớn & trẻ em. - Hướng dẫn di chuyển từ tàu Metro đến Suối Tiên: 1. Khách xuống trạm ""Đại học Quốc Gia"". 2. Tại trạm sẽ có lối đi riêng dẫn khách đến ""Bãi xe số 2 và Nhà hàng Food Station Suối Tiên"". 3. Khách di chuyển đến gần khu vực cổng chính sẽ có các quầy bán vé/ đổi vé online và mua vé vào tham quan Suối Tiên.","- Thời hạn sử dụng: từ 02/07/2026 đến 02/01/2027. - Địa điểm sử dụng voucher: Công viên Du lịch Văn hóa Suối Tiên – 120 Xa Lộ Hà Nội, Phường Tăng Nhơn Phú, Tp.HCM - Hotline: 1900 636 787 – 028 38960260. - Voucher áp dụng cho: Combo vui chơi giải trí khám phá Suối Tiên cùng các trò chơi gắn kết yêu thương dành cho người lớn & trẻ em. 1. Combo Tham Quan Cho Trẻ Em ưu đãi giảm chỉ còn 175.000đ (giá gốc 220.000đ). 2. Combo Khám Phá Cho Trẻ Em ưu đãi giảm chỉ còn 220.000đ (giá gốc 270.000đ). 3. Combo Tham Quan Cho Người Lớn ưu đãi giảm chỉ còn 255.000đ (giá gốc 305.000đ). 4. Combo Khám Phá Cho Người Lớn ưu đãi giảm chỉ còn 330.000đ (giá gốc 410.000đ) 5. Combo Thử Thách Cho Người Lớn ưu đãi giảm chỉ còn 340.000đ (giá gốc 410.000đ). - Combo trò chơi bao gồm: 1. Combo Tham Quan (Discovery Combo): Vé cổng + Xe lửa + Massage Cá + Vương Quốc Cá Sấu + Sản Phẩm Suối Tiên Farm + Cung Vàng Điện Ngọc 2. Combo Khám Phá (Adventure Combo): Vé Cổng + Taxi + Kỳ Lân Cung + Lâu Đài Tuyết + Cung Đình Tửu + Bí Mật Rừng Phù Thủy + Cối Xay Thần Gió + Du Thuyền Tứ Linh. 3. Combo Thử Thách (Challenge Combo): Vé Cổng + Xe Lửa + Đĩa Bay Hành Tinh Lạ + Tàu Lượn Siêu Tốc + Vòng Xoay Vũ Trụ + Khám Phá Vũ Trụ Huyền Bí + Thuyền Bay hoặc Thuyền Rồng - Giờ hoạt động: 8h – 17h. Voucher áp dụng tất cả các ngày trong tuần, bao gồm cả lễ, tết. - Sử dụng 01 voucher/01 người (không bù thêm tiền). - Quy định tính vé: + Dưới 1m: Miễn vé (Trừ các trò chơi tại khu Mega Zone) + Từ 1m đến dưới 1m4: Áp dụng giá vé dành cho trẻ em + Từ 1m4 trở lên: Áp dụng giá vé dành cho người lớn - Cách thức đổi vé E-Voucher: Khách hàng xuất trình mã code được Hotdeal gửi qua SMS, Email hoặc trong ứng dụng Hotdeal tại quầy vé Suối Tiên. - Một khách hàng được mua nhiều phiếu. - Không áp dụng đồng thời với các chương trình khuyến mãi khác. - Phiếu không có giá trị quy đổi thành tiền mặt, không trả lại tiền thừa. - Thanh toán online nhận ngay voucher điện tử.","16 đã mua","","2026-08-26T20:47:07.853173"
"www.hotdeal.vn","https://www.hotdeal.vn/ho-chi-minh/khu-vui-choi/suoi-tien-ve-le-vao-cong-xe-lua-cho-nguoi-lon-tre-em-371247.html","Suối Tiên - Vé Lẻ Vào Cổng + Xe Lửa Cho Người Lớn/ Trẻ Em","100000","90000","https://static.hotdeal.vn/images/1736/1736020/400x400/371247-suoi-tien-ve-le-vao-cong-xe-lua-cho-nguoi-lon-tre-em.jpg","- Công viên Du lịch Văn hóa Suối Tiên – Vùng đất Tứ Linh với Long Lân Quy Phụng – Thiên đường giải trí trong mơ với những trải nghiệm bất ngờ! - Với hơn 150 công trình vui chơi – giải trí “độc nhất vô nhị”, Suối Tiên mang đến những cuộc vui bất tận cho du khách mọi lứa tuổi. - Đến với Suối Tiên, du khách thỏa thích trải nghiệm đa dạng những công trình mới lạ, hoạt động du lịch hấp dẫn và hàng loạt chương trình biểu diễn nghệ thuật: Suối Tiên Farm, Farm Cừu, Giang Sơn Bách Thú, Biển Tiên Đồng - Ngọc Nữ, Thủy Cung, Lâu Đài Tuyết, Lâu Đài Phép Thuật, Phụng Hoàng Tiên, sân khấu hóa Sơn Tinh - Thủy Tinh… - Hằng năm, Suối Tiên “luôn luôn đổi mới – luôn luôn phát triển” và không ngừng đầu tư nâng cấp toàn diện cảnh quan, sản phẩm và chất lượng dịch vụ, nhờ vậy, nơi đây luôn là điểm đến yêu thích của đông đảo du khách trong nước và quốc tế ở mọi thời điểm trong năm. - Voucher áp dụng cho vé vào cổng & xe lửa cho trẻ em và người lớn tại Công viên Du lịch Văn hóa Suối Tiên. - Hướng dẫn di chuyển từ tàu Metro đến Suối Tiên: 1. Khách xuống trạm ""Đại học Quốc Gia"". 2. Tại trạm sẽ có lối đi riêng dẫn khách đến ""Bãi xe số 2 và Nhà hàng Food Station Suối Tiên"". 3. Khách di chuyển đến gần khu vực cổng chính sẽ có các quầy bán vé/ đổi vé online và mua vé vào tham quan Suối Tiên.","- Thời hạn sử dụng: từ 02/07/2026 đến 02/01/2027. - Địa điểm sử dụng voucher: Công viên Du lịch Văn hóa Suối Tiên – 120 Xa Lộ Hà Nội, Phường Tăng Nhơn Phú, Tp.HCM - Hotline: 1900 636 787 – 028 38960260. - Voucher áp dụng cho: Vé lẻ cho trẻ em và người lớn tại Công viên Du lịch Văn hóa Suối Tiên – Vùng đất Tứ Linh với Long Lân Quy Phụng – Thiên đường giải trí trong mơ với những trải nghiệm bất ngờ! 1. Vé Cổng + Xe Lửa Cho Trẻ Em (từ 1m đến dưới 1m4) ưu đãi giảm chỉ còn 90.000đ (giá gốc 100.000đ). 2. Vé Cổng + Xe Lửa Cho Người Lớn ưu đãi giảm chỉ còn 159.000đ (giá gốc 180.000đ). - Xe lửa phục vụ liên trạm từ 8h – 16h (không áp dụng tour đoàn). - Giờ hoạt động: 8h – 17h. Voucher áp dụng tất cả các ngày trong tuần, bao gồm cả lễ, tết. - Sử dụng 01 voucher/01 người (không bù thêm tiền). - Quy định tính vé: + Dưới 1m: Miễn vé (Trừ các trò chơi tại khu Mega Zone) + Từ 1m đến dưới 1m4: Áp dụng giá vé dành cho trẻ em + Từ 1m4 trở lên: Áp dụng giá vé dành cho người lớn - Cách thức đổi vé E-Voucher: Khách hàng xuất trình mã code được Hotdeal gửi qua SMS, Email hoặc trong ứng dụng Hotdeal tại quầy vé Suối Tiên. - Một khách hàng được mua nhiều phiếu. - Không áp dụng đồng thời với các chương trình khuyến mãi khác. - Phiếu không có giá trị quy đổi thành tiền mặt, không trả lại tiền thừa. - Thanh toán online nhận ngay voucher điện tử.","15 đã mua","","2026-08-26T20:47:10.638657"
"www.hotdeal.vn","https://www.hotdeal.vn/ho-chi-minh/chup-hinh/metashow-ve-vip-toan-bo-trien-lam-4-hang-muc-titan-371234.html","Metashow - Vé VIP Toàn Bộ Triển Lãm + 4 Hạng Mục Titan","390000","351000","https://static.hotdeal.vn/images/1736/1736000/400x400/371234-metashow-ve-vip-toan-bo-trien-lam-4-hang-muc-titan.jpg","- Metashow mang đến cho khách hàng những trải nghiệm ánh sáng và hình ảnh diệu kỳ trong không gian được tạo nên bởi công nghệ thực tế ảo. * Tại sao Metashow trở thành điểm đến hot nhất Sài Gòn? - Trải nghiệm nghệ thuật độc đáo: Metashow không chỉ đơn thuần là một triển lãm để ngắm nhìn, mà còn là một không gian để bạn tương tác và khám phá. Mỗi tác phẩm nghệ thuật đều ẩn chứa những câu chuyện và ý nghĩa riêng, chờ bạn khám phá. - Công nghệ hiện đại: Các công nghệ như ánh sáng laser, projection mapping, VR/AR được ứng dụng một cách tinh tế, tạo nên những hiệu ứng thị giác và âm thanh sống động, đưa bạn đến những không gian ảo huyền bí. - Không gian ấn tượng: Không gian triển lãm được thiết kế tỉ mỉ, từng góc nhỏ đều mang đến những bất ngờ thú vị. Bạn sẽ có cảm giác như đang lạc vào một thế giới khác, đầy màu sắc và kỳ ảo. - Điểm đến lý tưởng cho giới trẻ: Với sự kết hợp hoàn hảo giữa nghệ thuật và công nghệ, Metashow là điểm đến lý tưởng cho những bạn trẻ yêu thích khám phá và trải nghiệm những điều mới lạ. - Voucher áp dụng cho: Vé VIP tham quan & chụp hình toàn bộ triển lãm + 4 Hạng Mục Titan tại Metashow Exhibition duy nhất tại Tp.HCM. - Quy định áp dụng từng loại vé: + VIP - S: 01 Trẻ dưới 18 tuổi và cao từ 1m2/ Người lớn trên 65 tuổi/ Người khuyết tật. + VIP - L: 01 Người lớn từ 18 - 65 tuổi. + 4 hạng mục Titan: Trải nghiệm kính MR, Chụp ảnh AI, Ly sứ in hình, Quay video với camera 360 độ.","+ VIP - S: 01 Trẻ dưới 18 tuổi và cao từ 1m2/ Người lớn trên 65 tuổi/ Người khuyết tật.","12 đã mua","","2026-08-26T20:47:13.914227"
"www.hotdeal.vn","https://www.hotdeal.vn/ho-chi-minh/chup-hinh/metashow-ve-special-toan-bo-trien-lam-2-hang-muc-titan-371233.html","Metashow - Vé Special Toàn Bộ Triển Lãm + 2 Hạng Mục Titan","290000","261000","https://static.hotdeal.vn/images/1736/1735998/400x400/371233-metashow-ve-special-toan-bo-trien-lam-2-hang-muc-titan.jpg","- Triển lãm Nghệ thuật Ánh sáng Metashow: + Triển lãm là sự kết hợp đặc biệt giữa 3 yếu tố: công nghệ, nghệ thuật và ánh sáng nhằm mang lại cho khách tham quan trải nghiệm đa chiều, đa giác quan đặc biệt ấn tượng. + Triển lãm với hơn 30 chủ đề như: Kính vạn hoa, Biển hoa hồng, Dải ngân hà, Van Gogh, Cung điện gương, Thị trấn AI, Vũ trụ cánh đồng lúa mì, Biển hướng dương, Mắt kim cương, Phòng chiếu 4K… * Tại sao Metashow trở thành điểm đến hot nhất Sài Gòn? - Trải nghiệm nghệ thuật độc đáo: Metashow không chỉ đơn thuần là một triển lãm để ngắm nhìn, mà còn là một không gian để bạn tương tác và khám phá. Mỗi tác phẩm nghệ thuật đều ẩn chứa những câu chuyện và ý nghĩa riêng, chờ bạn khám phá. - Công nghệ hiện đại: Các công nghệ như ánh sáng laser, projection mapping, VR/AR được ứng dụng một cách tinh tế, tạo nên những hiệu ứng thị giác và âm thanh sống động, đưa bạn đến những không gian ảo huyền bí. - Không gian ấn tượng: Không gian triển lãm được thiết kế tỉ mỉ, từng góc nhỏ đều mang đến những bất ngờ thú vị. Bạn sẽ có cảm giác như đang lạc vào một thế giới khác, đầy màu sắc và kỳ ảo. - Điểm đến lý tưởng cho giới trẻ: Với sự kết hợp hoàn hảo giữa nghệ thuật và công nghệ, Metashow là điểm đến lý tưởng cho những bạn trẻ yêu thích khám phá và trải nghiệm những điều mới lạ. - Voucher áp dụng cho: Vé Special tham quan & chụp hình toàn bộ triển lãm tại Metashow Exhibition duy nhất tại Tp.HCM. - Quy định áp dụng từng loại vé: + SPECIAL - S: 01 Trẻ dưới 18 tuổi và cao từ 1m2/ Người lớn trên 65 tuổi/ Người khuyết tật. + SPECIAL - L: 01 Người lớn từ 18 - 65 tuổi. + 2 hạng mục Titan: Trải nghiệm kính MR, Quay video với camera 360 độ.","+ SPECIAL - S: 01 Trẻ dưới 18 tuổi và cao từ 1m2/ Người lớn trên 65 tuổi/ Người khuyết tật.","11 đã mua","","2026-08-26T20:47:17.215712"
"www.hotdeal.vn","https://www.hotdeal.vn/tour-trong-nuoc/tour-mien-tay-song-nuoc-1-ngay-my-tho-ben-tre-371059.html","Tour Miền Tây Sông Nước 1 Ngày - Mỹ Tho - Bến Tre","580000","329000","https://static.hotdeal.vn/images/1735/1734907/400x400/371059-tour-mien-tay-song-nuoc-1-ngay-my-tho-ben-tre.jpg","- Tour trải nghiệm sông nước miền Tây Mỹ Tho - Bến Tre trong 1 ngày do công ty AN Travel - một trong những đơn vị uy tín đứng ra tổ chức. - Tham gia chuyến đi, du khách sẽ được ngồi tàu du lịch trên sông Tiền ngắm cảnh 4 cù lao Long, Lân, Quy, Phụng; cầu Rạch Miễu, tham quan làng bè nuôi cá. - Đặt chân đến cồn Thới Sơn, thưởng thức các loại trái cây theo mùa và nghe đàn ca tài tử Nam Bộ, tham quan vườn bưởi da xanh, trại nuôi ong mật, trại nuôi trăn… - Ghé thăm và tìm hiểu các hoạt động sản xuất tại lò kẹo dừa đặc sản của Bến Tre, lò bánh tráng ở xã Tân Thạch. Ngồi xe ngựa đi tham quan đường làng, ngắm nhìn những vườn cây ăn trái và cuộc sống bình dị của người dân. - Di chuyển bằng xe đời mới, máy lạnh. Bảo hiểm 20,000,000đ/ trường hợp. - Hướng dẫn viên phục vụ nhiệt tình suốt tuyến. - Tham khảo lịch trình tour tại đây .","- Liên hệ tư vấn và hỗ trợ đặt dịch vụ: Hotline: (028) 73003799 - ĐT/ Zalo: 0354 466 968 - Email: booking@hotdeal.vn. (Giờ làm việc: từ 8h30 đến 17h00 thứ 2 đến thứ 6; 8h30 đến 12h00 thứ 7 hàng tuần). - Thanh toán tiền mặt, thanh toán online qua thẻ ATM (có đăng ký internet banking)/ Thẻ tín dụng Visa/Master để nhận mã e-voucher qua tin nhắn SMS miễn phí. - Thời hạn sử dụng voucher: đến 30/10/2026. - Địa điểm sử dụng voucher: AN TRAVEL Địa chỉ: 165 đường Phạm Ngũ Lão, Phường Phạm Ngũ Lão, Quận 1, TP. Hồ Chí Minh. - Điểm đón khách: Lúc 07:45 sáng tại 165 đường Phạm Ngũ Lão, Phường Phạm Ngũ Lão, Quận 1, TP. Hồ Chí Minh. - CÁC ĐỢT KHỞI HÀNH: + Khởi hành: Hàng ngày + Phụ thu khởi hành lễ Tết: 100.000 VNĐ/ khách/ tour - VOUCHER BAO GỒM: + Xe du lịch máy lạnh. Đò và phí tham quan sông Tiền. + Áo phao cứu hộ, mỗi người được trang bị 01 cái. + Hướng dẫn viên phục vụ suốt tuyến, nhiệt tình, chu đáo và rất chuyên nghiệp. + Ăn trưa cơm dĩa (Quý khách muốn nâng cấp set menu 7 món phụ thu 100.000 VNĐ - đóng tại tour). + Vé tham quan, tàu thuyền. + Nước, bảo hiểm 20.000.000 VNĐ/ trường hợp. - VOUCHER KHÔNG BAO GỒM: + Ăn uống, nước uống ngoài chương trình, các chi phí cá nhân khác. + Thuế VAT 10%. + Phụ thu khởi hành lễ Tết: 100.000 VNĐ/ khách/ tour. + Phụ thu nâng cấp dịch vụ ăn set menu trưa: 100.000 VNĐ/ khách. - GIÁ VÉ TRẺ EM: + Trẻ em từ 05 đến dưới 10 tuổi mua 75% vé. (02 người lớn được kèm 01 trẻ em), kể từ trẻ em thứ 02 tính bằng 01 vé người lớn. + Trẻ em từ 04 tuổi trở xuống: Không tính vé, gia đình tự lo ăn uống, ngồi cùng bố mẹ. (02 người lớn được kèm 01 trẻ em), kể từ trẻ em thứ 02 trở đi tính bằng 75% giá vé. + Trẻ em từ 11 tuổi trở lên mua 01 vé. NOTE: Quý khách nên mang giày, dép thấp để thuận tiện khi di chuyển trên thuyền. - ĐIỀU KIỆN HỦY TOUR: + Quý khách vui lòng liên hệ với Hotdeal để kiểm tra tình trạng chỗ trước khi thanh toán. + Quý khách đặt tour trước 10 ngày. + Trường hợp thay đổi lịch nghỉ dưỡng đã đặt, khách hàng phải thông báo trước 07 ngày (và không giải quyết quá 01 lần thay đổi). + Đổi lịch trước 03 ngày khởi hành: mất phí 100%. + Nếu khách đặt tour nhưng không đến, voucher sẽ bị hủy và không còn giá trị. + Voucher không có giá trị quy đổi thành tiền, không hoàn trả tiền khi khách hàng không sử dụng voucher trong thời gian voucher còn hiệu lực. + Tất cả các khoản phụ thu, Quý khách vui lòng thanh toán trực tiếp lại công ty tour.","131 đã mua","","2026-08-26T20:47:21.039203"
"www.hotdeal.vn","https://www.hotdeal.vn/tour-trong-nuoc/tour-phan-thiet-mui-ne-2n1d-bikini-beach-pineapple-pt001-371096.html","Tour Phan Thiết - Mũi Né 2N1Đ - Bikini Beach - Pineapple - PT001","2900000","1650000","https://static.hotdeal.vn/images/1735/1734761/400x400/371096-tour-phan-thiet-mui-ne-2n1d-bikini-beach-pineapple-pt001.jpg","Những trải nghiệm thú vị trong chương trình: - Check-in tại Bikini Beach - tha hồ chiêm ngưỡng và check-in “sống ảo” tại các iconic lần đầu tiên có mặt. - Tham gia bar biển Pineapple Mũi Né với không gian chill lãng mạn. - Trải nghiệm, vui chơi tại các công viên giải trí của NovaWorld Phan Thiết. - Tham quan Bàu Trắng – trải nghiệm đi xe jeep địa hình trên đồi cát. - Khám phá kiến trúc thời Trung Cổ tại Lâu đài Rượu vang. - Check-in rặng dừa Hàm Tiến, Bãi Đá Ông Địa,... - Ghé thăm các cơ sở sản xuất mắm nhĩ, mực 1 nắng… - Tham khảo lịch trình tour tại đây .","- Liên hệ tư vấn và hỗ trợ đặt dịch vụ: Hotline: (028) 73003799 - ĐT/ Zalo: 0354 466 968 - Email: booking@hotdeal.vn. (Giờ làm việc: từ 8h30 đến 17h00 thứ 2 đến thứ 6; 8h30 đến 12h00 thứ 7 hàng tuần). - Thanh toán tiền mặt, thanh toán online qua thẻ ATM (có đăng ký internet banking)/ Thẻ tín dụng Visa/Master để nhận mã e-voucher qua tin nhắn SMS miễn phí. - Thời hạn sử dụng voucher: đến 30/10/2026. - Địa điểm sử dụng voucher: VINTRIP Địa chỉ: 292/33/15A Bình Lợi, Phường 13, Quận Bình Thạnh, TP. HCM. - LỊCH KHỞI HÀNH DỰ KIẾN: · Khởi hành sáng Thứ 7 hằng tuần – Giá 1.650.000 VNĐ/khách · Khởi hành lễ, Tết có phụ thu - ĐIỂM ĐÓN / TRẢ KHÁCH: · 05h00: Xe và hướng dẫn viên đón khách tại điểm hẹn. · Nhà Văn hóa Thanh Niên – Số 4 Phạm Ngọc Thạch, Quận 1 · Thuận Kiều Plaza, Quận 5 (không có điểm gửi xe máy) · 502 Quốc lộ 13, TP. Thủ Đức (đối diện Vạn Phúc City) · Ngã 4 Thủ Đức – Xa lộ Hà Nội, TP. Hồ Chí Minh (không có điểm gửi xe máy) · Ngã 4 Amata – Biên Hòa, Đồng Nai - VOUCHER BAO GỒM: Vận chuyển: Xe du lịch đời mới 16, 29, 45 chỗ, máy lạnh phục vụ đoàn suốt tuyến. Lưu trú: Resort tiêu chuẩn 3 sao (2, 3, 4 khách/phòng) Resort 3*: Pacific Resort, Peace Resort… hoặc tương đương (2, 3, 4 khách/phòng). Phụ thu phòng đơn: 400.000 VNĐ/khách/tour Lưu ý: Quý khách có nhu cầu nâng cấp tiêu chuẩn lưu trú lên Resort 4* – Liên hệ Hotdeal để nhận mức phụ thu nâng cấp tiêu chuẩn lưu trú Ăn uống: Ăn uống theo ẩm thực địa phương: Ăn sáng: 02 bữa Ăn chính: 03 bữa (set menu 5 món trở lên) Vé tham quan: Vé vào cổng tại tất cả các điểm theo chương trình. Hướng dẫn viên: Vui vẻ, nhiệt tình, nhiều kinh nghiệm, phục vụ đoàn suốt tuyến. Quà tặng: o Nón du lịch o 01 chai nước/khách/ngày o 01 khăn lạnh/khách/ngày Bảo hiểm du lịch: 20.000.000 VNĐ/người/vụ - VOUCHER KHÔNG BAO GỒM: Điểm tham quan: Các điểm tham quan nằm ngoài chương trình. Chi phí cá nhân: Giặt ủi, điện thoại, ăn uống hải sản ngoài chương trình, nước uống, tắm nước ngọt tại các điểm tham quan. Thuế VAT: Nếu khách có nhu cầu xuất hóa đơn, đóng thêm 10% giá tour. Chi phí khác: Tiền tip cho tài xế và HDV (nếu có). Các khoản phụ thu: · Phụ thu khởi hành lễ, Tết · Phụ thu phòng đơn: 400.000 VNĐ/phòng/tour - GIÁ VÉ TRẺ EM Từ 10 tuổi trở lên: 100% tiêu chuẩn như người lớn. Từ 05 đến 09 tuổi: 75% giá tour – Tiêu chuẩn: 01 ghế ngồi trên xe, suất ăn, vé tham quan, không có suất ngủ – bé ngủ chung với gia đình. Lưu ý: 02 người lớn chỉ được kèm 01 trẻ em 75% vé, trẻ em thứ 2 trong độ tuổi trên bắt buộc mua 01 vé người lớn. Dưới 05 tuổi:Phụ thu 300.000đ - Tiêu chuẩn: 01 ghế ngồi trên xe o Không bao gồm suất ăn, vé tham quan, không có suất ngủ - bé ngủ chung với gia đình. o 02 người lớn chỉ được kèm 01 trẻ em từ 05 tuổi trở xuống, trẻ em thứ 02 trở lên phải mua 75% giá tour. o Nếu phát sinh chi phí bố mẹ tự thanh toán trực tiếp. - LƯU Ý: o Thứ tự các điểm tham quan theo chương trình, HDV có thể thay đổi tùy theo thời tiết và các vấn đề khách quan khác mà vẫn đảm bảo đầy đủ các điểm tham quan. o Do chương trình tour khách lẻ ghép đoàn, nên khi không đủ số lượng khách để khởi hành, công ty sẽ hỗ trợ khách dời sang ngày khởi hành gần nhất hoặc hoàn lại phí tour như đã đặt cọc. o Thời gian trong chương trình tour là thời gian dự kiến, thực tế tour sẽ có chênh lệch (không nhiều) so với thời gian dự kiến. HDV sẽ báo trực tiếp cho khách hàng trong thời gian thực hiện tour. o Giá trên không áp dụng cho ngày lễ, Tết. - ĐIỀU KIỆN HỦY TOUR: Khách hàng vui lòng liên hệ Hotdeal để kiểm tra tình trạng chỗ trước khi thanh toán. Không áp dụng hủy, dời tour ngày lễ. Khách hàng đặt tour trước ngày khởi hành ít nhất 7–10 ngày. Trường hợp thay đổi ngày đi, khách hàng phải báo trước ngày khởi hành ít nhất 10 ngày và chỉ giải quyết 01 lần thay đổi (khách hàng chịu các chi phí phát sinh nếu có như: chi phí đổi vé máy bay, chênh lệch giá vé, tàu lửa…). Hotdeal không hỗ trợ hủy tour sau khi khách hàng đã nhận email xác nhận đặt dịch vụ. Khách hàng đặt tour nhưng không đến, E-Voucher sẽ bị hủy và không còn giá trị. E-Voucher không có giá trị quy đổi thành tiền, không được hoàn tiền khi khách không sử dụng trong thời gian còn hiệu lực, không gia hạn khi hết hạn. Không áp dụng đồng thời với các chương trình khuyến mãi khác. Trường hợp hủy tour do sự cố khách quan như thiên tai, dịch bệnh hoặc do tàu thủy, xe lửa, máy bay hoãn/hủy chuyến, công ty du lịch sẽ không chịu trách nhiệm bồi thường thêm bất kỳ chi phí nào khác ngoài việc hoàn trả chi phí những dịch vụ chưa được sử dụng của tour đó. TẤT CẢ CÁC KHOẢN PHỤ THU QUÝ KHÁCH VUI LÒNG THANH TOÁN TRỰC TIẾP TẠI CÔNG TY DU LỊCH.","14 đã mua","","2026-08-26T20:47:24.852161"
"www.hotdeal.vn","https://www.hotdeal.vn/tour-trong-nuoc/tour-mien-tay-2n1d-my-tho-ben-tre-can-tho-my-khanh-371072.html","Tour Miền Tây 2N1Đ - Mỹ Tho - Bến Tre - Cần Thơ - Mỹ Khánh","2500000","1699000","https://static.hotdeal.vn/images/1735/1734539/400x400/371072-tour-mien-tay-2n1d-my-tho-ben-tre-can-tho-my-khanh.jpg","- Tour Miền Tây 2N1Đ - Mỹ Tho - Bến Tre - Cần Thơ - Mỹ Khánh đưa du khách đến với miền Tây mênh mông sông nước, thiên nhiên hoang sơ cùng những vườn cây ăn trái trĩu quả. - Trải nghiệm cảm giác lênh trên dòng sông Tiền bằng tàu du lịch ngắm phong cảnh non nước hữu tình của 4 cù lao Long, Lân, Quy, Phụng, tham quan làng bè nuôi cá. - Đặt chân đến cồn Thới Sơn, thưởng thức các loại trái cây theo mùa và nghe đàn ca tài tử Nam Bộ, tham quan trại nuôi ong mật. - Đến Cần Thơ tham quan chợ nổi Cái Răng - một trong những chợ nổi lớn nhất đồng bằng sông Cửu Long, nơi hàng trăm chiếc thuyền, tàu buôn bán trao đổi hàng hóa, sản vật địa phương. Cảm nhận không gian văn hóa đặc trưng nơi miệt vườn sông nước. - Tham quan KDL Mỹ Khánh, Thiền viện Trúc Lâm, phim trường Căn nhà màu tím. - Di chuyển bằng xe du lịch máy lạnh đời mới, có HDV vui vẻ và nhiệt tình phục vụ suốt tuyến. - Tham khảo lịch trình tour tại đây .","- Liên hệ tư vấn và hỗ trợ đặt dịch vụ: Hotline: (028) 73003799 - ĐT/ Zalo: 0354 466 968 - Email: booking@hotdeal.vn. (Giờ làm việc: từ 8h30 đến 17h00 thứ 2 đến thứ 6; 8h30 đến 12h00 thứ 7 hàng tuần). - Thanh toán tiền mặt, thanh toán online qua thẻ ATM (có đăng ký internet banking)/ Thẻ tín dụng Visa/Master để nhận mã e-voucher qua tin nhắn SMS miễn phí. - Thời hạn sử dụng voucher: đến 30/10/2026. - Địa điểm sử dụng voucher: AN TRAVEL Địa chỉ: 165 đường Phạm Ngũ Lão, Phường Phạm Ngũ Lão, Quận 1, TP. Hồ Chí Minh - Điểm đón khách: 165 đường Phạm Ngũ Lão, Phường Phạm Ngũ Lão, Quận 1, TP. Hồ Chí Minh. - CÁC ĐỢT KHỞI HÀNH: + Khởi hành: Hằng ngày + Phụ thu khởi hành lễ, Tết: 300.000 VNĐ/khách - VOUCHER BAO GỒM: + Vận chuyển: Xe du lịch đời mới, ghế mềm, máy lạnh tham quan suốt tuyến. + Lưu trú: Khách sạn trung tâm bến Ninh Kiều Khách sạn tiêu chuẩn 3 sao - Phòng trang bị Tivi truyền hình cáp giải trí, máy lạnh, máy nước nóng lạnh, điện thoại, phòng 2 – 3 khách/phòng (khách sạn chỉ có tiêu chuẩn 2 khách/phòng, khách thứ 3 sẽ sử dụng giường phụ). Trường hợp Quý khách đi lẻ hoặc ngủ phòng riêng (phòng 1 người) phụ thu: 300.000 VNĐ/khách/tour. + Ăn uống: 01 bữa buffet sáng tại khách sạn 3 sao + 03 bữa ăn chính + Hướng dẫn viên: HDV tiếng Việt – tiếng Anh thuyết minh và phục vụ ăn, nghỉ, tham quan cho đoàn. + Tham quan: Giá vé đã bao gồm phí vào cổng tại các điểm tham quan trong chương trình. + Bảo hiểm: Đoàn được: Bảo hiểm du lịch trọn gói, mức bồi thường tối đa 20.000.000 VNĐ/vụ + Phục vụ: Đoàn được phục vụ: Nước suối 1 chai/khách/ngày Áo phao cứu hộ, mỗi người trang bị 1 cái - VOUCHER KHÔNG BAO GỒM: + Nếu Quý khách ngủ phòng riêng (phòng 1 người) phụ thu 150.000 VNĐ cho khách sạn 2 sao + Vé tham quan Căn nhà màu tím + Chưa bao gồm phụ thu khởi hành lễ, Tết: 200.000 VNĐ/khách + Chưa bao gồm thuế VAT. Nếu Quý khách có yêu cầu xuất hóa đơn đỏ + Phụ thu phòng đơn: 300.000 VNĐ/khách/tour - GIÁ VÉ TRẺ EM: + Trẻ em từ 05 đến dưới 10 tuổi: mua 75% vé, ngủ chung bố mẹ, có chỗ ngồi trên xe, tiêu chuẩn ăn như người lớn. + Trẻ em từ 04 tuổi trở xuống: không tính vé, gia đình tự lo ăn uống, ngồi trên lòng bố mẹ (02 người lớn được kèm 01 trẻ em; từ trẻ em thứ 02 trở đi tính 75% giá vé). + Trẻ em từ 10 tuổi trở lên: mua 01 vé. LƯU Ý: Quý khách nên mang giày, dép thấp để thuận tiện khi di chuyển trên thuyền. - ĐIỀU KIỆN HỦY TOUR: + Quý khách vui lòng liên hệ với Hotdeal để kiểm tra tình trạng chỗ trước khi thanh toán. + Quý khách đặt tour trước 10 ngày. + Trường hợp thay đổi lịch nghỉ dưỡng đã đặt, khách hàng phải thông báo trước 07 ngày (và không giải quyết quá 01 lần thay đổi). + Đổi lịch trước 03 ngày khởi hành: mất phí 100%. + Nếu khách đặt tour nhưng không đến, voucher sẽ bị hủy và không còn giá trị. + Voucher không có giá trị quy đổi thành tiền, không hoàn trả tiền khi khách hàng không sử dụng voucher trong thời gian còn hiệu lực. + Tất cả các khoản phụ thu, Quý khách vui lòng thanh toán trực tiếp lại công ty tour.","10 đã mua","","2026-08-26T20:47:28.712626"
"www.hotdeal.vn","https://www.hotdeal.vn/tour-trong-nuoc/tour-nha-trang-3n3d-bai-tranh-vinh-san-ho-tam-bun-nt001-371100.html","Tour Nha Trang 3N3Đ - Bãi Tranh - Vịnh San Hô - Tắm Bùn - NT001","3090000","2350000","https://static.hotdeal.vn/images/1735/1734885/400x400/371100-tour-nha-trang-3n3d-bai-tranh-vinh-san-ho-tam-bun-nt001.jpg","Những trải nghiệm thú vị trong chương trình Tour Nha Trang 3N3Đ: - Tham quan Nhà thờ Đá, chùa Long Sơn - ngôi cổ tự lâu đời tại Nha Trang, với bức tượng Phật Tổ ngoài trời lớn nhất được ghi tên vào sách kỷ lục Guinness Việt Nam. - Trải nghiệm tắm khoáng tại Trung tâm Suối khoáng nóng Tháp Bà. - Check-in tại điểm đến mới tại Nha Trang: Nhà hát Đó. - Thưởng thức các món ăn đặc sản tại Nha Trang: nem nướng Nha Trang. - Hành trình du ngoạn vịnh Nha Trang & tắm biển, vui chơi tại: Bãi Tranh, KDL Vịnh San Hô. Tại đây du khách có thể tham gia các trò chơi biển, tự do tắm biển, hồ bơi,… - Có thể tự do khám phá VinWonders Nha Trang. - Tham quan vườn nho Phan Rang. - Tham khảo lịch trình tour tại đây .","- Liên hệ tư vấn và hỗ trợ đặt dịch vụ: Hotline: (028) 73003799 - ĐT/ Zalo: 0354 466 968 - Email: booking@hotdeal.vn. (Giờ làm việc: từ 8h30 đến 17h00 thứ 2 đến thứ 6; 8h30 đến 12h00 thứ 7 hàng tuần). - Thanh toán tiền mặt, thanh toán online qua thẻ ATM (có đăng ký internet banking)/ Thẻ tín dụng Visa/Master để nhận mã e-voucher qua tin nhắn SMS miễn phí. - Thời hạn sử dụng voucher: đến 30/10/2026. - Địa điểm sử dụng voucher: VINTRIP Địa chỉ: 292/33/15A Bình Lợi, Phường 13, Quận Bình Thạnh, TP. HCM. - LỊCH KHỞI HÀNH DỰ KIẾN: Khởi hành tối thứ 2 giá bán: 2.150.000 VNĐ/khách - khách sạn 3 sao. Khởi hành tối thứ 5 giá bán: 2.350.000 VNĐ/khách - khách sạn 3 sao. Lễ 2/9 giá bán: 2.350.000 VNĐ. - ĐỊA ĐIỂM ĐÓN KHÁCH: 22h00 - 23h00: Xe và hướng dẫn viên Công ty Du lịch đón khách tại điểm hẹn tập trung, khởi hành đi Nha Trang. Nhà Văn hóa Thanh Niên (04 Phạm Ngọc Thạch, Quận 1) Thuận Kiều Plaza, Quận 5 (không có điểm gửi xe máy) Cây xăng Comeco số 14 (450 Kinh Dương Vương, An Lạc, Bình Tân) - đối diện Bến xe Miền Tây Cây xăng Nhơn Hòa – gần Vạn Phúc City (520 Quốc lộ 13, Thủ Đức) Ngã 4 Thủ Đức (không có điểm gửi xe máy) Amata Biên Hòa - ĐỊA ĐIỂM TRẢ KHÁCH: Về trước 22h00 Cây xăng Comeco số 14 (450 Kinh Dương Vương, An Lạc, Bình Tân) - đối diện Bến xe Miền Tây Cây xăng Nhơn Hòa – gần Vạn Phúc City (520 Quốc lộ 13, Thủ Đức) Ngã 4 An Sương (2374 QL1A, Khu phố 2, Quận 12) Amata Biên Hòa - VOUCHER BAO GỒM: Vận chuyển: Xe giường nằm 40–44 chỗ, đảm bảo chất lượng (có máy lạnh, mền, gối, dép trên xe) phục vụ suốt tuyến tour Bao gồm dịch vụ xe giường nằm tầng trên. Quý khách có nhu cầu sử dụng xe giường nằm tầng dưới phụ thu: 100.000 VNĐ/khách Tàu tham quan Vịnh San Hô 2 & Khu du lịch Bãi Tranh Lưu trú: Khách sạn 3 sao (2, 3, 4 khách/phòng) · Khách sạn 3*: Apus, Dendro Hotel hoặc tương đương… (trung tâm thành phố, tiện nghi đầy đủ) · Quý khách có nhu cầu sử dụng phòng đơn: Phụ thu phòng đơn 600.000 VNĐ/phòng · Quý khách có nhu cầu nâng cấp dịch vụ lên khách sạn 5* liên hệ hotline để nhận dịch vụ và mức phụ thu Ăn uống: Ăn uống theo ẩm thực địa phương: Ăn sáng: 03 bữa (01 tô + 01 ly, 02 bữa buffet sáng tại khách sạn) Ăn chính: 04 bữa (03 bữa set menu 5 món trở lên, 01 bữa đặc sản nem nướng) Vé tham quan: Vé vào cổng tại tất cả các điểm theo chương trình Ghế dù tắm biển + vé tắm nước ngọt tại Bãi Tranh Vé tắm bùn khoáng Hướng dẫn viên: HDV tiếng Việt vui vẻ, nhiệt tình, nhiều kinh nghiệm Quà tặng: Nón du lịch, 01 chai nước suối và 01 khăn lạnh/khách/ngày Bảo hiểm: Bảo hiểm du lịch với mức bồi thường cao nhất 30.000.000 VNĐ/người/vụ - VOUCHER KHÔNG BAO GỒM: Phụ thu nâng cấp giường nằm tầng dưới: 100.000 VNĐ/khách Điểm tham quan: Các điểm tham quan nằm ngoài chương trình Vé vui chơi VinWonders Nha Trang Chi phí cá nhân: Giặt ủi, điện thoại, ăn uống hải sản ngoài chương trình, nước uống, tắm nước ngọt tại các điểm tham quan Chi phí khác: Tiền tip cho tài xế và HDV (nếu có) Phụ thu phòng đơn 600.000 VNĐ/phòng Các khoản phụ thu phòng đơn và lễ, Tết Giá chưa bao gồm thuế VAT Phụ thu nâng cấp dịch vụ khách sạn lên 5 sao - GIÁ VÉ TRẺ EM: Từ 10 tuổi trở lên: 100% tiêu chuẩn như người lớn Từ 05 đến 09 tuổi: 70% giá vé người lớn · Tiêu chuẩn: 01 ghế ngồi trên xe, suất ăn, vé tham quan, không có suất ngủ - bé ngủ chung với gia đình · 02 người lớn chỉ được kèm 01 trẻ em 70% vé, trẻ em thứ 2 trong độ tuổi trên bắt buộc mua 01 vé người lớn Dưới 05 tuổi: Phụ thu 400.000đ - Tiêu chuẩn: 01 ghế ngồi trên xe o Không bao gồm suất ăn, vé tham quan, không có suất ngủ - bé ngủ chung với gia đình. o 02 người lớn chỉ được kèm 01 trẻ em từ 05 tuổi trở xuống, trẻ em thứ 02 trở lên phải mua 75% giá tour. o Nếu phát sinh chi phí bố mẹ tự thanh toán trực tiếp. LƯU Ý: Thứ tự các điểm tham quan theo chương trình, HDV có thể thay đổi tùy theo thời tiết và các vấn đề khách quan khác mà vẫn đảm bảo đầy đủ các điểm tham quan Do chương trình tour khách lẻ ghép đoàn nên khi không đủ số lượng khách để khởi hành, công ty sẽ hỗ trợ khách dời sang ngày khởi hành gần nhất hoặc hoàn lại phí tour như đã đặt cọc Thời gian trong chương trình tour là thời gian dự kiến, thực tế tour sẽ có chênh lệch (không nhiều) so với thời gian dự kiến. HDV sẽ báo trực tiếp cho khách hàng trong thời gian thực hiện tour Trong những trường hợp bất khả kháng như: khủng bố, bạo động, thiên tai, lũ lụt, dịch bệnh… Tùy theo tình hình thực tế và sự thuận tiện, an toàn của khách hàng, công ty sẽ chủ động thông báo thay đổi như sau: hủy hoặc thay thế bằng chương trình mới với chi phí tương đương. Nếu phát sinh, khách hàng thanh toán phần chênh lệch. Hai bên có trách nhiệm hỗ trợ để giảm thiểu tổn thất do yếu tố bất khả kháng Đối với sự thay đổi lịch trình, giờ bay do lỗi của hãng tàu thủy, công ty không chịu trách nhiệm các chi phí phát sinh như: bữa ăn, khách sạn, phương tiện di chuyển, hướng dẫn viên… ĐIỀU KIỆN ĐẶT HỦY TOUR: Khách hàng vui lòng liên hệ Hotdeal để kiểm tra tình trạng chỗ trước khi thanh toán Không áp dụng cho hủy, dời tour ngày lễ Khách hàng đặt tour trước ngày khởi hành ít nhất 15–20 ngày Trường hợp thay đổi ngày đi, khách hàng phải báo trước ít nhất 10 ngày và chỉ được đổi 01 lần (mọi chi phí phát sinh khách tự chi trả) Hotdeal không hỗ trợ hủy tour sau khi khách đã nhận email xác nhận Khách hàng không đến, E-Voucher sẽ bị hủy và không còn giá trị E-Voucher không quy đổi thành tiền, không hoàn tiền, không gia hạn Không áp dụng đồng thời với chương trình khuyến mãi khác Trường hợp hủy tour do thiên tai, dịch bệnh, phương tiện vận chuyển hoãn/hủy, công ty chỉ hoàn phần dịch vụ chưa sử dụng, không bồi thường thêm TẤT CẢ CÁC KHOẢN PHỤ THU QUÝ KHÁCH VUI LÒNG THANH TOÁN TRỰC TIẾP TẠI CÔNG TY DU LỊCH.","30 đã mua","","2026-08-26T20:47:32.571247"
"www.hotdeal.vn","https://www.hotdeal.vn/tour-trong-nuoc/tour-da-lat-3n3d-happy-hills-suoi-binh-yen-dl001-371078.html","Tour Đà Lạt 3N3Đ - Happy Hills - Suối Bình Yên - DL001","2890000","1990000","https://static.hotdeal.vn/images/1735/1734655/400x400/371078-tour-da-lat-3n3d-happy-hills-suoi-binh-yen-dl001.jpg","NHỮNG TRẢI NGHIỆM THÚ VỊ TRONG CHƯƠNG TRÌNH: - Trải nghiệm chuyến tàu cổ Đà Lạt - Trại Mát là một trải nghiệm bạn không thể bỏ lỡ khi du lịch Đà Lạt. - Tham quan Khu du lịch LangBiang Land với rất nhiều hạng mục trò chơi, điểm chụp ảnh, vườn thú, vườn dâu. - Trải nghiệm chương trình giao lưu văn hóa cồng chiêng tại LangBiang Land. - Tham quan Cà phê Suối Bình Yên & Khu vườn Địa Đàng là một điểm đến lý tưởng dành cho những ai muốn tạm rời xa sự xô bồ của cuộc sống thường nhật. - Viếng thăm và tham quan các điểm hành hương như: Thiền viện Trúc Lâm, Nhà thờ Domaine, Làng chùa Đại Ninh. - Bao gồm: 01 bữa ăn đặc sản gà nướng + cơm lam + lẩu gà lá é, 01 bữa cơm niêu. - Tham khảo lịch trình tour tại đây .","- Liên hệ tư vấn và hỗ trợ đặt dịch vụ: Hotline: (028) 73003799 - ĐT/ Zalo: 0354 466 968 - Email: booking@hotdeal.vn. (Giờ làm việc: từ 8h30 đến 17h00 thứ 2 đến thứ 6; 8h30 đến 12h00 thứ 7 hàng tuần). - Thanh toán tiền mặt, thanh toán online qua thẻ ATM (có đăng ký internet banking)/ Thẻ tín dụng Visa/Master để nhận mã e-voucher qua tin nhắn SMS miễn phí. - Thời hạn sử dụng voucher: đến 30/10/2026. - Địa điểm sử dụng Voucher: VINTRIP Địa chỉ: 292/33/15A Bình Lợi, Phường 13, Quận Bình Thạnh, TP.HCM. - LỊCH KHỞI HÀNH DỰ KIẾN: + Lưu trú khách sạn 2 sao, khởi hành tối Thứ 2 – Giá: 1.990.000 VNĐ + Lưu trú khách sạn 2 sao, khởi hành tối Thứ 5 – Giá: 2.190.000 VNĐ – phụ thu 200.000 + Khởi hành Lễ, Tết: phụ thu lễ - ĐIỂM ĐÓN KHÁCH: o Nhà Văn hóa Thanh Niên (04 Phạm Ngọc Thạch, Quận 1) o Thuận Kiều Plaza, Quận 5 (không có điểm gửi xe máy) o Cây xăng Comeco số 14 (450 Kinh Dương Vương, An Lạc, Bình Tân) - đối diện Bến xe Miền Tây o Cây xăng Nhơn Hòa – gần Vạn Phúc City (520 Quốc lộ 13, Thủ Đức) o Ngã 4 Thủ Đức (không có điểm gửi xe máy) o Amata Biên Hòa - ĐIỂM TRẢ KHÁCH: o Cây xăng Comeco số 14 (450 Kinh Dương Vương, An Lạc, Bình Tân) - đối diện Bến xe Miền Tây o Cây xăng Nhơn Hòa – gần Vạn Phúc City (520 Quốc lộ 13, Thủ Đức) o Ngã 4 An Sương (2374 QL1A, Khu phố 2, Quận 12, Hồ Chí Minh, Việt Nam) o Amata Biên Hòa - VOUCHER BAO GỒM + Vận chuyển: · Xe giường nằm tầng trên 40–44 chỗ, đảm bảo chất lượng (có máy lạnh, mền, gối, dép trên xe) phục vụ suốt tuyến tour · Quý khách có nhu cầu sử dụng giường nằm tầng dưới: 100.000 VNĐ/khách + Lưu trú: Khách sạn tiêu chuẩn 2 sao Khách sạn 2*: Tường Vy ĐL Central, Hồng Lan, Tâm Dung 2, An Thủy… hoặc tương đương (2, 4 khách/phòng) – trường hợp khách đi 3 người có phụ thu phòng · Phụ thu phòng đơn: 300.000 VNĐ/phòng · Phụ thu phòng 3: 150.000 VNĐ/phòng · Quý khách có nhu cầu nâng cấp dịch vụ lên 3, 4* liên hệ nhận thông tin dịch vụ khách sạn nâng cấp và mức phụ thu + Ăn uống: Ăn uống theo ẩm thực địa phương: Ăn sáng: 03 bữa (01 tô + 01 ly hoặc buffet do tiêu chuẩn khách sạn từ 03 sao trở lên) Ăn chính: 04 bữa (02 bữa set menu 5 món trở lên, 01 bữa đặc sản gà nướng cơm lam + lẩu gà lá é, 01 bữa cơm niêu) + Vé tham quan: Vé vào cổng tại tất cả các điểm theo chương trình + Hướng dẫn viên: HDV tiếng Việt vui vẻ, nhiệt tình, nhiều kinh nghiệm + Quà tặng: Nón du lịch, 1 chai nước suối và 1 khăn lạnh/khách/ngày + Bảo hiểm: Bảo hiểm du lịch với mức bồi thường cao nhất 30.000.000đ/người/vụ - VOUCHER KHÔNG BAO GỒM: + Điểm tham quan: Các điểm tham quan nằm ngoài chương trình + Chi phí cá nhân: Giặt ủi, điện thoại, ăn uống ngoài chương trình, nước uống tại các điểm tham quan + Quý khách tự túc 1 bữa ăn tối ngày 2 + Chi phí khác: Tiền tip cho tài xế và HDV (nếu có) + Các khoản phụ thu Phụ thu phòng đơn khách sạn 2*: 300.000 VNĐ/phòng Phụ thu phòng 3 khách sạn 2*: 150.000 VNĐ/phòng Phụ thu khởi hành Lễ, Tết + Giá chưa bao gồm thuế VAT - GIÁ VÉ TRẺ EM: + Từ 10 tuổi trở lên: 100% tiêu chuẩn như người lớn. + Từ 05 đến 09 tuổi: 70% giá tour. Tiêu chuẩn: 01 ghế ngồi trên xe, suất ăn, vé tham quan, không có suất ngủ - bé ngủ chung với gia đình. 02 người lớn chỉ được kèm 01 trẻ em 75% vé, trẻ em thứ 2 trong độ tuổi trên bắt buộc mua 01 vé người lớn. + Dưới 05 tuổi: Phụ thu 400.000đ - Tiêu chuẩn: 01 ghế ngồi trên xe o Không bao gồm suất ăn, vé tham quan, không có suất ngủ - bé ngủ chung với gia đình. o 02 người lớn chỉ được kèm 01 trẻ em từ 05 tuổi trở xuống, trẻ em thứ 02 trở lên phải mua 75% giá tour. o Nếu phát sinh chi phí bố mẹ tự thanh toán trực tiếp. - LƯU Ý: + Thứ tự các điểm tham quan theo chương trình, HDV có thể thay đổi tùy theo thời tiết và các vấn đề khách quan khác mà vẫn đảm bảo đầy đủ các điểm tham quan. + Do chương trình tour khách lẻ ghép đoàn nên khi không đủ số lượng khách để khởi hành, công ty sẽ hỗ trợ khách dời sang ngày gần nhất hoặc hoàn lại phí tour như đã đặt cọc. + Thời gian trong chương trình là thời gian dự kiến, thực tế có thể chênh lệch (không nhiều) so với thời gian dự kiến. HDV sẽ báo trực tiếp cho khách hàng. + Theo quy định các nhà nghỉ bên đảo: thời gian nhận phòng sau 12h00 và trả phòng trước 10h00. + Trong những trường hợp bất khả kháng như: khủng bố, bạo động, thiên tai, lũ lụt, dịch bệnh… tùy theo tình hình thực tế và sự thuận tiện, an toàn của khách hàng, công ty sẽ chủ động thông báo thay đổi như: hủy hoặc thay thế bằng một chương trình mới với chi phí tương đương. Nếu có phát sinh, khách hàng sẽ thanh toán phần chênh lệch. + Đối với sự thay đổi lịch trình, giờ bay do lỗi của hãng tàu thủy, công ty sẽ không chịu trách nhiệm các chi phí phát sinh như: bữa ăn, nhà hàng, khách sạn, phương tiện di chuyển, hướng dẫn viên. - ĐIỀU KIỆN HỦY TOUR: + Khách hàng vui lòng liên hệ Hotdeal để kiểm tra tình trạng chỗ trước khi thanh toán. + Không áp dụng hủy/dời tour ngày Lễ. + Đặt tour trước ngày khởi hành ít nhất 7–10 ngày. + Trường hợp thay đổi ngày đi, phải báo trước ít nhất 10 ngày và chỉ được đổi 01 lần (khách chịu chi phí phát sinh nếu có). + Hotdeal không hỗ trợ hủy tour sau khi đã xác nhận đặt dịch vụ. + Khách không đến, E-Voucher sẽ bị hủy và không còn giá trị. + E-Voucher không quy đổi thành tiền, không hoàn tiền, không gia hạn. + Không áp dụng đồng thời với các chương trình khuyến mãi khác. + Trường hợp hủy do thiên tai, dịch bệnh hoặc phương tiện hoãn/hủy chuyến, công ty không bồi thường thêm ngoài phần dịch vụ chưa sử dụng. + TẤT CẢ CÁC KHOẢN PHỤ THU, QUÝ KHÁCH VUI LÒNG THANH TOÁN TRỰC TIẾP TẠI CÔNG TY DU LỊCH.","16 đã mua","","2026-08-26T20:47:36.527638"
"www.hotdeal.vn","https://www.hotdeal.vn/tour-trong-nuoc/tour-binh-hung-binh-ba-2n2d-tiec-bbq-xe-giuong-nam-bd017-371077.html","Tour Bình Hưng - Bình Ba 2N2Đ - Tiệc BBQ - Xe Giường Nằm - BD017","2900000","1950000","https://static.hotdeal.vn/images/1735/1734868/400x400/371077-tour-binh-hung-binh-ba-2n2d-tiec-bbq-xe-giuong-nam-bd017.jpg","Những trải nghiệm thú vị trong chương trình: - Tắm biển, ngắm san hô tại Bãi Lớn - Đảo Bình Hưng. - Di chuyển cano/ tàu gỗ dạo vòng quanh đảo ngắm toàn cảnh Vịnh Cam Ranh. - Check-in Bãi Cây Me, Hang Sâu - Đá Vách. - Lặn san hô tại Hòn Rùa – Bãi Nhà Cũ (Bình Ba). - Khám phá Bãi Nhà Cũ (di chuyển bằng xe điện, thuyền thúng). - Thưởng thức ẩm thực tiệc hải sản + rượu vang (có tôm hùm: ½ con/ khách). - Khám phá, tắm biển Bãi Nồm (Bình Ba). - Khám phá vườn nho, cơ sở sản xuất nước mắm Ninh Thuận. - Tham quan cơ sở sản xuất và vườn nho Phan Rang. - Tham khảo lịch trình tour tại đây .","- Liên hệ tư vấn và hỗ trợ đặt dịch vụ: Hotline: (028) 73003799 - ĐT/ Zalo: 0354 466 968 - Email: booking@hotdeal.vn. (Giờ làm việc: từ 8h30 đến 17h00 thứ 2 đến thứ 6; 8h30 đến 12h00 thứ 7 hàng tuần). - Thanh toán tiền mặt, thanh toán online qua thẻ ATM (có đăng ký internet banking)/ Thẻ tín dụng Visa/Master để nhận mã e-voucher qua tin nhắn SMS miễn phí. - Thời hạn sử dụng voucher: đến 30/10/2026. - Địa điểm sử dụng voucher: VINTRIP Địa chỉ: 292/33/15A Bình Lợi, Phường 13, Quận Bình Thạnh, TP.HCM - LƯU Ý: CHƯƠNG TRÌNH KHÔNG ÁP DỤNG CHO KHÁCH NƯỚC NGOÀI VÀ NGƯỜI CÓ QUỐC TỊCH NƯỚC NGOÀI. - LỊCH KHỞI HÀNH DỰ KIẾN: + Khởi hành tối Thứ 6 hàng tuần – Giá tour: 1.950.000/ Khách + Khởi hành lễ Tết có phụ thu lễ - ĐỊA ĐIỂM ĐÓN KHÁCH: o Nhà Văn hóa Thanh Niên (04 Phạm Ngọc Thạch, Quận 1) o Thuận Kiều Plaza, Quận 5 (không có điểm gửi xe máy) o Cây xăng Comeco số 14 (450 Kinh Dương Vương, An Lạc, Bình Tân) - đối diện Bến xe Miền Tây o Cây xăng Nhơn Hòa – gần Vạn Phúc City (520 Quốc lộ 13, Thủ Đức) o Ngã 4 Thủ Đức (không có điểm gửi xe máy) o Amata Biên Hòa - ĐỊA ĐIỂM TRẢ KHÁCH: Nếu đoàn về TP.HCM sau 22h00 sẽ trả khách tại các điểm như đã đón. Nếu đoàn về TP.HCM trước 22h00 sẽ trả khách tại các điểm: o Cây xăng Comeco số 14 (450 Kinh Dương Vương, An Lạc, Bình Tân) - đối diện Bến xe Miền Tây o Ngã 4 An Sương (2374 QL1A, Khu phố 2, Quận 12, Hồ Chí Minh, Việt Nam) o Cây xăng Nhơn Hòa – gần Vạn Phúc City (520 Quốc lộ 13, Thủ Đức) Lưu ý: Theo thông báo số 14253/TB-SGTVT, TP. Hồ Chí Minh cấm xe giường nằm vào trung tâm từ 06:00 đến 22:00. Mong Quý khách thông cảm và đồng hành cùng công ty Lữ hành. - VOUCHER BAO GỒM: + Vận chuyển: Xe giường nằm 40-44 chỗ - ghế tầng trên, đảm bảo chất lượng (có máy lạnh, mền, gối, dép trên xe) phục vụ suốt tuyến tour. + Quý khách có nhu cầu sử dụng giường nằm tầng dưới: Phụ thu 100.000 VNĐ / Khách · Tàu Cano/ tàu gỗ tham quan các bãi tắm/ đảo để khách tắm biển tại đảo Bình Hưng. · Xe jeep đưa đi Bãi Nhà Cũ để tắm biển và đi thuyền thúng ra bãi tắm để lặn ngắm san hô tại Đảo Bình Ba. + Lưu trú: Tiêu chuẩn Nhà nghỉ/Hotel/Motel (4–6 khách/phòng, ở ít hơn 4 có phụ thu phòng). · Phụ thu phòng đơn 1 người 300.000 VND/phòng · Phụ thu phòng 2 người 200.000 VND/phòng · Phụ thu phòng 3 người 150.000 VND/phòng Lưu ý: Quý khách có nhu cầu nâng cấp dịch vụ lưu trú lên tiêu chuẩn Khách sạn 1* - Vui lòng liên hệ Hotdeal để nhận báo giá mức phụ thu nâng cấp dịch vụ lưu trú. + Ăn uống: Ăn uống theo ẩm thực địa phương: o Ăn sáng: 01 bữa – 01 tô/01 ly o Ăn chính: 03 bữa (02 bữa Set menu 5 món trở lên, 01 tiệc hải sản BBQ + rượu vang: có tôm hùm: ½ con/ người) + Vé tham quan: Vé tham quan vào cổng tại tất cả các điểm theo chương trình. + Hướng dẫn viên: Vui vẻ, nhiệt tình, nhiều kinh nghiệm, phục vụ đoàn suốt tuyến. + Quà tặng: o Nón du lịch. o 1 chai nước/khách/ngày. o 1 khăn lạnh/khách/ngày. + Bảo hiểm du lịch: 30.000.000đ/người/vụ. - VOUCHER KHÔNG BAO GỒM: + Điểm tham quan: Các điểm tham quan nằm ngoài chương trình. + Chi phí cá nhân: Giặt ủi, điện thoại, ăn uống hải sản ngoài chương trình, nước uống, tắm nước ngọt tại các điểm tham quan. + Thuế VAT: Nếu khách có nhu cầu xuất hóa đơn đóng thêm 10% giá tour. + Chi phí khác: Tiền tip cho tài xế và HDV (nếu có). + Các khoản phụ thu: · Phụ thu khởi hành lễ Tết · Phụ thu phòng đơn 1 người 300.000 VND/phòng · Phụ thu phòng 2 người 200.000 VND/phòng · Phụ thu phòng 3 người 150.000 VND/phòng LƯU Ý: CHƯƠNG TRÌNH KHÔNG ÁP DỤNG CHO KHÁCH NƯỚC NGOÀI VÀ NGƯỜI CÓ QUỐC TỊCH NƯỚC NGOÀI. - GIÁ VÉ TRẺ EM: + Từ 10 tuổi trở lên: 100% Tiêu chuẩn như người lớn. + Từ 05 đến 09 tuổi: 75% Giá Tour - Tiêu chuẩn: 01 ghế ngồi trên xe, suất ăn, vé tham quan, không có suất ngủ - bé ngủ chung với gia đình. Lưu ý: 02 người lớn chỉ được kèm 1 trẻ em 75% vé, trẻ em thứ 2 trong độ tuổi trên bắt buộc mua 1 vé người lớn. + Dưới 05 tuổi: Phụ thu 400.000đ - Tiêu chuẩn: 01 ghế ngồi trên xe o Không bao gồm suất ăn, vé tham quan, không có suất ngủ - bé ngủ chung với gia đình. o 02 người lớn chỉ được kèm 01 trẻ em từ 05 tuổi trở xuống, trẻ em thứ 02 trở lên phải mua 75% giá tour. o Nếu phát sinh chi phí bố mẹ tự thanh toán trực tiếp. - MỘT SỐ LƯU Ý: + Thứ tự các điểm tham quan theo chương trình HDV có thể thay đổi tùy theo thời tiết và các vấn đề khách quan khác mà vẫn đảm bảo đầy đủ các điểm tham quan. + Do chương trình tour khách lẻ ghép đoàn nên khi không đủ số lượng khách để khởi hành thì công ty sẽ hỗ trợ khách dời sang ngày khởi hành gần nhất hoặc hoàn lại phí tour như đã đặt cọc. + Giá trên không áp dụng cho ngày lễ, Tết. + Thời gian trong chương trình tour là thời gian dự kiến, thực tế tour sẽ có chênh lệch (không nhiều) so với thời gian dự kiến. HDV sẽ báo trực tiếp cho Khách hàng trong thời gian thực hiện tour. + Trong những trường hợp bất khả kháng như: khủng bố, bạo động, thiên tai, lũ lụt, dịch bệnh… Tùy theo tình hình thực tế và sự thuận tiện, an toàn của khách hàng, công ty sẽ chủ động thông báo cho khách hàng sự thay đổi như sau: hủy hoặc thay thế bằng một chương trình mới với chi phí tương đương chương trình tham quan trước đó. Trong trường hợp chương trình mới có phát sinh thì Khách hàng sẽ thanh toán khoản phát sinh này. Tuy nhiên, mỗi bên có trách nhiệm cố gắng tối đa, giúp đỡ bên bị thiệt hại nhằm giảm thiểu các tổn thất gây ra vì lý do bất khả kháng. + Đối với sự thay đổi lịch trình, giờ bay do lỗi của hãng tàu thủy, công ty sẽ không chịu trách nhiệm bất kỳ phát sinh nào do lỗi trên như: phát sinh bữa ăn, nhà hàng, khách sạn, phương tiện di chuyển, hướng dẫn viên,… - ĐIỀU KIỆN KHI ĐĂNG KÝ TOUR: + Đối với Khách quốc tịch Việt Nam: Khi đi tour Trẻ em từ 14 tuổi trở lên và người lớn cần đem theo CCCD/Passport (Hộ chiếu) bản chính còn hạn sử dụng, hình ảnh rõ (CMND có thời hạn sử dụng không quá 15 năm, tính từ ngày cấp)/Giấy khai sinh bản chính (trẻ em dưới 14 tuổi). + Đối với khách nước ngoài/Việt kiều: Khi đi tour phải mang theo đầy đủ Passport (Hộ chiếu) bản chính còn hạn sử dụng hoặc thẻ xanh kèm theo Visa và giấy tái xuất nhập Việt Nam. + Khi đăng ký tour Quý khách vui lòng mang theo CCCD/Passport bản chính hoặc cung cấp tên chính xác đầy đủ, đúng từng ký tự trên CCCD/Passport (Hộ chiếu)/Giấy khai sinh (trẻ em dưới 14 tuổi) theo thứ tự: Họ/tên lót/tên. + Trường hợp quý khách tham gia tour 01 khách, bắt buộc đóng thêm tiền phụ thu phòng đơn để ở riêng 01 phòng. Trường hợp trong đoàn cũng có khách đi 01 mình, cùng giới tính và có nhu cầu muốn ghép cùng phòng với quý khách thì công ty sẽ hoàn lại tiền phụ thu phòng đơn cho quý khách. - ĐIỀU KIỆN HỦY TOUR: + Khách hàng vui lòng liên hệ Hotdeal để kiểm tra tình trạng chỗ trước khi thanh toán. + Không áp dụng cho hủy, dời tour ngày lễ. + Khách hàng đặt tour trước ngày khởi hành ít nhất 7-10 ngày. + Trường hợp thay đổi ngày đi, khách hàng phải báo trước ngày khởi hành ít nhất 10 ngày và chỉ giải quyết 01 lần thay đổi (khách hàng chịu các chi phí phát sinh nếu có như: chi phí đổi vé máy bay chênh lệch giá vé, tàu lửa,…). + Hotdeal không hỗ trợ hủy tour sau khi khách hàng đã nhận email xác nhận đặt dịch vụ. + Khách hàng đặt tour nhưng không đến E-Voucher sẽ bị hủy và không còn giá trị. + E-Voucher không có giá trị quy đổi thành tiền, không được hoàn tiền khi khách không sử dụng trong thời gian E-Voucher còn hiệu lực, không gia hạn khi voucher hết hạn sử dụng. + Không áp dụng đồng thời với các chương trình khuyến mãi khác. + Trường hợp hủy tour do sự cố khách quan như thiên tai, dịch bệnh hoặc do tàu thủy, xe lửa, máy bay hoãn/hủy chuyến, Công ty du lịch sẽ không chịu trách nhiệm bồi thường thêm bất kỳ chi phí nào khác ngoài việc hoàn trả chi phí những dịch vụ chưa được sử dụng của tour đó. + TẤT CẢ CÁC KHOẢN PHỤ THU QUÝ KHÁCH VUI LÒNG THANH TOÁN TRỰC TIẾP TẠI CÔNG TY DU LỊCH.","27 đã mua","","2026-08-26T20:47:42.480435"
"www.hotdeal.vn","https://www.hotdeal.vn/tour-trong-nuoc/tour-vmb-5n4d-ha-noi-ha-giang-lung-cu-sapa-fansipan-dlhd02-370978.html","Tour VMB 5N4Đ - Hà Nội - Hà Giang - Lũng Cú - Sapa - Fansipan - DLHD02","12900000","8990000","https://static.hotdeal.vn/images/1734/1733638/400x400/370978-tour-vmb-5n4d-ha-noi-ha-giang-lung-cu-sapa-fansipan-dlhd02.jpg","- Điểm nổi bật của Tour Hà Nội - Hà Giang - Lũng Cú 5N4Đ - Đèo Mã Pì Lèng - Sông Nho Quế - Sapa - Fansipan: + Chinh phục cực Bắc Tổ quốc + Khám phá cung đường Hà Giang “Con đường Hạnh Phúc” + Dạo thuyền sông Nho Quế + Chinh phục đỉnh Fansipan “Nóc nhà Đông Dương” + Tham quan cao nguyên đá Đồng Văn, phố cổ Đồng Văn + Check-in với hoa tam giác mạch + Khám phá Sapa về đêm + Kkhám phá Hà Nội 36 phố phường - Voucher trọn gói, bao gồm vé máy bay khứ hồi, lưu trú, ăn uống, vé tham quan… - Tham khảo lịch trình tour tại đây .","- Liên hệ tư vấn và hỗ trợ đặt dịch vụ: Hotline: (028) 73003799 - ĐT/ Zalo: 0354 466 968 - Email: booking@hotdeal.vn. (Giờ làm việc: từ 8h30 đến 17h00 thứ 2 đến thứ 6; 8h30 đến 12h00 thứ 7 hàng tuần). - Thanh toán tiền mặt, thanh toán online qua thẻ ATM (có đăng ký internet banking)/ Thẻ tín dụng Visa/Master để nhận mã e-voucher qua tin nhắn SMS miễn phí. - Thời hạn sử dụng voucher: đến 15/10/2026 . - Địa điểm sử dụng voucher: Công ty Cổ phần Du lịch Hải Đăng Địa chỉ: 367 Tân Sơn, P.15, Q. Tân Bình, TP. HCM. - LỊCH KHỞI HÀNH DỰ KIẾN: + Khởi hành: Tháng 4: 1, 8, 15, 22 - Giá tour: 8.990.000 VNĐ + Khởi hành: Tháng 5: 13 - Giá tour: 8.990.000 VNĐ + Khởi hành: Lễ 30/4: 29/04 – Giá tour: 10.590.000 VNĐ – Phụ thu: 1.600.000 VNĐ + Khởi hành: Tháng 5: 20, 27 - Giá tour: 9.490.000 VNĐ – Phụ thu: 500.000 VNĐ + Khởi hành: Tháng 6: 3, 10, 17, 24 - Giá tour: 9.490.000 VNĐ – Phụ thu: 500.000 VNĐ - ĐIỂM ĐÓN KHÁCH: Nhà ga T3 - Sân bay Tân Sơn Nhất - VOUCHER BAO GỒM: + Vận chuyển: · Vé máy bay hãng SUNPHUQUOC: SGN - HAN – SGN. Bao gồm 7 kg hành lý xách tay/khách và 23 kg hành lý ký gửi (mỗi khách 1 kiện riêng, không gộp chung). · Xe đời mới máy lạnh đón khách theo chương trình. Xe tham quan (xe 16 chỗ, 29 chỗ) tùy theo số lượng khách thực tế trên chuyến đi. + Lưu trú: Khách sạn 3 sao + Khách sạn tiêu chuẩn tại Sa Pa, 1-2 sao tại Đồng Văn và Hà Giang (do tính chất vùng cao). Phòng: 2-3 khách/phòng. Tại Đồng Văn: Tam Giác Mạch, Hoàng Ngọc… hoặc tương đương Tại Hà Giang: Hương Thảo, Cao Nguyên… Tại Sa Pa: Golden Vila, Cosiana, Sapa Moon, Holiday Sapa… · Phụ thu phòng đơn trọn tour: 1.300.000 VNĐ/khách (ngày thường), 1.800.000 VNĐ/khách (lễ tết). Trường hợp trong đợt khởi hành có khách lẻ ghép, công ty sẽ ghép cho khách và không phải đóng phụ thu phòng đơn. + Thuế VAT + Ăn uống: · Điểm tâm: 1 buổi buffet tại khách sạn (số lượng dưới 30 khách ăn sáng tô + ly) + 3 buổi set menu · Ăn chính: 8 buổi + Tham quan: · Làng văn Lủng Cẩm · Cột cờ Lũng Cú · Bản Cát Cát · Đền Ngọc Sơn · Dinh thự Vua Mèo + Bảo hiểm: 50.000.000 VNĐ/người/trường hợp. (Không được hưởng bảo hiểm du lịch cho các trường hợp sau: trên 80 tuổi, tiền sử các bệnh như tim mạch, đột quỵ…) + Hướng dẫn viên: 1 hướng dẫn viên nhiệt tình, vui vẻ phục vụ đoàn suốt tuyến. + Nước suối, khăn lạnh, nón: Nước suối: 1 chai 500 ml/ngày/khách Khăn lạnh: 1 cái/ngày/khách Nón du lịch: 1 nón/khách + Khách nước ngoài: Phụ thu 300.000 VNĐ/khách - VOUCHER KHÔNG BAO GỒM: + Phụ phí phòng đơn. + Giặt ủi, điện thoại, ăn uống ngoài chương trình… + Tiền típ. + Hành lý ký gửi phát sinh theo quy định của hãng hàng không. + Cáp treo Fansipan. + Đi thuyền trên sông Nho Quế. + Khách nước ngoài: Phụ thu 300.000 VNĐ/khách. + Thuế VAT. - GIÁ VÉ TRẺ EM: + Trẻ em dưới 2 tuổi: Trẻ em dưới 2 tuổi miễn phí giá land, phí vào tên kèm bố mẹ 500.000 VNĐ/trẻ. + Trẻ em từ 2 đến 05 tuổi: 100% vé máy bay. Hai người lớn chỉ được kèm một trẻ em. Từ trẻ thứ 2 ở độ tuổi từ 2 đến 5 tuổi mua 100% vé máy bay và 50% giá tour. + Tiêu chuẩn nửa vé bao gồm: suất ăn, ghế ngồi và ngủ ghép chung với gia đình. + Trẻ em từ 06 - 9 tuổi: 100% vé máy bay và 75% giá tour. Hai người lớn chỉ được kèm một trẻ em (suất ăn, ghế ngồi và ngủ ghép chung với gia đình). Từ trẻ thứ 2 ở độ tuổi từ 6 đến 10 tuổi mua vé người lớn. + Trẻ em từ 10 tuổi: 100% giá tour như người lớn. - GHI CHÚ: · Khi đăng ký tour, quý khách mang CMND, giấy khai sinh (đối với trẻ em) hoặc passport photo. (Mang bản chính để nhân viên sales photo lại). · Quý khách có mặt trước giờ bay 120 phút, hành lý gọn nhẹ khi đi, mang theo giấy tờ tùy thân bản chính. · Lưu ý giấy tờ mang theo: Hành khách từ 14 tuổi trở lên Khi làm thủ tục đi tàu bay trên các chuyến bay nội địa phải xuất trình một trong những giấy tờ sau: Đối với hành khách mang quốc tịch nước ngoài: Hộ chiếu. Đối với hành khách mang quốc tịch Việt Nam, xuất trình một trong các loại giấy tờ sau: Hộ chiếu Giấy chứng minh nhân dân Giấy chứng nhận nhân thân có xác nhận của công an phường/xã nơi cư trú Hành khách dưới 14 tuổi Hành khách dưới 14 tuổi khi làm thủ tục đi tàu bay trên các chuyến bay nội địa phải xuất trình các loại giấy tờ sau: ✓ Đối với hành khách mang quốc tịch nước ngoài: hộ chiếu. ✓ Đối với hành khách mang quốc tịch Việt Nam phải xuất trình một trong các loại giấy tờ sau: ✓ Hộ chiếu; ✓ Giấy khai sinh; ✓ Giấy chứng sinh (đối với trường hợp dưới 1 tháng tuổi chưa có giấy khai sinh); ✓ Giấy xác nhận của tổ chức xã hội đối với trẻ em do tổ chức xã hội đang nuôi dưỡng (có giá trị sử dụng trong thời gian 06 tháng kể từ ngày xác nhận). Trường hợp hành khách dưới 14 tuổi đi tàu bay mà không có người đi kèm, ngoài các giấy tờ nêu trên phải có giấy cam kết của người đại diện theo pháp luật. Giấy cam kết của người đại diện theo pháp luật của hành khách dưới 14 tuổi đi tàu bay là giấy cam kết vận chuyển giữa hãng hàng không và người đại diện theo pháp luật của khách đó, không bắt buộc phải có giấy xác nhận của chính quyền địa phương và các cơ quan chức năng. Các giấy tờ nêu trên phải đảm bảo các điều kiện: ✓ Còn giá trị sử dụng. ✓ Có ảnh đóng dấu giáp lai, trừ giấy khai sinh, giấy chứng sinh của trẻ em, thẻ kiểm soát an ninh, thẻ nhận dạng của các hãng hàng không. ✓ Trẻ em (dưới 12 tuổi) khi đi du lịch mang theo giấy khai sinh (bản chính hoặc sao y có thị thực) để làm thủ tục hàng không. Trường hợp không có cha hoặc mẹ đi cùng phải có giấy ủy quyền của cha mẹ và có xác nhận của chính quyền địa phương. · Một số thứ tự, chi tiết trong chương trình; giờ bay có thể thay đổi để phù hợp với tình hình thực tế của chuyến đi (thời tiết…). · Hành lý và tư trang cá nhân, du khách tự bảo quản trong quá trình du lịch. Mọi mất mát công ty du lịch không chịu trách nhiệm. · Trong trường hợp cung cấp danh sách trễ, không còn vé máy bay giá rẻ, khi đó giá vé sẽ được điều chỉnh cho phù hợp. · Trong những trường hợp bất khả kháng như: khủng bố, bạo động, thiên tai, sự thay đổi lịch trình của hàng không, tàu hỏa, tàu thủy… công ty HAI DANG TRAVEL sẽ chủ động thay đổi lộ trình đi hoặc hủy tour vì sự thuận tiện và an toàn của quý khách. HAI DANG TRAVEL sẽ hoàn lại một phần những chi phí chưa được sử dụng cho việc tổ chức dịch vụ và không bồi thường thêm bất kỳ khoản nào khác. Tuy nhiên, mỗi bên có trách nhiệm cố gắng tối đa, giúp đỡ bên bị thiệt hại nhằm giảm thiểu các tổn thất gây ra vì lý do bất khả kháng. · Đối với sự thay đổi lịch trình, giờ bay do lỗi của hãng hàng không, tàu hỏa, tàu thủy, công ty sẽ không chịu trách nhiệm bất kỳ phát sinh nào do lỗi trên như: phát sinh bữa ăn, nhà hàng, khách sạn, phương tiện vận chuyển, hướng dẫn viên… - ĐIỀU KIỆN HỦY TOUR: + Khách hàng vui lòng liên hệ Hotdeal để kiểm tra tình trạng chỗ trước khi thanh toán. + Không áp dụng cho hủy, dời tour ngày lễ. + Khách hàng đặt tour trước ngày khởi hành ít nhất 7-10 ngày. + Trường hợp thay đổi ngày đi, khách hàng phải báo trước ngày khởi hành ít nhất 15 ngày và chỉ giải quyết 01 lần thay đổi (khách hàng chịu các chi phí phát sinh nếu có như: chi phí đổi vé máy bay chênh lệch giá vé, tàu lửa…). + Hotdeal không hỗ trợ hủy tour sau khi khách hàng đã nhận email xác nhận đặt dịch vụ. + Khách hàng đặt tour nhưng không đến, E-Voucher sẽ bị hủy và không còn giá trị. + E-Voucher không có giá trị quy đổi thành tiền, không được hoàn tiền khi khách không sử dụng trong thời gian E-Voucher còn hiệu lực, không gia hạn khi voucher hết hạn sử dụng. + Không áp dụng đồng thời với các chương trình khuyến mãi khác. · Trường hợp hủy tour do sự cố khách quan như thiên tai, dịch bệnh hoặc do tàu thủy, xe lửa, máy bay hoãn/hủy chuyến, Hải Đăng Travel sẽ không chịu trách nhiệm bồi thường thêm bất kỳ chi phí nào khác ngoài việc hoàn trả chi phí những dịch vụ chưa được sử dụng của tour đó. + TẤT CẢ CÁC KHOẢN PHỤ THU QUÝ KHÁCH VUI LÒNG THANH TOÁN TRỰC TIẾP TẠI CÔNG TY DU LỊCH.","16 đã mua","","2026-08-26T20:47:46.216073"
"www.hotdeal.vn","https://www.hotdeal.vn/tour-trong-nuoc/tour-vmb-3n2d-phu-quoc-bbq-tren-tau-grand-world-bai-sao-370982.html","Tour VMB 3N2Đ - Phú Quốc - BBQ Trên Tàu - Grand World - Bãi Sao","8900000","5990000","https://static.hotdeal.vn/images/1734/1733680/400x400/370982-tour-vmb-3n2d-phu-quoc-bbq-tren-tau-grand-world-bai-sao.jpg","Các điểm đến nổi bật trong Tour 3N2Đ Phú Quốc - Tiệc BBQ Trên Tàu - Grand World - Bãi Sao: - Khám phá thế giới mới lạ tại ""thành phố không ngủ"" Grand World Phú Quốc. - Tận hưởng những giây phút tuyệt vời tại Bãi Sao, một trong những bãi biển tuyệt đẹp của Phú Quốc với bãi cát trắng và nước trong xanh. - Tham quan Thị trấn Địa Trung Hải Phú Quốc. - Check in và ngắm hoàng hôn lung linh tại Hòn Thơm, thỏa thích vui chơi tại Công viên nước Hòn Thơm - Aquatopia Water Park. - Tham quan công trình mới vừa mới ra mắt vào năm nay đó là Cầu Hôn lấy cảm hứng tình yêu của chàng Ngưu và Nàng Chức. Đây là một điểm du lịch mới, biểu tượng mới của Nam Đảo, dự đoán sẽ là một điểm thu hút khách trong năm 2023. - Tham khảo lịch trình tour tại đây .","- Liên hệ tư vấn và đặt dịch vụ: Hotline: 028 73003799 - ĐT/ Zalo: 0354466968 - Email: booking@hotdeal.vn. (Giờ làm việc: từ 8h30 đến 17h00 thứ 2 đến thứ 6; 8h30 đến 12h00 thứ 7 hàng tuần). - Thanh toán tiền mặt, thanh toán online qua thẻ ATM (có đăng ký internet banking)/ Thẻ tín dụng Visa/Master để nhận mã e-voucher qua tin nhắn SMS miễn phí. - Thời hạn sử dụng voucher: đến 15/10/2026. - Địa điểm sử dụng voucher: Công ty Cổ phần Du lịch Hải Đăng Địa chỉ: 367 Tân Sơn, P.15, Q. Tân Bình, TP. HCM. - LỊCH KHỞI HÀNH DỰ KIẾN: Giá Tour: 5.990.000 VNĐ - Áp dụng cho các ngày khởi hành sau: · Tháng 4: 03, 10, 17 · Tháng 5: 15 Giá Tour: 7.090.000 VNĐ - Phụ thu: 1.100.000 VNĐ - Áp dụng cho các ngày khởi hành sau: · Tháng 5: 1 Giá Tour: 5.990.000 VNĐ - Phụ thu: 600.000 VNĐ - Áp dụng cho các ngày khởi hành sau: · Tháng 5: 29 · Tháng 6: 12, 19, 26 - ĐIỂM ĐÓN KHÁCH: Nhà ga T3 - Sân bay Tân Sơn Nhất. - VOUCHER BAO GỒM: ​ + Vận chuyển: · Xe đời mới máy lạnh đón khách theo chương trình. · Vé máy bay hãng Sun Phú Quốc: SGN - PQC – SGN. · Hành lý: 7 kg hành lý xách tay + 23 kg hành lý ký gửi. + Lưu trú: Khách sạn 3 sao · Tiêu chuẩn phòng: 2 - 3 - 4 khách/phòng. · Phụ thu phòng đơn: 800.000 VNĐ/khách (ngày thường), 1.000.000 VNĐ/khách (ngày lễ). + Ăn uống: Điểm tâm: 2 buổi: 2 bữa tại khách sạn Ăn chính: 4 buổi · 3 buổi: 150.000 VNĐ/suất · 1 buổi tiệc BBQ nướng: 350.000 VNĐ/suất + Tham quan: Vé vào cổng: · Bãi Sao · Tàu ngắm hoàng hôn + Bảo hiểm: 50.000.000 VNĐ/người/trường hợp. (Không được hưởng bảo hiểm du lịch cho các trường hợp sau: trên 80 tuổi, tiền sử các bệnh như tim mạch, đột quỵ, …) + Hướng dẫn viên: 1 hướng dẫn viên nhiệt tình, vui vẻ phục vụ đoàn suốt tuyến. + Nước suối, khăn lạnh, nón: Nước suối: 1 chai 500 ml/ngày/khách Khăn lạnh: 1 cái/ngày/khách Nón du lịch: 1 nón/khách - VOUCHER KHÔNG BAO GỒM: Phụ phí phòng đơn. Giặt ủi, điện thoại, ăn uống ngoài chương trình… Tiền típ. Hành lý ký gửi phát sinh theo quy định của hãng hàng không. Vé tham quan: Vinwonder, Safari, ghế dù, Cầu Hôn, Hòn Thơm, tắm nước ngọt (tại Bãi Sao), câu mực đêm và các chi phí cá nhân ngoài chương trình. (Khách đi Hòn Thơm buổi chiều sẽ tự di chuyển về). Thuế VAT. - GIÁ VÉ TRẺ EM: Trẻ em dưới 2 tuổi: Trẻ em dưới 2 tuổi miễn phí giá land, phí vào tên kèm bố mẹ 500.000 VNĐ/trẻ. Trẻ em từ 2 đến 05 tuổi: 100% vé máy bay. Hai người lớn chỉ được kèm một trẻ em. Từ trẻ thứ 2 ở độ tuổi từ 2 đến 5 tuổi mua 100% vé máy bay và 50% giá tour. Tiêu chuẩn nửa vé bao gồm: suất ăn, ghế ngồi và ngủ ghép chung với gia đình. Trẻ em từ 06 - 9 tuổi: 100% vé máy bay và 75% giá tour. Hai người lớn chỉ được kèm một trẻ em (suất ăn, ghế ngồi và ngủ ghép chung với gia đình). Từ trẻ thứ 2 ở độ tuổi từ 6 đến 11 tuổi mua vé người lớn. Trẻ em từ 10 tuổi: 100% giá tour như người lớn. - GHI CHÚ: · Khi đăng ký tour, quý khách mang CMND, giấy khai sinh (đối với trẻ em) hoặc passport photo. (Mang bản chính để nhân viên sales photo lại). · Quý khách có mặt trước giờ bay 120 phút, hành lý gọn nhẹ khi đi, mang theo giấy tờ tùy thân bản chính. · Lưu ý giấy tờ mang theo: Hành khách từ 14 tuổi trở lên Khi làm thủ tục đi tàu bay trên các chuyến bay nội địa phải xuất trình một trong những giấy tờ được quy định dưới đây: ✓ Đối với hành khách mang quốc tịch nước ngoài: hộ chiếu. ✓ Đối với hành khách mang quốc tịch Việt Nam phải xuất trình một trong các loại giấy tờ sau: Hộ chiếu Giấy chứng minh nhân dân Giấy chứng nhận của các lực lượng vũ trang Thẻ đại biểu Quốc hội Thẻ đảng viên Thẻ nhà báo Thẻ kiểm soát an ninh hàng không Thẻ nhận dạng của các hãng hàng không Việt Nam Giấy chứng nhận nhân thân có xác nhận của công an phường, xã nơi cư trú Hành khách dưới 14 tuổi Hành khách dưới 14 tuổi khi làm thủ tục đi tàu bay trên các chuyến bay nội địa phải xuất trình các loại giấy tờ sau: ✓ Đối với hành khách mang quốc tịch nước ngoài: hộ chiếu. ✓ Đối với hành khách mang quốc tịch Việt Nam phải xuất trình một trong các loại giấy tờ sau: Hộ chiếu Giấy khai sinh Giấy chứng sinh (đối với trường hợp dưới 1 tháng tuổi chưa có giấy khai sinh) Giấy xác nhận của tổ chức xã hội đối với trẻ em do tổ chức xã hội đang nuôi dưỡng (có giá trị sử dụng trong thời gian 06 tháng kể từ ngày xác nhận) Trường hợp hành khách dưới 14 tuổi đi tàu bay mà không có người đi kèm, ngoài các giấy tờ nêu trên phải có giấy cam kết của người đại diện theo pháp luật: giấy cam kết vận chuyển giữa hãng hàng không và người đại diện theo pháp luật của khách đó, không bắt buộc phải có giấy xác nhận của chính quyền địa phương và các cơ quan chức năng. Các giấy tờ nêu trên phải đảm bảo các điều kiện: ✓ Còn giá trị sử dụng. ✓ Có ảnh đóng dấu giáp lai, trừ giấy khai sinh, giấy chứng sinh của trẻ em, thẻ kiểm soát an ninh, thẻ nhận dạng của các hãng hàng không. ✓ Trẻ em (dưới 12 tuổi) khi đi du lịch mang theo giấy khai sinh (bản chính hoặc sao y có thị thực) để làm thủ tục hàng không. Trường hợp không có cha hoặc mẹ đi cùng phải có giấy ủy quyền của cha mẹ và có xác nhận của chính quyền địa phương. · Một số thứ tự, chi tiết trong chương trình; giờ bay có thể thay đổi để phù hợp với tình hình thực tế của chuyến đi (thời tiết…). · Hành lý và tư trang cá nhân, du khách tự bảo quản trong quá trình du lịch. Mọi mất mát công ty du lịch không chịu trách nhiệm. · Trong trường hợp cung cấp danh sách trễ, không còn vé máy bay giá rẻ, khi đó giá vé sẽ được điều chỉnh cho phù hợp. · Trong những trường hợp bất khả kháng như: khủng bố, bạo động, thiên tai, sự thay đổi lịch trình của hàng không, tàu hỏa, tàu thủy… công ty HAI DANG TRAVEL sẽ chủ động thay đổi lộ trình đi hoặc hủy tour vì sự thuận tiện và an toàn của quý khách. HAIDANG TRAVEL sẽ hoàn lại một phần những chi phí chưa được sử dụng cho việc tổ chức dịch vụ và không bồi thường thêm bất kỳ khoản nào khác. Tuy nhiên, mỗi bên có trách nhiệm cố gắng tối đa, giúp đỡ bên bị thiệt hại nhằm giảm thiểu các tổn thất gây ra vì lý do bất khả kháng. · Đối với sự thay đổi lịch trình, giờ bay do lỗi của hãng hàng không, tàu hỏa, tàu thủy, công ty sẽ không chịu trách nhiệm bất kỳ phát sinh nào do lỗi trên như: phát sinh bữa ăn, nhà hàng, khách sạn, phương tiện vận chuyển, hướng dẫn viên… - ĐIỀU KIỆN ĐẶT HỦY TOUR Khách hàng vui lòng liên hệ Hotdeal để kiểm tra tình trạng chỗ trước khi thanh toán. Không áp dụng cho hủy, dời tour ngày lễ. Khách hàng đặt tour trước ngày khởi hành ít nhất 7 - 10 ngày. Trường hợp thay đổi ngày đi, khách hàng phải báo trước ngày khởi hành ít nhất 15 ngày và chỉ giải quyết 01 lần thay đổi (khách hàng chịu các chi phí phát sinh nếu có như: chi phí đổi vé máy bay chênh lệch giá vé, tàu lửa,…). Hotdeal không hỗ trợ hủy tour sau khi khách hàng đã nhận email xác nhận đặt dịch vụ. Khách hàng đặt tour nhưng không đến, E-Voucher sẽ bị hủy và không còn giá trị. E-Voucher không có giá trị quy đổi thành tiền, không được hoàn tiền khi khách không sử dụng trong thời gian E-Voucher còn hiệu lực, không gia hạn khi voucher hết hạn sử dụng. Không áp dụng đồng thời với các chương trình khuyến mãi khác. Trường hợp hủy tour do sự cố khách quan như thiên tai, dịch bệnh hoặc do tàu thủy, xe lửa, máy bay hoãn/hủy chuyến, Hải Đăng Travel sẽ không chịu trách nhiệm bồi thường thêm bất kỳ chi phí nào khác ngoài việc hoàn trả chi phí những dịch vụ chưa được sử dụng của tour đó. TẤT CẢ CÁC KHOẢN PHỤ THU QUÝ KHÁCH VUI LÒNG THANH TOÁN TRỰC TIẾP TẠI CÔNG TY DU LỊCH.","11 đã mua","","2026-08-26T20:47:50.133900"
"www.hotdeal.vn","https://www.hotdeal.vn/tour-trong-nuoc/tour-binh-hung-vinh-hy-2n2d-tiec-bbq-xe-giuong-nam-bd012-371076.html","Tour Bình Hưng - Vĩnh Hy 2N2Đ - Tiệc BBQ - Xe Giường Nằm - BD012","2900000","2050000","https://static.hotdeal.vn/images/1735/1734860/400x400/371076-tour-binh-hung-vinh-hy-2n2d-tiec-bbq-xe-giuong-nam-bd012.jpg","Những trải nghiệm thú vị trong chương trình: - Di chuyển cano dạo vòng quanh đảo ngắm toàn cảnh Vịnh Cam Ranh, Vịnh Vĩnh Hy. - Check-in, tắm biển Bãi Cây Me, Hang Sâu - Đá Vách. - Ngắm san hô tại Bãi Lớn. - Tham quan, ngắm san hô và tắm biển tại Vịnh Vĩnh Hy. - Thưởng thức ẩm thực tiệc hải sản (có tôm hùm: ½ con/khách). - Khám phá vườn nho, cơ sở sản xuất nước mắm Ninh Thuận. - Tham quan cơ sở sản xuất và vườn nho Phan Rang. - Tham khảo lịch trình tour tại đây .","- Liên hệ tư vấn và hỗ trợ đặt dịch vụ: Hotline: (028) 73003799 - ĐT/ Zalo: 0354 466 968 - Email: booking@hotdeal.vn. (Giờ làm việc: từ 8h30 đến 17h00 thứ 2 đến thứ 6; 8h30 đến 12h00 thứ 7 hàng tuần). - Thanh toán tiền mặt, thanh toán online qua thẻ ATM (có đăng ký internet banking)/ Thẻ tín dụng Visa/Master để nhận mã e-voucher qua tin nhắn SMS miễn phí. - Thời hạn sử dụng voucher: đến 30/10/2026. - Địa điểm sử dụng voucher: VINTRIP Địa chỉ: 292/33/15A Bình Lợi, Phường 13, Quận Bình Thạnh, TP.HCM - LƯU Ý: CHƯƠNG TRÌNH KHÔNG ÁP DỤNG CHO KHÁCH NƯỚC NGOÀI VÀ NGƯỜI CÓ QUỐC TỊCH NƯỚC NGOÀI. - LỊCH KHỞI HÀNH DỰ KIẾN: + Khởi hành tối thứ 6 hàng tuần – Giá tour: 2.050.000 VNĐ/khách + Khởi hành lễ, Tết có phụ thu lễ - ĐỊA ĐIỂM ĐÓN KHÁCH: o Nhà Văn hóa Thanh Niên (04 Phạm Ngọc Thạch, Quận 1) o Thuận Kiều Plaza, Quận 5 (không có điểm gửi xe máy) o Cây xăng Comeco số 14 (450 Kinh Dương Vương, An Lạc, Bình Tân) - đối diện Bến xe Miền Tây o Cây xăng Nhơn Hòa – gần Vạn Phúc City (520 Quốc lộ 13, Thủ Đức) o Ngã 4 Thủ Đức (không có điểm gửi xe máy) o Amata Biên Hòa - ĐỊA ĐIỂM TRẢ KHÁCH: Nếu đoàn về TP.HCM sau 22h00 sẽ trả khách tại các điểm như đã đón. Nếu đoàn về TP.HCM trước 22h00 sẽ trả khách tại các điểm: o Cây xăng Comeco số 14 (450 Kinh Dương Vương, An Lạc, Bình Tân) - đối diện Bến xe Miền Tây o Ngã 4 An Sương (2374 QL1A, Khu phố 2, Quận 12, TP.HCM, Việt Nam) o Cây xăng Nhơn Hòa – gần Vạn Phúc City (520 Quốc lộ 13, Thủ Đức) Lưu ý: Theo thông báo số 14253/TB-SGTVT, TP.HCM cấm xe giường nằm vào trung tâm từ 06:00 đến 22:00. Mong Quý khách thông cảm và đồng hành cùng công ty lữ hành. - VOUCHER BAO GỒM: + Vận chuyển: Xe giường nằm 40–44 chỗ (ghế tầng trên), đảm bảo chất lượng (có máy lạnh, mền, gối, dép trên xe) phục vụ suốt tuyến tour. · Quý khách có nhu cầu sử dụng giường nằm tầng dưới: Phụ thu 100.000 VNĐ/khách · Tàu cano tham quan các bãi tắm/đảo để khách tắm biển và ngắm san hô tại Vĩnh Hy và Bình Hưng + Lưu trú: Khách sạn tương đương 1* (4–6 khách/phòng, ở ít hơn 4 có phụ thu phòng). · Phụ thu phòng đơn 1 người: 300.000 VNĐ/phòng · Phụ thu phòng 2 người: 200.000 VNĐ/phòng · Phụ thu phòng 3 người: 150.000 VNĐ/phòng Lưu ý: Quý khách có nhu cầu nâng cấp dịch vụ lưu trú lên tiêu chuẩn khách sạn 1* vui lòng liên hệ Hotdeal để nhận báo giá mức phụ thu nâng cấp. + Ăn uống: Theo ẩm thực địa phương o Ăn sáng: 02 bữa (01 tô + 01 ly) o Ăn chính: 03 bữa (02 bữa set menu 5 món trở lên, 01 tiệc hải sản có tôm hùm: 1/2 con/người) + Vé tham quan: Vé vào cổng tất cả các điểm theo chương trình + Hướng dẫn viên: Vui vẻ, nhiệt tình, nhiều kinh nghiệm, phục vụ suốt tuyến + Quà tặng: o Nón du lịch o 01 chai nước/khách/ngày o 01 khăn lạnh/khách/ngày + Bảo hiểm du lịch: 30.000.000 VNĐ/người/vụ - VOUCHER KHÔNG BAO GỒM: + Điểm tham quan ngoài chương trình + Chi phí cá nhân: Giặt ủi, điện thoại, ăn uống hải sản ngoài chương trình, nước uống, tắm nước ngọt + Thuế VAT: Nếu khách có nhu cầu xuất hóa đơn, đóng thêm 10% giá tour + Tiền tip cho tài xế và HDV (nếu có) + Các khoản phụ thu: · Phụ thu khởi hành lễ, Tết · Phụ thu phòng đơn 1 người: 300.000 VNĐ/phòng · Phụ thu phòng 2 người: 200.000 VNĐ/phòng · Phụ thu phòng 3 người: 150.000 VNĐ/phòng LƯU Ý: CHƯƠNG TRÌNH KHÔNG ÁP DỤNG CHO KHÁCH NƯỚC NGOÀI VÀ NGƯỜI CÓ QUỐC TỊCH NƯỚC NGOÀI. - GIÁ VÉ TRẺ EM: + Từ 10 tuổi trở lên: 100% tiêu chuẩn như người lớn + Từ 05 đến 09 tuổi: 75% giá tour – tiêu chuẩn: 01 ghế ngồi trên xe, suất ăn, vé tham quan, không có suất ngủ (ngủ chung với gia đình) Lưu ý: 02 người lớn chỉ kèm 01 trẻ em 75% vé; trẻ thứ 2 bắt buộc mua vé người lớn + Dưới 05 tuổi: Phụ thu 400.000đ - Tiêu chuẩn: 01 ghế ngồi trên xe o Không bao gồm suất ăn, vé tham quan, không có suất ngủ - bé ngủ chung với gia đình. o 02 người lớn chỉ được kèm 01 trẻ em từ 05 tuổi trở xuống, trẻ em thứ 02 trở lên phải mua 75% giá tour. o Nếu phát sinh chi phí bố mẹ tự thanh toán trực tiếp. - MỘT SỐ LƯU Ý: + Thứ tự điểm tham quan có thể thay đổi tùy thời tiết và điều kiện khách quan nhưng vẫn đảm bảo đầy đủ. + Tour ghép đoàn: nếu không đủ khách sẽ dời sang ngày gần nhất hoặc hoàn tiền. + Không áp dụng cho ngày lễ, Tết. + Thời gian trong chương trình là dự kiến, có thể chênh lệch nhẹ. + Trường hợp bất khả kháng (khủng bố, thiên tai, dịch bệnh…), công ty có thể thay đổi hoặc hủy chương trình; chi phí phát sinh khách tự thanh toán. + Công ty không chịu trách nhiệm phát sinh do thay đổi từ hãng tàu thủy, xe lửa, máy bay. - MỘT SỐ LƯU Ý: + Thứ tự các điểm tham quan theo chương trình HDV có thể thay đổi tùy theo thời tiết và các vấn đề khách quan khác mà vẫn đảm bảo đầy đủ các điểm tham quan. + Do chương trình tour khách lẻ ghép đoàn nên khi không đủ số lượng khách để khởi hành thì công ty sẽ hỗ trợ khách dời sang ngày khởi hành gần nhất hoặc hoàn lại phí tour như đã đặt cọc. + Giá trên không áp dụng cho ngày lễ, Tết. + Thời gian trong chương trình tour là thời gian dự kiến, thực tế tour sẽ có chênh lệch (không nhiều) so với thời gian dự kiến. HDV sẽ báo trực tiếp cho Khách hàng trong thời gian thực hiện tour. + Trong những trường hợp bất khả kháng như: khủng bố, bạo động, thiên tai, lũ lụt, dịch bệnh… Tùy theo tình hình thực tế và sự thuận tiện, an toàn của khách hàng, công ty sẽ chủ động thông báo cho khách hàng sự thay đổi như sau: hủy hoặc thay thế bằng một chương trình mới với chi phí tương đương chương trình tham quan trước đó. Trong trường hợp chương trình mới có phát sinh thì Khách hàng sẽ thanh toán khoản phát sinh này. Tuy nhiên, mỗi bên có trách nhiệm cố gắng tối đa, giúp đỡ bên bị thiệt hại nhằm giảm thiểu các tổn thất gây ra vì lý do bất khả kháng. + Đối với sự thay đổi lịch trình, giờ bay do lỗi của hãng tàu thủy, công ty sẽ không chịu trách nhiệm bất kỳ phát sinh nào do lỗi trên như: phát sinh bữa ăn, nhà hàng, khách sạn, phương tiện di chuyển, hướng dẫn viên,… - ĐIỀU KIỆN KHI ĐĂNG KÝ TOUR: + Đối với Khách quốc tịch Việt Nam: Khi đi tour Trẻ em từ 14 tuổi trở lên và người lớn cần đem theo CCCD/Passport (Hộ chiếu) bản chính còn hạn sử dụng, hình ảnh rõ (CMND có thời hạn sử dụng không quá 15 năm, tính từ ngày cấp)/Giấy khai sinh bản chính (trẻ em dưới 14 tuổi). + Đối với khách nước ngoài/Việt kiều: Khi đi tour phải mang theo đầy đủ Passport (Hộ chiếu) bản chính còn hạn sử dụng hoặc thẻ xanh kèm theo Visa và giấy tái xuất nhập Việt Nam. + Khi đăng ký tour Quý khách vui lòng mang theo CCCD/Passport bản chính hoặc cung cấp tên chính xác đầy đủ, đúng từng ký tự trên CCCD/Passport (Hộ chiếu)/Giấy khai sinh (trẻ em dưới 14 tuổi) theo thứ tự: Họ/tên lót/tên. + Trường hợp quý khách tham gia tour 01 khách, bắt buộc đóng thêm tiền phụ thu phòng đơn để ở riêng 01 phòng. Trường hợp trong đoàn cũng có khách đi 01 mình, cùng giới tính và có nhu cầu muốn ghép cùng phòng với quý khách thì công ty sẽ hoàn lại tiền phụ thu phòng đơn cho quý khách. - ĐIỀU KIỆN HỦY TOUR: + Khách hàng vui lòng liên hệ Hotdeal để kiểm tra tình trạng chỗ trước khi thanh toán. + Không áp dụng cho hủy, dời tour ngày lễ. + Khách hàng đặt tour trước ngày khởi hành ít nhất 7-10 ngày. + Trường hợp thay đổi ngày đi, khách hàng phải báo trước ngày khởi hành ít nhất 10 ngày và chỉ giải quyết 01 lần thay đổi (khách hàng chịu các chi phí phát sinh nếu có như: chi phí đổi vé máy bay chênh lệch giá vé, tàu lửa,…). + Hotdeal không hỗ trợ hủy tour sau khi khách hàng đã nhận email xác nhận đặt dịch vụ. + Khách hàng đặt tour nhưng không đến E-Voucher sẽ bị hủy và không còn giá trị. + E-Voucher không có giá trị quy đổi thành tiền, không được hoàn tiền khi khách không sử dụng trong thời gian E-Voucher còn hiệu lực, không gia hạn khi voucher hết hạn sử dụng. + Không áp dụng đồng thời với các chương trình khuyến mãi khác. + Trường hợp hủy tour do sự cố khách quan như thiên tai, dịch bệnh hoặc do tàu thủy, xe lửa, máy bay hoãn/hủy chuyến, Công ty du lịch sẽ không chịu trách nhiệm bồi thường thêm bất kỳ chi phí nào khác ngoài việc hoàn trả chi phí những dịch vụ chưa được sử dụng của tour đó. + TẤT CẢ CÁC KHOẢN PHỤ THU QUÝ KHÁCH VUI LÒNG THANH TOÁN TRỰC TIẾP TẠI CÔNG TY DU LỊCH.","17 đã mua","","2026-08-26T20:47:54.041129"
"www.hotdeal.vn","https://www.hotdeal.vn/tour-trong-nuoc/tour-dao-hon-son-2n2d-lan-ngam-san-ho-tiec-bbq-bd008-371081.html","Tour Đảo Hòn Sơn 2N2Đ - Lặn Ngắm San Hô - Tiệc BBQ - BD008","2950000","1850000","https://static.hotdeal.vn/images/1735/1734618/400x400/371081-tour-dao-hon-son-2n2d-lan-ngam-san-ho-tiec-bbq-bd008.jpg","Những trải nghiệm thú vị trong chương trình Tour Đảo Hòn Sơn 2N2Đ: - Khám phá Đảo Hòn Sơn – nơi sở hữu bãi tắm sạch sẽ, bãi cát trắng, nước biển xanh rì cùng những hàng dừa, bãi đá hoang dại, không gian yên tĩnh và thoải mái, thích hợp để bạn thư giãn, nghỉ dưỡng. - Trải nghiệm tàu cao tốc khứ hồi Rạch Giá – Lại Sơn. - Tham quan vòng quanh đảo bằng xe máy: Thác nước Bảy tầng, Quán Bia, Lăng Ông Nam Hải, Bãi Bàng… - Có cơ hội chinh phục Đỉnh Ma Thiên Lãnh - là đỉnh núi cao nhất ở Hòn Sơn. - Tham quan và tắm biển tại Bãi Cây Dừa Nghiêng. - Trải nghiệm chương trình câu cá, lặn ngắm san hô và chèo thuyền SUP. - Thưởng thức tiệc hải sản tươi sống, đậm đà vị biển. - Tham khảo lịch trình tour tại đây .","- Liên hệ tư vấn và hỗ trợ đặt dịch vụ: Hotline: (028) 73003799 - ĐT/ Zalo: 0354 466 968 - Email: booking@hotdeal.vn. (Giờ làm việc: từ 8h30 đến 17h00 thứ 2 đến thứ 6; 8h30 đến 12h00 thứ 7 hàng tuần). - Thanh toán tiền mặt, thanh toán online qua thẻ ATM (có đăng ký internet banking)/ Thẻ tín dụng Visa/Master để nhận mã e-voucher qua tin nhắn SMS miễn phí. - Thời hạn sử dụng voucher: đến 30/10/2026. - Địa điểm sử dụng Voucher: VINTRIP Địa chỉ: 292/33/15A Bình Lợi, Phường 13, Quận Bình Thạnh, TP.HCM. - LỊCH KHỞI HÀNH DỰ KIẾN: + Khởi hành tối thứ 6: 1.850.000 VNĐ/khách + Khởi hành lễ, tết: Phụ thu lễ, tết - ĐIỂM ĐÓN KHÁCH: a. ĐỊA ĐIỂM ĐÓN KHÁCH NẾU ĐỦ TỪ 25 KHÁCH TRỞ LÊN: Nhà Văn hóa Thanh Niên, Quận 1 Thuận Kiều Plaza, Quận 5 Cây xăng Comeco số 14 (450 Kinh Dương Vương, An Lạc, Bình Tân) - đối diện Bến xe Miền Tây Cây xăng Nhơn Hòa – gần Vạn Phúc City (520 Quốc lộ 13, Thủ Đức) Nếu đoàn về TP.HCM trước 22h00 sẽ trả khách tại các điểm: Cây xăng Comeco số 14 (450 Kinh Dương Vương, An Lạc, Bình Tân) - đối diện Bến xe Miền Tây Cây xăng Nhơn Hòa – gần Vạn Phúc City (520 Quốc lộ 13, Thủ Đức) b. ĐỊA ĐIỂM ĐÓN KHÁCH NẾU DƯỚI 25 KHÁCH: Nhà hát Hòa Bình Bến xe Miền Tây - VOUCHER BAO GỒM: + Vận chuyển: Xe du lịch giường nằm 40-44 chỗ, đảm bảo chất lượng (có máy lạnh, mền, gối, dép trên xe). Bao gồm dịch vụ giường nằm tầng trên. Quý khách có nhu cầu sử dụng giường nằm tầng dưới: Phụ thu 100.000 VNĐ/khách Tàu cao tốc khứ hồi Rạch Giá – Nam Du – Rạch Giá Xe máy tham quan đảo (2 người/xe trong 1 buổi) + Lưu trú: Nhà nghỉ máy lạnh (4–6–8 khách/phòng) Phụ thu phòng đơn (1 giường – P2) 300.000 VND/phòng Phụ thu phòng 2 (1 giường – P2) 200.000 VND/phòng Phụ thu phòng 3 (2 giường – P4) 150.000 VND/phòng + Ăn uống: Ăn uống theo ẩm thực địa phương: Ăn sáng: 01 bữa (01 tô + 01 ly) Ăn chính: 03 bữa (02 bữa set menu 5 món trở lên, 01 tiệc BBQ hải sản) + Vé tham quan: Vé tham quan vào cổng tại tất cả các điểm theo chương trình + Tàu đưa đi câu cá, lặn ngắm san hô, chèo thuyền sup + Hướng dẫn viên: HDV tiếng Việt vui vẻ, nhiệt tình, nhiều kinh nghiệm + Quà tặng: Nón du lịch, 1 chai nước suối và 1 khăn lạnh/khách/ngày + Bảo hiểm: Bảo hiểm du lịch với mức bồi thường cao nhất 30.000.000đ/người/vụ - VOUCHER KHÔNG BAO GỒM: + Điểm tham quan: Các điểm tham quan nằm ngoài chương trình + Chi phí mua nước tại Bãi Cây Dừa Nghiêng/Bãi Bàng + Chi phí cá nhân: Giặt ủi, điện thoại, ăn uống hải sản ngoài chương trình, nước uống, tắm nước ngọt tại các điểm tham quan + Chi phí khác: Tiền tip cho tài xế và HDV (nếu có) + Các khoản phụ thu Phụ thu phòng đơn (1 giường – P2) 300.000 VND/phòng Phụ thu phòng 2 (1 giường – P2) 200.000 VND/phòng Phụ thu phòng 3 (2 giường – P4) 150.000 VND/phòng Phụ thu giường nằm tầng dưới: 100.000 VNĐ/khách + Giá chưa bao gồm thuế VAT - GIÁ VÉ TRẺ EM: + Từ 10 tuổi trở lên: 100% tiêu chuẩn như người lớn. + Từ 05 đến 09 tuổi: 75% giá tour. + Tiêu chuẩn: 01 ghế ngồi trên xe, suất ăn, vé tham quan, không có suất ngủ - bé ngủ chung với gia đình. 02 người lớn chỉ được kèm 1 trẻ em 75% vé, trẻ em thứ 2 trong độ tuổi trên bắt buộc mua 1 vé người lớn. + Dưới 05 tuổi: Miễn phí. Không tính vé, gia đình tự lo cho bé. 02 người lớn chỉ được kèm 01 trẻ em từ 05 tuổi trở xuống, trẻ em thứ 02 trở lên phải mua 75% giá tour. Nếu phát sinh chi phí, bố mẹ tự thanh toán trực tiếp. - LƯU Ý: + Thứ tự các điểm tham quan theo chương trình HDV có thể thay đổi tùy theo thời tiết và các vấn đề khách quan khác mà vẫn đảm bảo đầy đủ các điểm tham quan. + Do chương trình tour khách lẻ ghép đoàn nên khi không đủ số lượng khách để khởi hành thì công ty sẽ hỗ trợ khách dời sang ngày khởi hành gần nhất hoặc hoàn lại phí tour như đã đặt cọc. + Thời gian trong chương trình tour là thời gian dự kiến, thực tế tour sẽ có chênh lệch (không nhiều) so với thời gian dự kiến. HDV sẽ báo trực tiếp cho khách hàng trong thời gian thực hiện tour. + Theo quy định các nhà nghỉ bên đảo: thời gian nhận phòng sau 12h00 và trả phòng trước 10h00. + Trong những trường hợp bất khả kháng như: khủng bố, bạo động, thiên tai, lũ lụt, dịch bệnh… tùy theo tình hình thực tế và sự thuận tiện, an toàn của khách hàng, công ty sẽ chủ động thông báo cho khách hàng sự thay đổi như sau: hủy hoặc thay thế bằng một chương trình mới với chi phí tương đương chương trình tham quan trước đó. Trong trường hợp chương trình mới có phát sinh thì khách hàng sẽ thanh toán khoản phát sinh này. Tuy nhiên, mỗi bên có trách nhiệm cố gắng tối đa, giúp đỡ bên bị thiệt hại nhằm giảm thiểu các tổn thất gây ra vì lý do bất khả kháng… + Đối với sự thay đổi lịch trình, giờ bay do lỗi của hãng tàu thủy, công ty sẽ không chịu trách nhiệm bất kỳ phát sinh nào do lỗi trên như: phát sinh bữa ăn, nhà hàng, khách sạn, phương tiện di chuyển, hướng dẫn viên. - ĐIỀU KIỆN ĐẶT HỦY TOUR: + Khách hàng vui lòng liên hệ Hotdeal để kiểm tra tình trạng chỗ trước khi thanh toán. + Không áp dụng cho hủy, dời tour ngày lễ. + Khách hàng đặt tour trước ngày khởi hành ít nhất 15-20 ngày. + Trường hợp thay đổi ngày đi, khách hàng phải báo trước ngày khởi hành ít nhất 10 ngày và chỉ giải quyết 01 lần thay đổi (khách hàng chịu các chi phí phát sinh nếu có như: chi phí đổi vé máy bay chênh lệch giá vé, tàu lửa,…). + Hotdeal không hỗ trợ hủy tour sau khi khách hàng đã nhận email xác nhận đặt dịch vụ. + Khách hàng đặt tour nhưng không đến E-Voucher sẽ bị hủy và không còn giá trị. + E-Voucher không có giá trị quy đổi thành tiền, không được hoàn tiền khi khách không sử dụng trong thời gian E-Voucher còn hiệu lực, không gia hạn khi voucher hết hạn sử dụng. + Không áp dụng đồng thời với các chương trình khuyến mãi khác. + Trường hợp hủy tour do sự cố khách quan như thiên tai, dịch bệnh hoặc do tàu thủy, xe lửa, máy bay hoãn/hủy chuyến, Công ty du lịch sẽ không chịu trách nhiệm bồi thường thêm bất kỳ chi phí nào khác ngoài việc hoàn trả chi phí những dịch vụ chưa được sử dụng của tour đó. + TẤT CẢ CÁC KHOẢN PHỤ THU QUÝ KHÁCH VUI LÒNG THANH TOÁN TRỰC TIẾP TẠI CÔNG TY DU LỊCH.","24 đã mua","","2026-08-26T20:47:57.900268"
"www.hotdeal.vn","https://www.hotdeal.vn/tour-trong-nuoc/tour-hanh-huong-chau-doc-ba-chua-xu-1n1d-hh002-371103.html","Tour Hành Hương Châu Đốc - Bà Chúa Xứ 1N1Đ - HH002","1500000","890000","https://static.hotdeal.vn/images/1735/1734970/400x400/371103-tour-hanh-huong-chau-doc-ba-chua-xu-1n1d-hh002.jpg","- Hành hương Miếu Bà Chúa Xứ Núi Sam – điểm tâm linh nổi tiếng bậc nhất miền Tây, cầu bình an, tài lộc. - Viếng trọn bộ cụm di tích Núi Sam: Tây An Cổ Tự, Lăng Thoại Ngọc Hầu mang giá trị lịch sử – văn hóa đặc sắc. - Tham quan Thiền viện Đông Lai (Chùa Bánh Xèo) – trải nghiệm không gian thanh tịnh và nét văn hóa đãi khách độc đáo. - Khám phá chợ Tịnh Biên – khu chợ biên giới sôi động với nhiều đặc sản hấp dẫn. - Chinh phục Núi Cấm bằng cáp treo hiện đại, viếng chùa Vạn Linh, tượng Phật Di Lặc lớn. - Check-in chùa Tà Pạ – ngôi chùa Khmer trên núi với cảnh quan đẹp như “bồng lai tiên cảnh”. - Thưởng thức ẩm thực đặc sản An Giang phong phú, đậm đà hương vị miền Tây. - Di chuyển bằng xe ghế ngả tiện nghi, nghỉ đêm trên xe, tiết kiệm thời gian và chi phí. - Tham khảo lịch trình tour tại đây .","- Liên hệ tư vấn và hỗ trợ đặt dịch vụ: Hotline: (028) 73003799 - ĐT/ Zalo: 0354 466 968 - Email: booking@hotdeal.vn. (Giờ làm việc: từ 8h30 đến 17h00 thứ 2 đến thứ 6; 8h30 đến 12h00 thứ 7 hàng tuần). - Thanh toán tiền mặt, thanh toán online qua thẻ ATM (có đăng ký internet banking)/ Thẻ tín dụng Visa/Master để nhận mã e-voucher qua tin nhắn SMS miễn phí. - Thời hạn sử dụng voucher: đến 30/10/2026. - Địa điểm sử dụng voucher: VINTRIP Địa chỉ: 292/33/15A Bình Lợi, Phường 13, Quận Bình Thạnh, TP. HCM. - LỊCH KHỞI HÀNH DỰ KIẾN: + Khởi hành tối thứ 7 hàng tuần: 890.000 VNĐ + Khởi hành lễ, Tết: Có phụ thu - ĐỊA ĐIỂM ĐÓN/TRẢ KHÁCH: o Cây xăng Nhơn Hòa (502 Quốc lộ 13, TP. Thủ Đức) (gửi xe máy tại 520 Quốc lộ 13) o Nhà Văn hóa Thanh Niên (4 Phạm Ngọc Thạch, Quận 1) o Thuận Kiều Plaza, Quận 5 (không có điểm gửi xe máy) o Cây xăng Comeco số 14 (450 Kinh Dương Vương, An Lạc, Bình Tân) – đối diện Bến xe Miền Tây - VOUCHER BAO GỒM: + Vận chuyển: Xe du lịch ghế ngồi 16, 29, 45 chỗ đời mới, chất lượng cao. + Ăn uống: Ăn uống theo ẩm thực địa phương: . Ăn sáng: 01 bữa (buffet) . Ăn chính: 01 bữa (set menu 7 món trở lên) + Vé tham quan: Vé tham quan vào cổng tại tất cả các điểm theo chương trình. + Hướng dẫn viên: Hướng dẫn viên tiếng Việt vui vẻ, nhiệt tình, nhiều kinh nghiệm. + Quà tặng: Nón du lịch, 01 chai nước suối và 01 khăn lạnh/khách/ngày. + Bảo hiểm: Bảo hiểm du lịch với mức bồi thường cao nhất 30.000.000 VNĐ/người/vụ. - VOUCHER KHÔNG BAO GỒM: + Điểm tham quan: Các điểm tham quan nằm ngoài chương trình. · Vé cáp treo Núi Cấm. + Chi phí cá nhân: Giặt ủi, điện thoại, ăn uống hải sản ngoài chương trình, nước uống, tắm nước ngọt tại các điểm tham quan. + Thuế VAT: Nếu khách có nhu cầu xuất hóa đơn. + Chi phí khác: Tiền tip cho tài xế và HDV (nếu có). + Các khoản phụ thu khởi hành lễ, Tết. + Giá chưa bao gồm thuế VAT. - QUY ĐỊNH TRẺ EM: + Từ 10 tuổi trở lên: 100% tiêu chuẩn như người lớn. + Trẻ em từ 05 đến 09 tuổi: 75% giá tour. · Tiêu chuẩn: 01 ghế ngồi trên xe, suất ăn, vé tham quan, không có suất ngủ – bé ngủ chung với gia đình. · 02 người lớn chỉ được kèm 01 trẻ em 80% vé, trẻ em thứ 2 trong độ tuổi trên bắt buộc mua 01 vé người lớn. + Trẻ em dưới 05 tuổi: Miễn phí. Không tính vé, gia đình tự lo cho bé. 02 người lớn chỉ được kèm 01 trẻ em từ 05 tuổi trở xuống, trẻ em thứ 02 trở lên phải mua 80% giá tour. Nếu phát sinh chi phí, bố mẹ tự thanh toán trực tiếp. - LƯU Ý: + Thứ tự các điểm tham quan theo chương trình, HDV có thể thay đổi tùy theo thời tiết và các vấn đề khách quan khác mà vẫn đảm bảo đầy đủ các điểm tham quan. + Do chương trình tour khách lẻ ghép đoàn nên khi không đủ số lượng khách để khởi hành, công ty sẽ hỗ trợ khách dời sang ngày khởi hành gần nhất hoặc hoàn lại phí tour như đã đặt cọc. + Thời gian trong chương trình tour là thời gian dự kiến, thực tế tour sẽ có chênh lệch (không nhiều) so với thời gian dự kiến. HDV sẽ báo trực tiếp cho khách hàng trong thời gian thực hiện tour. + Trong những trường hợp bất khả kháng như: khủng bố, bạo động, thiên tai, lũ lụt, dịch bệnh… tùy theo tình hình thực tế và sự thuận tiện, an toàn của khách hàng, công ty sẽ chủ động thông báo cho khách hàng sự thay đổi như sau: hủy hoặc thay thế bằng một chương trình mới với chi phí tương đương chương trình tham quan trước đó. Trong trường hợp chương trình mới có phát sinh, khách hàng sẽ thanh toán khoản phát sinh này. Tuy nhiên, mỗi bên có trách nhiệm cố gắng tối đa, giúp đỡ bên bị thiệt hại nhằm giảm thiểu các tổn thất gây ra vì lý do bất khả kháng. + Đối với sự thay đổi lịch trình, giờ bay do lỗi của hãng tàu thủy, công ty sẽ không chịu trách nhiệm bất kỳ phát sinh nào do lỗi trên như: phát sinh bữa ăn, nhà hàng, khách sạn, phương tiện di chuyển, hướng dẫn viên. - ĐIỀU KIỆN ĐẶT/HỦY TOUR: + Khách hàng vui lòng liên hệ Hotdeal để kiểm tra tình trạng chỗ trước khi thanh toán. + Không áp dụng cho hủy, dời tour ngày lễ. + Khách hàng đặt tour trước ngày khởi hành ít nhất 15–20 ngày. + Trường hợp thay đổi ngày đi, khách hàng phải báo trước ngày khởi hành ít nhất 10 ngày và chỉ giải quyết 01 lần thay đổi (khách hàng chịu các chi phí phát sinh nếu có như: chi phí đổi vé máy bay, chênh lệch giá vé, tàu lửa…). + Hotdeal không hỗ trợ hủy tour sau khi khách hàng đã nhận email xác nhận đặt dịch vụ. + Khách hàng đặt tour nhưng không đến, E-Voucher sẽ bị hủy và không còn giá trị. + E-Voucher không có giá trị quy đổi thành tiền, không được hoàn tiền khi khách không sử dụng trong thời gian E-Voucher còn hiệu lực, không gia hạn khi voucher hết hạn sử dụng. + Không áp dụng đồng thời với các chương trình khuyến mãi khác. + Trường hợp hủy tour do sự cố khách quan như thiên tai, dịch bệnh hoặc do tàu thủy, xe lửa, máy bay hoãn/hủy chuyến, công ty du lịch sẽ không chịu trách nhiệm bồi thường thêm bất kỳ chi phí nào khác ngoài việc hoàn trả chi phí những dịch vụ chưa được sử dụng của tour đó. TẤT CẢ CÁC KHOẢN PHỤ THU, QUÝ KHÁCH VUI LÒNG THANH TOÁN TRỰC TIẾP TẠI CÔNG TY DU LỊCH.","11 đã mua","","2026-08-26T20:48:01.727721"
"www.hotdeal.vn","https://www.hotdeal.vn/tour-trong-nuoc/tour-mien-tay-3n2d-my-tho-ben-tre-can-tho-chau-doc-371069.html","Tour Miền Tây 3N2Đ - Mỹ Tho - Bến Tre - Cần Thơ - Châu Đốc","4800000","3290000","https://static.hotdeal.vn/images/1735/1734512/400x400/371069-tour-mien-tay-3n2d-my-tho-ben-tre-can-tho-chau-doc.jpg","- Tour Miền Tây 3N2Đ được thiết kế vô cùng hấp dẫn, đưa du khách khám phá vẻ đẹp của miền sông nước với nhiều địa danh nổi tiếng: + Tiền Giang: Du khách viếng chùa Vĩnh Tràng, ngồi tàu du lịch trên sông Tiền ngắm cảnh 4 cù lao Long, Lân, Quy, Phụng, tham quan làng bè nuôi cá… + Bến Tre: Lắng nghe những giai điệu đờn ca tài tử xứ dừa, ăn trái cây miễn phí, ngắm phong cảnh đơn sơ của miệt vườn… + An Giang: Đến Châu Đốc viếng Miếu Bà Chúa Xứ, Lăng Thoại Ngọc Hầu, Tây An Cổ Tự, tham quan rừng tràm Trà Sư... + Cần Thơ: Dạo Bến Ninh Kiều, tham quan cảng cá, chợ Cần Thơ, chợ nổi Cái Răng, làng du lịch Mỹ Khánh, phim trường Căn nhà màu tím, Thiền viện Trúc Lâm Phương Nam... - Xe đời mới đưa đón khách đi theo chương trình tour. Nghỉ ngơi khách sạn đầy đủ tiện nghi. - Ăn uống gồm các bữa trong chương trình, được đổi món thường xuyên theo ẩm thực địa phương. - Tham khảo lịch trình tour tại đây .","- Liên hệ tư vấn và hỗ trợ đặt dịch vụ: Hotline: (028) 73003799 - ĐT/ Zalo: 0354 466 968 - Email: booking@hotdeal.vn. (Giờ làm việc: từ 8h30 đến 17h00 thứ 2 đến thứ 6; 8h30 đến 12h00 thứ 7 hàng tuần). - Thanh toán tiền mặt, thanh toán online qua thẻ ATM (có đăng ký internet banking)/ Thẻ tín dụng Visa/Master để nhận mã e-voucher qua tin nhắn SMS miễn phí. - Thời hạn sử dụng voucher: đến 30/10/2026. - Địa điểm sử dụng voucher: AN TRAVEL Địa chỉ: 165 đường Phạm Ngũ Lão, Phường Phạm Ngũ Lão, Quận 1, TP. Hồ Chí Minh. - Điểm đón khách: 165 đường Phạm Ngũ Lão, Phường Phạm Ngũ Lão, Quận 1, TP. Hồ Chí Minh. - CÁC ĐỢT KHỞI HÀNH: + Khởi hành: Thứ 2, Thứ 5, Thứ 7 hằng tuần + Phụ thu khởi hành lễ, Tết: 350.000 VNĐ/khách - VOUCHER BAO GỒM: + Vận chuyển: Xe du lịch máy lạnh đưa đón tham quan theo chương trình + Ăn uống theo chương trình tour: 02 bữa buffet sáng tại khách sạn 3 sao + 01 bữa sáng tô/ly ngày 1 + 05 bữa ăn chính (trưa và tối) + Lưu trú: Khách sạn trung tâm bến Ninh Kiều và trung tâm TP. Châu Đốc · Phòng trang bị tivi truyền hình cáp giải trí, máy lạnh, máy nước nóng lạnh, điện thoại; phòng 2 – 3 khách/phòng (khách sạn chỉ có tiêu chuẩn 2 khách/phòng, khách thứ 3 sẽ dùng giường phụ) + Tham quan: Giá vé đã bao gồm phí vào cổng tại các điểm tham quan trong chương trình + Mỗi khách được tặng 2 chai nước suối/ngày - VOUCHER KHÔNG BAO GỒM: + Phụ thu phòng đơn (1 khách/1 phòng/2 đêm: phụ thu 600.000 VNĐ) + Ăn uống ngoài chương trình, các chi phí vui chơi, giải trí cá nhân khác + Chưa bao gồm thuế VAT. Nếu Quý khách có yêu cầu xuất hóa đơn đỏ + Phụ thu khởi hành lễ, Tết: 350.000 VNĐ/khách - GIÁ VÉ TRẺ EM: + Trẻ em từ 05 đến dưới 10 tuổi: mua 75% vé, ngủ chung bố mẹ, có chỗ ngồi trên xe, tiêu chuẩn ăn như người lớn. + Trẻ em từ 04 tuổi trở xuống: không tính vé, gia đình tự lo ăn uống, ngồi trên lòng bố mẹ (02 người lớn được kèm 01 trẻ em; từ trẻ em thứ 02 trở đi tính 75% giá vé). + Trẻ em từ 10 tuổi trở lên: mua 01 vé. LƯU Ý: Quý khách nên mang giày, dép thấp để thuận tiện khi di chuyển trên thuyền. - ĐIỀU KIỆN HỦY TOUR: + Quý khách vui lòng liên hệ với Hotdeal để kiểm tra tình trạng chỗ trước khi thanh toán. + Quý khách đặt tour trước 10 ngày. + Trường hợp thay đổi lịch nghỉ dưỡng đã đặt, khách hàng phải thông báo trước 07 ngày (và không giải quyết quá 01 lần thay đổi). + Đổi lịch trước 03 ngày khởi hành: mất phí 100%. + Nếu khách đặt tour nhưng không đến, voucher sẽ bị hủy và không còn giá trị. + Voucher không có giá trị quy đổi thành tiền, không hoàn trả tiền khi khách hàng không sử dụng voucher trong thời gian còn hiệu lực. + Tất cả các khoản phụ thu, Quý khách vui lòng thanh toán trực tiếp lại công ty tour.","17 đã mua","","2026-08-26T20:48:05.563518"
"www.hotdeal.vn","https://www.hotdeal.vn/hotel-resort/romana-resort-phan-thiet-4-2n1d-phong-deluxe-an-sang-371052.html","Romana Resort Phan Thiết 4* - 2N1Đ Phòng Deluxe + Ăn Sáng","2500000","1350000","https://static.hotdeal.vn/images/1734/1734361/400x400/371052-romana-resort-phan-thiet-4-2n1d-phong-deluxe-an-sang.jpg","- Resort Romana Phan Thiết đạt tiêu chuẩn 4*, nổi bật với lối thiết kế pha trộn phong cách Ý và châu Á sang trọng, tinh tế. - Resort sở hữu 4 khu Villa 03 phòng ngủ, 28 phòng Villa hướng biển với hồ bơi riêng và 64 phòng Deluxe hướng biển. - Có đầy đủ các dịch vụ đáp ứng các nhu cầu đa dạng của bạn: khu nhà hàng Panorama hướng biển với đầy đủ thực đơn Âu - Á, quầy Laguna Bar và Oceania Spa, hồ bơi, Billiards, sân bóng chuyền bãi biển, sân tennis, phòng tập Gym… - Phòng có diện tích rộng rãi, trang thiết bị hiện đại, đầy đủ tiện nghi, và ban công hướng ra biển cho bạn cảm giác thoải mái nhất. - Cung cấp những phòng nối dành cho các gia đình và nôi em bé. - Đặc biệt, Romana còn có phòng khiêu vũ cho những bữa tiệc tùng. - Thực đơn đậm hương vị ẩm thực Đông - Tây tại nhà hàng Panorama của Resort sẽ tăng hương vị tình yêu cho cặp đôi và gắn kết các thành viên gia đình. - Bên cạnh đó, khuôn viên của Romana còn hỗ trợ cho bạn tổ chức các tiệc buffet hay BBQ hải sản tươi ngon cho chuyến du lịch Mũi Né - Phan Thiết xinh đẹp. - Đội ngũ nhân viên chuyên nghiệp, thân thiện, chu đáo.","- Liên hệ tư vấn và hỗ trợ đặt dịch vụ: Hotline: (028) 73003799 - ĐT/ Zalo: 0354 466 968 - Email: booking@hotdeal.vn. (Giờ làm việc: từ 8h30 đến 17h00 thứ 2 đến thứ 6; 8h30 đến 12h00 thứ 7 hàng tuần). - Thanh toán tiền mặt, thanh toán online qua thẻ ATM (có đăng ký internet banking)/ Thẻ tín dụng Visa/Master để nhận mã e-voucher qua tin nhắn SMS miễn phí. - Thời hạn sử dụng voucher: đến 31/08/2026. - Địa điểm sử dụng voucher: ROMANA RESORT - Km 8, Phường Phú Hài, Mũi Né, Phan Thiết, tỉnh Bình Thuận. - VOUCHER BAO GỒM: + Một đêm nghỉ tại loại phòng Deluxe Ocean View. + Nước uống chào đón khi nhận phòng (welcome drink). + Miễn phí ăn sáng dành cho 02 khách. + Miễn phí 02 chai nước suối, trà và cà phê trong phòng. + Voucher áp dụng các ngày trong tuần từ Chủ nhật – Thứ 5. Quý khách lưu trú Thứ 6, 7: phụ thu 100.000 VNĐ/phòng/đêm. + Voucher áp dụng giai đoạn: 01/04/2026 – 31/08/2026. + Quý khách lưu trú giai đoạn lễ tối thiểu đặt 2 đêm, có phụ thu: giai đoạn “25 - 26/04/2026” & “30/04/2026 - 02/05/2026”. + Hỗ trợ xe đưa đón khách đến resort từ trung tâm thành phố Phan Thiết: · Đối với khách đi bằng xe buýt: xe của resort sẽ đón khách từ ngã 3 gần Trường Đại học Phan Thiết đến Romana và ngược lại (cách resort 700m). + Miễn phí WiFi, hồ bơi, bãi biển riêng. + Miễn phí sân tennis từ 7:00 đến 17:00 hằng ngày. + Quý khách có nhu cầu booking đoàn từ 10 phòng trở lên, vui lòng liên hệ 0354 466 968 để nhận báo giá. - VOUCHER KHÔNG BAO GỒM: + Chi phí cá nhân như giặt ủi, điện thoại, ăn uống, v.v... + Các chi phí cá nhân khác. - QUY ĐỊNH TRẺ EM: + Miễn giảm tiền phòng và ăn sáng cho tối đa 01 trẻ em dưới 06 tuổi. + Trẻ em từ 06 đến 12 tuổi: phụ phí 250.000 VNĐ/trẻ/ngày thường, 400.000 VNĐ/trẻ/ngày lễ, bao gồm ăn sáng và ngủ chung giường cùng bố mẹ. + Trẻ em từ 12 tuổi trở lên hoặc người lớn thứ 3: phụ phí 500.000 VNĐ/trẻ/ngày thường, phụ phí 800.000 VNĐ/trẻ/ngày lễ – bao gồm ăn sáng, giường phụ. - QUY ĐỊNH PHỤ THU (khách thanh toán tại Hotdeal): + Chương trình được áp dụng Chủ nhật – Thứ 5 (giai đoạn 01/04/2026 – 31/08/2026). + Phụ thu lưu trú cuối tuần Thứ 6, 7: 100.000 VNĐ/phòng/đêm – cùng hạng phòng. + Phụ thu các giai đoạn lễ, Tết: “25 - 26/04/2026” & “30/04/2026 - 02/05/2026” – yêu cầu đặt tối thiểu 2 đêm, có phụ thu. + Phụ thu nâng cấp phòng: liên hệ hotline. - QUY ĐỊNH HOÀN/HỦY: + Chỉ áp dụng cho khách Việt Nam. + Quý khách vui lòng liên hệ với Hotdeal để kiểm tra tình trạng chỗ trước khi thanh toán. + Vui lòng liên hệ đặt phòng trước 10 ngày trước ngày nhận phòng. Trường hợp thay đổi lịch nghỉ dưỡng đã đặt, khách hàng phải thông báo cho resort trước 07 ngày (và không giải quyết quá 01 lần thay đổi). + Không bao gồm chi phí vận chuyển khách đến Phan Thiết và ngược lại. + Không có giá trị quy đổi thành tiền, không áp dụng cùng với các chương trình khuyến mãi khác. + Giờ nhận phòng (check-in) là 14:00 và giờ trả phòng (check-out) là 12:00. Việc nhận phòng sớm và trả phòng trễ tùy thuộc vào tình trạng phòng tại thời điểm yêu cầu. + TẤT CẢ CÁC KHOẢN PHỤ THU VÀ THANH TOÁN PHÁT SINH, KHÁCH HÀNG VUI LÒNG THANH TOÁN TRỰC TIẾP TẠI HOTDEAL.","26 đã mua","","2026-08-26T20:48:09.369253"
"www.hotdeal.vn","https://www.hotdeal.vn/hotel-resort/golden-coast-resort-spa-4-goi-3n2d-phong-superior-4-bua-an-371206.html","Golden Coast Resort & Spa 4* - Gói 3N2Đ - Phòng Superior + 4 Bữa Ăn","4100000","3300000","https://static.hotdeal.vn/images/1736/1735744/400x400/371206-golden-coast-resort-spa-4-goi-3n2d-phong-superior-4-bua-an.jpg","- Golden Coast Resort & Spa Phan Thiết được các tín đồ mê xê dịch bình chọn là “một trong những nơi mà bạn nhất định phải đến một lần trong đời”. - Resort có 90 phòng được thiết kế sang trọng, đẳng cấp và tinh tế. Tất cả các phòng đều có view nhìn ra bờ biển, hồ bơi, vườn cây xanh mát và được trang bị các tiện nghi hiện đại nhất. - Sở hữu bãi biển đẹp bậc nhất Phan Thiết. Diện tích khuôn viên rộng lớn, xanh mát. - Resort luôn bảo đảm sự riêng tư, thoải mái nhất cho khách lưu trú. - Thuận tiện di chuyển đến các khu du lịch, thắng cảnh, sân golf... - Nhà hàng và Bar tại Golden Coast Resort & Spa được tạo lập theo phong cách độc đáo dành cho resort hạng sang. - Các dịch vụ cao cấp khác tại Golden Coast như: massage & spa, fitness center, business center… cũng rất khác biệt khiến du khách không thể bỏ qua.","- Liên hệ tư vấn và hỗ trợ đặt dịch vụ: Hotline: (028) 73003799 - ĐT/ Zalo: 0354 466 968 - Email: booking@hotdeal.vn. (Giờ làm việc: từ 8h30 đến 17h00 thứ 2 đến thứ 6; 8h30 đến 12h00 thứ 7 hàng tuần). - Thanh toán tiền mặt, thanh toán online qua thẻ ATM (có đăng ký internet banking)/ Thẻ tín dụng Visa/Master để nhận mã e-voucher qua tin nhắn SMS miễn phí. - Thời hạn sử dụng voucher: đến 28/08/2026. - Địa điểm sử dụng voucher: Golden Coast Resort & Spa Địa chỉ: 41 Lạc Long Quân, Tiến Thành, Phan Thiết, Bình Thuận. - VOUCHER BAO GỒM: + 02 đêm lưu trú loại phòng Superior Garden View (miễn phí nâng cấp lên Deluxe Garden View, nếu phòng còn trống) + 02 bữa ăn sáng tại Resort + 02 bữa set menu (01 bữa trưa và 01 bữa tối) + 01 bữa trà chiều + Miễn phí nhận phòng sớm (nếu còn phòng) + Miễn phí nhận phòng sớm (nếu còn phòng) + Miễn phí xe đi về, trung tâm TP. Phan Thiết & ngược lại theo lịch xe đưa đón của Resort. + Miễn phí xe đi về từ Resort đến khu vui chơi Nova World Phan Thiết theo lịch xe đưa đón của Resort. + Miễn phí: Welcome drink, tắm biển, tắm hồ bơi, 02 chai nước suối, trà và cà phê trong phòng. - ĐIỀU KIỆN GIỚI HẠN CỦA VOUCHER: + Voucher áp dụng cho các ngày từ Chủ nhật đến thứ 5 hằng tuần. + Phụ thu: 380,000 VNĐ/ phòng vào ngày cuối tuần (thứ 6 và thứ 7). + Không áp dụng cho ngày lễ. + Nâng cấp lên Bungalow Seaview: · Quý khách lưu trú Chủ nhật – Thứ 5: phụ thu: 1,100,000 VNĐ/phòng/đêm · Quý khách lưu trú Thứ 6 hoặc Thứ 7: Phụ thu: 1,250,000 VNĐ/phòng/đêm + Voucher không áp dụng cho lễ tết. - QUY ĐỊNH TRẺ EM: · Phụ thu trẻ em 6-11 tuổi: 630.000 VNĐ/ 2 đêm (Bao gồm: 02 bữa ăn sáng và 02 bữa set menu (01 bữa trưa và 01 bữa tối). + Phụ thu trẻ em 12 tuổi hoặc người lớn thứ 3: 1.480.000 VNĐ/ 2 đêm (CN – Thứ 5) & 1.670.000 VNĐ (Thứ 6 và thứ 7), (Bao gồm: giường phụ, 02 bữa ăn sáng và 02 bữa set menu (01 bữa trưa và 01 bữa tối). - QUY ĐỊNH ĐẶT HỦY: + Quý khách vui lòng liên hệ với Hotdeal để kiểm tra tình trạng chỗ trước khi thanh toán. + Khách hàng vui lòng liên hệ Hotdeal để kiểm tra tình trạng phòng trước khi thanh toán. + Khách hàng vui lòng check đặt phòng trước ít nhất 10 ngày để đảm tình trạng còn phòng. + Trường hợp thay đổi về ngày sử dụng chỉ áp dụng ngày thường, quý khách vui lòng thông báo ít nhất 07 ngày trước ngày nhận phòng (chỉ giải quyết 01 lần thay đổi) và tùy thuộc vào tình trạng phòng của Khách sạn. + Trường hợp khách đã đặt phòng nhưng không sử dụng hoặc báo đổi lịch ít hơn 5 ngày, E-Voucher được tính là đã sử dụng. + Vào mùa Lễ, Tết sẽ không được điều chỉnh ngày đặt phòng. + Nếu khách đặt phòng nhưng không đến voucher sẽ bị hủy và không còn giá trị. + Không gia hạn khi Voucher hết hạn sử dụng. + Quý khách Có thể ghép voucher để sử dụng nhiều ngày. + E-Voucher không có giá trị quy đổi thành tiền, không được hoàn tiền khi khách không sử dụng trong thời gian E-Voucher còn hiệu lực, không gia hạn khi voucher hết hạn sử dụng. + Nhận phòng sau 14:00 (việc nhận phòng sớm tùy thuộc vào tình trạng phòng trống của Khách sạn). + Trả phòng trước 12:00 trưa. + Không áp dụng đồng thời với các chương trình khuyến mãi khác. TẤT CẢ CÁC KHOẢN PHỤ THU VÀ THANH TOÁN PHÁT SINH KHÁCH HÀNG VUI LÒNG THANH TOÁN TRỰC TIẾP TẠI RESORT.","14 đã mua","","2026-08-26T20:48:13.256332"
"www.hotdeal.vn","https://www.hotdeal.vn/hotel-resort/terracotta-resort-da-lat-4-2n1d-pstandard-twin-an-sang-2-khach-371090.html","Terracotta Resort Đà Lạt 4* - 2N1Đ P.Standard Twin - Ăn Sáng - 2 Khách","2600000","1590000","https://static.hotdeal.vn/images/1735/1734843/400x400/371090-terracotta-resort-da-lat-4-2n1d-pstandard-twin-an-sang-2-khach.jpg","- Vị trí ""vàng"" trên bán đảo riêng biệt: Tọa lạc trên bán đảo rộng 17 hecta thuộc hồ Tuyền Lâm, mang đến không gian nghỉ dưỡng biệt lập và thơ mộng nhất Đà Lạt. - Thiết kế đương đại, view thiên nhiên ""triệu đô"": Không gian sống sang trọng với hệ thống cửa kính lớn, giúp ôm trọn tầm nhìn hướng rừng thông, vườn hoa hoặc mặt hồ tĩnh lặng. - Hồ bơi nước ấm trong nhà đẳng cấp: Tận hưởng cảm giác thư giãn tuyệt đối trong làn nước ấm, xóa tan cái lạnh đặc trưng của phố núi bất kể thời tiết. - Hệ sinh thái tiện ích đa dạng: Sở hữu chuỗi sân Tennis, Pickleball, phòng Gym hiện đại và khu vực Team Building rộng 3.000m2. - Trải nghiệm ""sống xanh"" độc đáo: Khám phá vườn rau, vườn dâu sạch nội khu và con đường dạo bộ ven hồ dài thơ mộng. - Ẩm thực tinh tế tại nhà hàng Montagne: Thưởng thức buffet sáng đa dạng và thực đơn Á - Âu đẳng cấp trong không gian ấm cúng, sang trọng. - Dịch vụ chu đáo & kết nối thuận tiện: Miễn phí xe bus trung chuyển vào trung tâm thành phố, đảm bảo kỳ nghỉ vừa riêng tư vừa dễ dàng di chuyển.","- Liên hệ tư vấn và hỗ trợ đặt dịch vụ: Hotline: (028) 73003799 - ĐT/ Zalo: 0354 466 968 - Email: booking@hotdeal.vn. (Giờ làm việc: từ 8h30 đến 17h00 thứ 2 đến thứ 6; 8h30 đến 12h00 thứ 7 hàng tuần). - Thanh toán tiền mặt, thanh toán online qua thẻ ATM (có đăng ký internet banking)/ Thẻ tín dụng Visa/Master để nhận mã e-voucher qua tin nhắn SMS miễn phí. - Thời hạn sử dụng voucher: đến 31/12/2026. - Địa điểm sử dụng voucher: Terracotta Hotel & Resort Đà Lạt 4* Địa chỉ: Phân khu chức năng 7.9, KDL Hồ Tuyền Lâm, P.3, TP. Đà Lạt. - VOUCHER BAO GỒM: + 2N1Đ phòng Standard Twin hướng vườn dành cho 02 khách. + Giai đoạn lưu trú áp dụng: . Từ 20/04/2026 đến 21/05/2026. . Từ 29/08/2026 đến 31/12/2026. + Áp dụng cho các ngày lưu trú trong tuần từ Chủ Nhật đến thứ 5. + Quý khách lưu trú thứ 6, thứ 7: Phụ thu 100.000 VNĐ/Căn/Đêm (cùng hạng phòng). Áp dụng cho giai đoạn từ 20/04/2026 đến 21/05/2026 và từ 29/08/2026 đến 31/12/2026. + Quý khách lưu trú cuối tuần, Lễ Tết: Yêu cầu đặt tối thiểu 02 đêm. + Quý khách lưu trú giai đoạn đỉnh điểm: 22/05/2026 – 28/28/2026: Phụ thu 100.000 VNĐ/Phòng/Đêm – các ngày trong tuần. Giai đoạn này cuối tuần Thứ 6, 7 phụ thu: 200.000 VNĐ/phòng/đêm (Cùng hạng phòng). + Quý khách vui lòng liên hệ Hotdeal để kiểm tra tình trạng phòng trước khi thanh toán. + Ăn sáng mỗi ngày cho 02 khách/phòng/đêm (hoặc 02 khách/phòng ngủ/đêm đối với villa). + 02 chai nước suối đặt trong mỗi phòng mỗi ngày. + Trà, cà phê và bình nấu nước đặt trong mỗi phòng mỗi ngày. + Miễn phí sử dụng khu vực trò chơi như: Phòng tập thể dục, Bida, tắm hồ bơi, sân Tennis, sân Pickleball (từ 07:00 đến 17:00), khu vui chơi trẻ em. + Miễn phí tham quan vườn rau sạch, vườn hoa, vườn dâu trong khu nghỉ dưỡng. + Miễn phí 01 trẻ em dưới 5 tuổi, bé thứ 2 phụ thu như bé từ 5 – 11 tuổi. + Welcome drink khi check-in. + Miễn phí xe Shuttle bus đưa đón ra Trung tâm Đà Lạt và ngược lại theo lịch trình: Resort đi trung tâm: 09:30 | 14:30 | 19:30 Trung tâm về resort: 11:30 | 16:30 | 21:30 Điểm đón và dừng là Cây Xăng đường Phạm Ngũ Lão. Để Khu nghỉ được phục vụ tốt nhất, quý khách vui lòng đặt chỗ trước 5 tiếng trước giờ khởi hành. + Miễn phí sử dụng: Hồ bơi nước ấm, sân Pickleball/Tennis (ban ngày). - Khách hàng vui lòng liên hệ đặt phòng, kiểm tra phòng trước khi thanh toán theo điện thoại: 028.73003799 - ĐT/Zalo: 0354466968 hoặc theo Email: booking@hotdeal.vn - VOUCHER KHÔNG BAO GỒM: + Chi phí cá nhân, giặt ủi. + Nước uống minibar, điện thoại và các chi phí cá nhân khác. + Chi phí vận chuyển đến khách sạn và ngược lại. + Các dịch vụ không có trong mục “Voucher Bao gồm”. - QUY ĐỊNH PHỤ THU: + Phụ thu cuối tuần (Thứ 6, Thứ 7): 100.000 VNĐ/Phòng/Đêm (cùng hạng phòng). Áp dụng cho giai đoạn lưu trú: Từ 20/04/2026 đến 21/05/2026 và từ 29/08/2026 đến 31/12/2026. + Quý khách lưu trú giai đoạn đỉnh điểm: 22/05/2026 – 28/28/2026: Phụ thu 100.000 VNĐ/Phòng/Đêm – các ngày trong tuần. Giai đoạn này cuối tuần Thứ 6, 7 phụ thu: 200.000 VNĐ/phòng/đêm (Cùng hạng phòng). + Quý khách lưu trú ngày Lễ Tết có phụ thu riêng. + Yêu cầu đặt tối thiểu 02 đêm khi lưu trú cuối tuần hoặc Lễ Tết. - QUY ĐỊNH NÂNG CẤP: + Phụ thu nâng cấp phòng Chủ Nhật - Thứ 5: Liên hệ Hotline. + Phụ thu nâng cấp phòng Thứ 6, Thứ 7: Liên hệ Hotline. + Phụ thu nâng cấp phòng ngày Lễ: Liên hệ Hotline. - CHÍNH SÁCH TRẺ EM VÀ NGƯỜI LỚN PHÁT SINH: (Vui lòng mang theo CMND đối với người lớn hoặc giấy khai sinh đối với trẻ em) + Trẻ em dưới 5 tuổi: Miễn phí ngủ cùng bố mẹ. + Trẻ em từ 5 - dưới 11 tuổi: Phụ phí ngủ cùng bố mẹ bao gồm ăn sáng: Ngày thường: 400.000 VNĐ/bé/đêm. Ngày Lễ: 600.000 VNĐ/bé/đêm. + Trẻ em từ 11 tuổi trở lên tính như người lớn (gồm ăn sáng và giường phụ): Ngày thường: 800.000 VNĐ/khách/đêm. Ngày Lễ: 1.200.000 VNĐ/khách/đêm. - QUY ĐỊNH ĐẶT/HỦY PHÒNG: + Khách hàng vui lòng liên hệ Hotdeal để kiểm tra tình trạng phòng trước khi thanh toán. + Khách hàng đặt phòng trước ít nhất 10 ngày. + Trường hợp thay đổi ngày sử dụng: Chỉ áp dụng ngày thường, quý khách vui lòng thông báo ít nhất 02 ngày trước ngày nhận phòng (chỉ giải quyết 01 lần thay đổi) và tùy thuộc vào tình trạng phòng của khách sạn. + Trường hợp khách đã đặt phòng nhưng không sử dụng hoặc báo đổi lịch ít hơn 02 ngày, E-Voucher được tính là đã sử dụng. + E-Voucher không có giá trị quy đổi thành tiền, không được hoàn tiền, không gia hạn khi voucher hết hạn sử dụng. + Chấp nhận ghép nhiều E-Voucher để sử dụng nhiều ngày. + Quy định về thời gian nhận và trả phòng: Giờ nhận phòng: Bắt đầu từ 14:00. Giờ trả phòng: Trước 12:00 trưa. + Không áp dụng đồng thời với các chương trình khuyến mãi khác. + TẤT CẢ CÁC KHOẢN PHỤ THU QUÝ KHÁCH HÀNG THANH TOÁN TẠI HOTDEAL.","8 đã mua","","2026-08-26T20:48:17.136427"
"www.hotdeal.vn","https://www.hotdeal.vn/hotel-resort/terracotta-resort-mui-ne-4-2n1d-phong-deluxe-an-sang-2-khach-371094.html","Terracotta Resort Mũi Né 4* - 2N1Đ Phòng Deluxe - Ăn Sáng - 2 Khách","2600000","1790000","https://static.hotdeal.vn/images/1735/1734735/400x400/371094-terracotta-resort-mui-ne-4-2n1d-phong-deluxe-an-sang-2-khach.jpg","- Vị trí đắc địa sát biển: Terracotta Hotel & Resort 4* tọa lạc ngay trung tâm Mũi Né với bãi biển riêng biệt, cát trắng mịn và làn nước xanh trong. - Thiết kế nhiệt đới tinh tế: Không gian mở với nhiều mảng xanh, kiến trúc độc đáo kết hợp hài hòa giữa nét truyền thống bản địa và hiện đại. - Phòng Deluxe sang trọng: Diện tích rộng rãi, sở hữu tầm nhìn hướng vườn nhiệt đới xanh mát, trang bị đầy đủ tiện nghi tiêu chuẩn 4 sao quốc tế. - Trải nghiệm ẩm thực phong phú: Đã bao gồm bữa sáng Buffet đa dạng với thực đơn Á – Âu được chế biến từ nguyên liệu tươi sạch. - Hệ sinh thái tiện ích đa năng: Hồ bơi ngoài trời quy mô lớn, khu vực Spa thư giãn và các hoạt động giải trí ven biển hấp dẫn. - Dịch vụ chuyên nghiệp: Sự hiếu khách và tận tâm từ đội ngũ nhân viên, đảm bảo kỳ nghỉ riêng tư và thoải mái nhất cho 2 khách. - Voucher áp dụng cho 2N1Đ phòng Deluxe kèm ăn sáng cho 2 khách.","- Liên hệ tư vấn và hỗ trợ đặt dịch vụ: Hotline: (028) 73003799 - ĐT/ Zalo: 0354 466 968 - Email: booking@hotdeal.vn. (Giờ làm việc: từ 8h30 đến 17h00 thứ 2 đến thứ 6; 8h30 đến 12h00 thứ 7 hàng tuần). - Thanh toán tiền mặt, thanh toán online qua thẻ ATM (có đăng ký internet banking)/ Thẻ tín dụng Visa/Master để nhận mã e-voucher qua tin nhắn SMS miễn phí. - Thời hạn sử dụng voucher: đến 31/10/2026. - Địa điểm sử dụng voucher: Terracotta Hotel & Resort Mũi Né 4* Địa chỉ: 28 Nguyễn Đình Chiểu, Phường Mũi Né, Tỉnh Lâm Đồng. - VOUCHER BAO GỒM: + 2N1Đ phòng Deluxe dành cho 02 khách tại Terracotta Resort Mũi Né. + Resort có hồ bơi, bãi biển riêng siêu đẹp. + Áp dụng cho giai đoạn lưu trú từ: 20/04/2026 đến 31/10/2026. + Áp dụng cho các ngày lưu trú trong tuần từ Chủ Nhật đến thứ 5. + Quý khách lưu trú Thứ 6, Thứ 7: Phụ thu 300.000 VNĐ/Phòng/Đêm (cùng hạng phòng). Yêu cầu đặt tối thiểu hai (02) đêm phòng liên tiếp cho các giai đoạn Lễ, Tết, cuối tuần. + Quý khách sử dụng giai đoạn Lễ, Tết có phụ thu: Liên hệ Hotline. + Quý khách vui lòng liên hệ Hotdeal để kiểm tra tình trạng phòng trước khi thanh toán. + Ăn sáng mỗi ngày cho 02 khách/phòng/đêm. + 02 chai nước suối đặt trong mỗi phòng mỗi ngày. + Trà, cà phê và bình nấu nước đặt trong mỗi phòng mỗi ngày. + Miễn phí sử dụng Internet và Wi-fi. + Giá phòng đã bao gồm thuế và phí. + Khách hàng vui lòng liên hệ đặt phòng, kiểm tra phòng trước khi thanh toán theo điện thoại: 028.73003799 - ĐT/Zalo: 0354466968 hoặc theo Email: booking@hotdeal.vn. - VOUCHER KHÔNG BAO GỒM: + Chi phí cá nhân, giặt ủi. + Nước uống minibar, điện thoại và các chi phí cá nhân khác. + Chi phí vận chuyển đến khách sạn và ngược lại. + Các dịch vụ không có trong mục “Voucher Bao gồm”. + Giai đoạn tính Lễ, Tết: 30/04 - 02/05/2026 và 29/08 - 02/09/2026. - QUY ĐỊNH PHỤ THU: + Quý khách lưu trú Thứ 6, Thứ 7: Phụ thu 300.000 VNĐ/Phòng/Đêm (cùng hạng phòng). Yêu cầu đặt tối thiểu 02 đêm liên tiếp cho giai đoạn Lễ, Tết, cuối tuần. + Quý khách lưu trú ngày Lễ, Tết: Có phụ thu và yêu cầu đặt tối thiểu 02 đêm (Liên hệ Hotline). + Phụ thu bữa tối bắt buộc vào ngày 01/05/2026 hoặc 02/05/2026: + Trẻ em từ 0 - 5 tuổi: Miễn phí. + Trẻ em từ 6 - 11 tuổi: Phụ thu 495.000 VNĐ/trẻ/bữa. + Trẻ em từ 12 tuổi trở lên (tính như người thứ ba): Phụ thu 990.000 VNĐ/khách/bữa. - QUY ĐỊNH NÂNG CẤP: + Phụ thu nâng cấp phòng Chủ Nhật - Thứ 5: Liên hệ Hotline. + Phụ thu nâng cấp phòng Thứ 6, Thứ 7: Liên hệ Hotline. + Phụ thu nâng cấp phòng ngày Lễ: Liên hệ Hotline. - CHÍNH SÁCH TRẺ EM VÀ NGƯỜI LỚN PHÁT SINH: + Trẻ em dưới 6 tuổi: Miễn phí ngủ cùng bố mẹ. Trường hợp phát sinh thêm trẻ em từ 3 đến 5,99 tuổi (bé thứ 3 hoặc thứ 4), áp dụng phụ thu 173,000 VND/bé/ngày (bao gồm bữa sáng, ngủ chung với bố mẹ). + Trẻ em từ 06 tuổi đến 11 tuổi: Phụ thu 173,000 VND/ngày (bao gồm ăn sáng, ngủ chung giường với bố mẹ). + Trẻ em từ 12 tuổi trở lên hoặc người lớn thứ 3 ở chung phòng với bố mẹ: Phụ thu 790,000 VND/ngày (bao gồm giường phụ, vé ăn sáng) – giai đoạn ngày thường. Phụ thu 1,185,000 VND/ngày (bao gồm giường phụ, vé ăn sáng) – giai đoạn ngày Lễ, Tết. - QUY ĐỊNH CHUNG CỦA RESORT: + Không nấu nướng thức ăn cũng như mang vật nuôi vào khu vực resort. + Resort không cung cấp phòng nội bộ cho tài xế. + Không thay đổi, di chuyển đồ đạc trong phòng hoặc từ phòng này sang phòng khác. Trong trường hợp tài sản, đồ dùng trong phòng bị mất, hỏng do chủ quan. Quý khách sẽ phải bồi thường 100% giá trị. + Không sử dụng loa vali kéo trong khu vực resort. - QUY ĐỊNH ĐẶT/HỦY PHÒNG: + Khách hàng vui lòng liên hệ Hotdeal để kiểm tra tình trạng phòng trước khi thanh toán. + Khách hàng đặt phòng trước ít nhất 10 ngày. + Trường hợp thay đổi ngày sử dụng: Chỉ áp dụng ngày thường, quý khách vui lòng thông báo ít nhất 02 ngày trước ngày nhận phòng (chỉ giải quyết 01 lần thay đổi) và tùy thuộc vào tình trạng phòng của khách sạn. + Trường hợp khách đã đặt phòng nhưng không sử dụng hoặc báo đổi lịch ít hơn 02 ngày, E-Voucher được tính là đã sử dụng. + E-Voucher không có giá trị quy đổi thành tiền, không được hoàn tiền, không gia hạn khi hết hạn. + Chấp nhận ghép nhiều E-Voucher để sử dụng nhiều ngày. + Quy định về thời gian nhận và trả phòng: Giờ nhận phòng: Bắt đầu từ 14:00. Giờ trả phòng: Trước 12:00 trưa. + Không áp dụng đồng thời với các chương trình khuyến mãi khác. + TẤT CẢ CÁC KHOẢN PHỤ THU QUÝ KHÁCH HÀNG THANH TOÁN TẠI HOTDEAL.","12 đã mua","","2026-08-26T20:48:21.115307"
"www.hotdeal.vn","https://www.hotdeal.vn/hotel-resort/pt-hotel-vung-tau-3-vitamin-sea-2n1d-phong-2-nguoi-an-sang-371043.html","PT Hotel Vũng Tàu 3* Vitamin Sea 2N1Đ - Phòng 2 Người + Ăn Sáng","1900000","750000","https://static.hotdeal.vn/images/1734/1734254/400x400/371043-pt-hotel-vung-tau-3-vitamin-sea-2n1d-phong-2-nguoi-an-sang.jpg","- P&T Hotel Vũng Tàu đạt tiêu chuẩn quốc tế 3 sao tọa lạc gần trung tâm thành phố, ngay Bãi Trước, gần bến tàu cánh ngầm, lưng dựa sườn núi Nhỏ, mắt trông vịnh Tầm Dương, khuôn viên rộng rãi, thoáng mát, sạch sẽ, thân thiện, cho du khách thỏa thích tắm biển, nghỉ dưỡng, vui chơi, giải trí. - Khách sạn bao gồm 74 phòng ngủ với các hướng nhìn phong phú: hướng biển (sea view), hướng thành phố (city view), hướng núi (mountain view), được thiết kế trang nhã, sang trọng, rộng rãi với đầy đủ tiện nghi như: truyền hình vệ tinh, điện thoại quốc tế, minibar, nước nóng, bồn tắm, máy lạnh, phòng khách, wireless… - Khách sạn nằm cạnh biển, với góc nhìn đẹp, không khí trong lành rất thích hợp cho du khách nghỉ ngơi, thư giãn hay công tác. - Hệ thống dịch vụ hoàn hảo với nhà hàng ẩm thực Á – Âu và đặc sản vùng biển, vui chơi giải trí: hồ bơi, karaoke, massage, vũ trường,… - Đội ngũ nhân viên trẻ được đào tạo bài bản, nhiệt tình, tận tâm và mến khách sẽ mang lại cho Quý khách những ngày nghỉ thoải mái và hài lòng nhất.","- Liên hệ tư vấn và hỗ trợ đặt dịch vụ: Hotline: (028) 73003799 - ĐT/ Zalo: 0354 466 968 - Email: booking@hotdeal.vn. (Giờ làm việc: từ 8h30 đến 17h00 thứ 2 đến thứ 6; 8h30 đến 12h00 thứ 7 hàng tuần). - Thanh toán tiền mặt, thanh toán online qua thẻ ATM (có đăng ký internet banking)/ Thẻ tín dụng Visa/Master để nhận mã e-voucher qua tin nhắn SMS miễn phí. - Thời hạn sử dụng voucher: đến 30/10/2026. - Địa điểm sử dụng voucher: Khách Sạn P&T 3* Địa chỉ: 158 Hạ Long – Phường 2 – Thành Phố Vũng Tàu. - VOUCHER BAO GỒM: + Phòng Deluxe Twin/Double 02 ngày 01 đêm dành cho 02 người + Áp dụng các ngày trong tuần từ Chủ nhật - thứ 6. Quý khách sử dụng thứ 7 cuối tuần có phụ thu + Nước uống khi nhận phòng + Cà phê và 02 chai nước suối 330ml mỗi ngày + Ăn sáng dành cho 02 người + Miễn phí sử dụng hồ bơi, wifi - VOUCHER KHÔNG BAO GỒM: + Chi phí giặt ủi, điện thoại, cá nhân tại khách sạn. - QUY ĐỊNH PHỤ THU (lễ tết, cuối tuần, cao điểm, nâng cấp): + Phụ thu cuối tuần Thứ 7 ngày 30/5 và Thứ 7 các tháng 6, 7, 8: 350.000 VNĐ/phòng/đêm + Phụ thu cuối tuần Thứ 7 các tháng 1, 2, 3, 4, 5 (trừ 30/5), 9, 10, 11, 12: 150.000 VNĐ/phòng/đêm + Phụ thu người thứ 3: 350.000đ (Bao gồm ăn sáng) + Phụ thu nâng cấp phòng LUXURY: 390.000 VNĐ. + Phụ thu nâng cấp phòng P&T Suite: 590.000 VNĐ/phòng/đêm. + Phụ thu giai đoạn lễ tết các ngày tại khách sạn: 600.000 VNĐ/ phòng/ đêm - QUY ĐỊNH TRẺ EM: + Trẻ em dưới 6 tuổi: được miễn phí ngủ chung giường với bố mẹ. + Trẻ em 6 - dưới 10 tuổi: ở chung với bố mẹ miễn phí tiền phòng. Ăn sáng phụ thu 120.000 VNĐ/ trẻ (tối đa 01 trẻ/phòng, trẻ thứ 2 tính phụ thu như người lớn). + Trẻ từ 10 tuổi: tính như người lớn thứ 3. - QUY ĐỊNH ĐẶT/ HỦY: + Khách hàng vui lòng liên hệ Hotdeal để kiểm tra tình trạng phòng trước khi thanh toán. Hotdeal không đảm bảo khách sạn có phòng vào ngày khách muốn đặt. + Khách hàng đặt phòng trước ít nhất 10 ngày. + Trường hợp thay đổi về ngày sử dụng chỉ áp dụng ngày thường, quý khách vui lòng thông báo ít nhất 07 ngày trước ngày nhận phòng (chỉ giải quyết 01 lần thay đổi) và tùy thuộc vào tình trạng phòng của Khách sạn. + Trường hợp khách đã đặt phòng nhưng không sử dụng hoặc báo đổi lịch ít hơn 7 ngày, E-Voucher được tính là đã sử dụng. + Vào mùa Lễ, Tết sẽ không được điều chỉnh ngày đặt phòng. + E-Voucher không có giá trị quy đổi thành tiền, không được hoàn tiền khi khách không sử dụng trong thời gian E-Voucher còn hiệu lực, không gia hạn khi voucher hết hạn sử dụng. + Chấp nhận ghép nhiều E-Voucher để sử dụng nhiều ngày. + Nhận phòng sau 14:00 (việc nhận phòng sớm tùy thuộc vào tình trạng phòng trống của Khách sạn). + Trả phòng trước 12:00 trưa. + Trả phòng trễ sau 12:00 – 17:00 phụ thu 150.000 VNĐ/giờ. Sau 17:00 tính 100% giá phòng. + Không áp dụng đồng thời với các chương trình khuyến mãi khác. TẤT CẢ CÁC KHOẢN PHỤ THU QUÝ KHÁCH VUI LÒNG THANH TOÁN TRỰC TIẾP TẠI KHÁCH SẠN.","28 đã mua","","2026-08-26T20:48:24.939452"
"www.hotdeal.vn","https://www.hotdeal.vn/hotel-resort/hotel-colline-da-lat-4-phong-superior-2n1d-an-sang-2-khach-370717.html","Hotel Colline Đà Lạt 4* - Phòng Superior 2N1Đ + Ăn Sáng - 2 Khách","2800000","1690000","https://static.hotdeal.vn/images/1732/1731606/400x400/370717-hotel-colline-da-lat-4-phong-superior-2n1d-an-sang-2-khach.jpg","- Hotel Colline là một khách sạn đẳng cấp 4 sao nằm trong khu phức hợp Đà Lạt Center với đầy đủ các tiện ích, phục vụ mọi nhu cầu thiết yếu cho du khách. - Phong cách kiến trúc lấy cảm hứng từ những biệt thự Pháp cổ điển được pha trộn với những đường nét thanh lịch đương đại. Tông màu nâu chủ đạo cùng tầng tầng, lớp lớp hình khối xếp chồng lên nhau tạo cho khách sạn Colline một hình ảnh rất đặc trưng, khó có thể bắt gặp tại bất cứ nơi nào khác ở Đà Lạt.. - Khách sạn có 150 phòng nghỉ sang trọng và hiện đại, các căn phòng đều được thiết kế với gam màu sữa chủ đạo, đem đến cảm giác sáng sủa và thoải mái. - Hệ thống nhà hàng phong phú, được bố trí ở nhiều khu vực riêng biệt: The Lobby Bar & Coffee, khu ẩm thực Salt & Soy, nhà hàng Terrace. - Hệ thống phòng fitness and yoga với những thiết bị tân tiến và hiện đại.","- Liên hệ tư vấn và hỗ trợ đặt dịch vụ: Hotline: (028) 73003799 - ĐT/ Zalo: 0354 466 968 - Email: booking@hotdeal.vn. (Giờ làm việc: từ 8h30 đến 17h00 thứ 2 đến thứ 6; 8h30 đến 12h00 thứ 7 hàng tuần). - Thanh toán tiền mặt, thanh toán online qua thẻ ATM (có đăng ký internet banking)/ Thẻ tín dụng Visa/Master để nhận mã e-voucher qua tin nhắn SMS miễn phí. - Thời hạn sử dụng voucher: đến 31/12/2026. - Địa điểm sử dụng voucher: HOTEL COLLINE ĐÀ LẠT 4* Địa chỉ: 10 Phan Bội Châu, Phường 1, Đà Lạt, Lâm Đồng, Việt Nam. - VOUCHER BAO GỒM: + 01 đêm nghỉ dưỡng tại phòng Superior. + Mỗi phòng gồm 02 người lớn. + Bao gồm 01 bữa sáng cho 02 người lớn. + Miễn phí trà, cà phê, nước suối trong phòng. + Giá trên đã bao gồm thuế & phí phục vụ. + Giá trên đã bao gồm bữa ăn sáng cho 02 khách/phòng/đêm. + Bữa sáng được phục vụ từ 06:00 sáng đến 10:00 sáng hằng ngày. + Không thanh toán lại tiền khi khách không dùng bữa ăn sáng. + Miễn phí sử dụng các dịch vụ: WiFi, phòng máy tính. + Voucher áp dụng cho tất cả các ngày trong tuần từ Chủ nhật đến Thứ 5 (giai đoạn tháng 1, 2, 3, 4, 5, 9, 10, 11/2025). + Quý khách lưu trú giai đoạn cao điểm tháng 6, 7, 8, 12/2025, lễ Tết có phụ thu. + Phụ thu cuối tuần (giai đoạn tháng 1, 2, 3, 4, 5, 9, 10, 11/2025): Thứ 6, Thứ 7: 400.000 VNĐ/ phòng/ đêm – cùng hạng phòng. + Phụ thu giai đoạn cao điểm tháng 6, 7, 8, 12/2025: · Các ngày trong tuần từ Chủ nhật – Thứ 5: 100.000 VNĐ/phòng/đêm – cùng hạng phòng. · Cuối tuần Thứ 6, Thứ 7: 500.000 VNĐ/phòng/đêm. + Thời gian check-in: 14:00 – Check-out: 12:00. - CƠ CẤU PHÒNG: + Phòng Twin được bố trí ở 02 loại phòng: Deluxe & Premier Deluxe. + Twin rooms are available in Deluxe and Premier Deluxe only. + Giường phụ chỉ được sắp xếp trong phòng Premier Deluxe, Studio, Signature Suite, Colline Junior Suite, Colline Suite. + Lưu ý: Tất cả phòng ngủ ở Colline đều là phòng không hút thuốc; phí phụ thu nếu vi phạm hút thuốc trong phòng là 3.000.000 VNĐ/lần. - ĐIỀU KIỆN GIỚI HẠN CỦA VOUCHER: - Quy định phụ thu + Phụ thu cuối tuần Thứ 6, Thứ 7 (tháng 1, 2, 3, 4, 5, 9, 10, 11): 400.000 VNĐ/phòng/đêm – cùng hạng phòng. + Phụ thu cuối tuần Thứ 6, Thứ 7 (tháng 12): 500.000 VNĐ/phòng/đêm. + Phụ thu giai đoạn cao điểm các ngày trong tuần từ Chủ nhật – Thứ 5 (tháng 6, 7, 8, 12): 100.000 VNĐ/phòng/đêm – cùng hạng phòng. - Quy định nâng cấp phòng: + Khu khách sạn: Nâng cấp lên phòng Deluxe (02 khách): Liên hệ. Nâng cấp lên phòng Deluxe Family (04 người lớn, 02 trẻ em): Liên hệ. Nâng cấp lên phòng Premier Deluxe (02 người lớn, 01 trẻ em): Liên hệ. Nâng cấp lên phòng Studio (02 người lớn, 01 trẻ em): Liên hệ. Nâng cấp lên phòng Signature Suite (02 người lớn, 01 trẻ em): Liên hệ. Nâng cấp lên phòng Colline Junior Suite (VIP) (02 người lớn, 01 trẻ em): Liên hệ. Nâng cấp lên phòng Colline Suite (VVIP) (02 người lớn, 01 trẻ em): Liên hệ. + Khu căn hộ: Nâng cấp lên căn hộ 2 phòng ngủ, 1 WC (04 người lớn, 02 trẻ em): Liên hệ. Nâng cấp lên căn hộ 2 phòng ngủ, 2 WC (04 người lớn, 02 trẻ em): Liên hệ. Nâng cấp lên căn hộ 3 phòng ngủ, 2 WC (06 người lớn, 03 trẻ em): Liên hệ. LƯU Ý KHI ĐẶT PHÒNG KHU KHÁCH SẠN: + Phòng Twin được bố trí ở 02 loại phòng: Deluxe & Premier Deluxe. + Giường phụ chỉ được sắp xếp trong phòng Premier Deluxe, Studio & Signature Suite. + Phòng Superior kết nối với Studio thành loại phòng Family Suite. - QUY ĐỊNH SỨC CHỨA MỖI PHÒNG: Phòng Superior: 02 người lớn, 01 trẻ em dưới 05 tuổi. Phòng Deluxe: 02 người lớn, 01 trẻ em dưới 05 tuổi. Phòng Deluxe Family: 04 người lớn, 02 trẻ em dưới 05 tuổi. Phòng Premier Deluxe: 02 người lớn, 01 trẻ em dưới 05 tuổi. Phòng Studio: 02 người lớn, 01 trẻ em dưới 05 tuổi. Phòng Signature Suite: 02 người lớn, 01 trẻ em dưới 05 tuổi. Căn hộ 2 phòng ngủ (1 & 2 WC): 04 người lớn, 02 trẻ em dưới 05 tuổi. Căn hộ 3 phòng ngủ (2 WC): 06 người lớn, 03 trẻ em dưới 05 tuổi. LƯU Ý ĐẶT PHÒNG KHU CĂN HỘ: Nằm bên khu căn hộ (toàn nhà bên cạnh khách sạn). Ăn sáng: khách di chuyển sang khu khách sạn và đi thang máy lên tầng 5. Căn hộ có phòng khách, bàn ăn, bếp, máy giặt. Căn hộ có 01 TV ở phòng khách, không có TV ở phòng ngủ. Căn hộ không có điều hòa. - QUY ĐỊNH TRẺ EM: + Trẻ em dưới 05 tuổi: · Miễn phí tối đa 01 trẻ em dưới 05 tuổi ở chung giường với bố mẹ, bao gồm ăn sáng; phụ thu ăn sáng bé thứ 02 giá 250.000 VNĐ/trẻ/đêm (phòng Superior/Deluxe/Premier/Studio/Signature Suite/Colline Junior Suite/Colline Suite). · Miễn phí tối đa 02 trẻ em dưới 05 tuổi ở chung giường với bố mẹ; phụ thu bé thứ 03 giá 250.000 VNĐ/trẻ/đêm (phòng Deluxe Family, căn hộ 2PN–1WC). · Miễn phí tối đa 03 trẻ em dưới 05 tuổi ở chung giường với bố mẹ; phụ thu bé thứ 04 giá 250.000 VNĐ/trẻ/đêm (căn hộ 3 phòng ngủ, 2 WC). + Trẻ em từ 05 – dưới 11 tuổi: Tối đa 02 trẻ em ở chung giường với bố mẹ, phụ thu ăn sáng 250.000 VNĐ/trẻ/đêm. + Trẻ em từ 11 tuổi trở lên tính như người lớn thứ 3. · Phụ thu người lớn thứ 3 (không gồm giường phụ, gồm ăn sáng): 500.000 VNĐ/người/đêm. · Phụ thu người lớn thứ 3 hạng phòng Colline Junior Suite, Colline Suite (không gồm giường phụ, gồm ăn sáng): 700.000 VNĐ/người/đêm. · Phụ thu người lớn thứ 3 (bao gồm kê thêm giường phụ, ăn sáng): 700.000 VNĐ/người/đêm. · Phụ thu người lớn thứ 3 hạng phòng Colline Junior Suite, Colline Suite (bao gồm kê thêm giường phụ, ăn sáng): 950.000 VNĐ/người/đêm. - LƯU Ý BỮA ĂN TỐI BẮT BUỘC: * Áp dụng ăn tối bắt buộc cho các đặt phòng rơi vào đêm 01/05/2026, 25/12/2026: · Ngày 01/05/2026 - Người lớn: 600.000 VND/ khách người lớn - Trẻ em từ 5 đến dưới 11 tuổi: Tính 50% trên phí người lớn. · Ngày 25/12/2026 - Người lớn: 800.000 VND/ khách người lớn - Trẻ em từ 05 đến dưới 11 tuổi: Tính 50% trên phí người lớn. - QUY ĐỊNH ĐẶT – HỦY: + Khách hàng vui lòng liên hệ Hotdeal để kiểm tra tình trạng phòng trước khi thanh toán. Hotdeal không đảm bảo khách sạn có phòng vào ngày khách muốn đặt. + Khách hàng đặt phòng trước ít nhất 07 ngày. + Trường hợp thay đổi ngày sử dụng chỉ áp dụng ngày thường; quý khách vui lòng thông báo ít nhất 07 ngày trước ngày nhận phòng (chỉ giải quyết 01 lần thay đổi) và tùy thuộc vào tình trạng phòng của khách sạn. + Trường hợp khách đã đặt phòng nhưng không sử dụng hoặc báo đổi lịch ít hơn 07 ngày, E-Voucher được tính là đã sử dụng. + Vào mùa lễ, Tết sẽ không được điều chỉnh ngày đặt phòng. + E-Voucher không có giá trị quy đổi thành tiền, không được hoàn tiền khi khách không sử dụng trong thời gian E-Voucher còn hiệu lực, không gia hạn khi voucher hết hạn sử dụng. + Chấp nhận ghép nhiều E-Voucher để sử dụng nhiều ngày. + Nhận phòng sau 14:00 (việc nhận phòng sớm tùy thuộc vào tình trạng phòng trống của khách sạn). + Trả phòng trước 12:00 trưa. + Không áp dụng đồng thời với các chương trình khuyến mãi khác. + TẤT CẢ CÁC KHOẢN PHỤ THU VÀ THANH TOÁN PHÁT SINH KHÁCH HÀNG VUI LÒNG THANH TOÁN TRỰC TIẾP TẠI HOTDEAL.","25 đã mua","","2026-08-26T20:48:28.863516"
"www.hotdeal.vn","https://www.hotdeal.vn/hotel-resort/muong-thanh-luxury-da-nang-5-p-superior-twin-2n1d-an-sang-370974.html","Mường Thanh Luxury Đà Nẵng 5* - P. Superior Twin 2N1Đ + Ăn Sáng","2290000","1450000","https://static.hotdeal.vn/images/1734/1733624/400x400/370974-muong-thanh-luxury-da-nang-5-p-superior-twin-2n1d-an-sang.jpg","- Nghỉ dưỡng 2N1Đ tại phòng Superior Twin sang trọng – Khách sạn Mường Thanh Luxury Đà Nẵng 5* dành cho 02 khách. - Khách sạn chuẩn 5 sao tọa lạc trên cung đường biển đẹp của Đà Nẵng, thuận tiện khám phá thành phố. - Không gian kiến trúc hiện đại, sang trọng, thiết kế tinh tế và thoáng đãng. - Hệ thống tiện ích nghỉ dưỡng đa dạng: hồ bơi rộng rãi, phòng gym hiện đại, nhà hàng sang trọng phục vụ nhiều món ăn hấp dẫn cùng không gian thư giãn đẳng cấp bên thành phố biển. - Bao gồm bữa sáng mỗi ngày cho 02 khách/phòng/đêm. - Miễn phí sử dụng hồ bơi và phòng tập thể dục trong thời gian lưu trú. - Miễn phí Wi-Fi trong toàn bộ khu vực khách sạn. - Miễn phí trà, cà phê và 02 chai nước suối trong phòng mỗi ngày.","- Liên hệ tư vấn và hỗ trợ đặt dịch vụ: Hotline: (028) 73003799 - ĐT/ Zalo: 0354 466 968 - Email: booking@hotdeal.vn. (Giờ làm việc: từ 8h30 đến 17h00 thứ 2 đến thứ 6; 8h30 đến 12h00 thứ 7 hàng tuần). - Thanh toán tiền mặt, thanh toán online qua thẻ ATM (có đăng ký internet banking)/ Thẻ tín dụng Visa/Master để nhận mã e-voucher qua tin nhắn SMS miễn phí. - Thời hạn sử dụng voucher: đến 31/12/2026. - Địa điểm sử dụng voucher: Mường Thanh Luxury Hotel Đà Nẵng 5* Địa chỉ: 270 Võ Nguyên Giáp, Phường Mỹ An, Quận Ngũ Hành Sơn, TP. Đà Nẵng. - VOUCHER BAO GỒM: + 2N1Đ nghỉ dưỡng phòng Superior Twin dành cho 02 khách. + Áp dụng cho giai đoạn lưu trú từ: từ 01/03/2026 đến 31/12/2026. + Áp dụng cho các ngày lưu trú trong tuần từ Chủ nhật đến thứ 5. + Qúy khách vui lòng liên hệ Hotdeal để check tình trạng phòng trước khi thanh toán. + Quý Khách lưu trú thứ 6, thứ 7: Phụ thu 300.000 VNĐ/ Phòng/ Đêm (cùng hạng phòng). + Bao gồm ăn sáng mỗi ngày cho 2 khách/phòng/đêm. + Sử dụng miễn phí hồ bơi, phòng tập thể dục. + Sử dụng miễn phí internet không dây. + Miễn phí trà, cà phê và 02 chai nước suối trong phòng mỗi ngày. + Phí điểm tâm sáng không được hoàn trả nếu không sử dụng. + Miễn phí 01 trẻ em dưới 6 tuổi, bé thứ 2 phụ thu như bé 6 – 11 tuổi. + Khách hàng vui lòng liên hệ booking, check phòng trước khi thanh toán theo điện thoại: 028.73003799 - ĐT/ Zalo: 0354466968 hoặc theo Email: booking@hotdeal.vn. - VOUCHER KHÔNG BAO GỒM: + Chi phí cá nhân, giặt ủi. + Nước uống minibar, điện thoại, giặt là, các chi phí cá nhân khác. + Chi phí vận chuyển đến khách sạn và ngược lại. + Các dịch vụ không có trong mục “Voucher Bao gồm"". + Phụ thu giai đoạn lễ tết: Liên hệ Hotline. - QUY ĐỊNH PHỤ THU: + Phụ thu cuối tuần (thứ 6, thứ 7) giai đoạn 01/06/2026 – 31/07/2026: 300,000đ/Phòng/Đêm - cùng hạng phòng. + Quý khách lưu trú ngày lễ tết có phụ thu. + Phụ thu giai đoạn lễ tết: Liên hệ Hotline. + Phụ thu nâng cấp lên hạng phòng: Deluxe Twin/King, Deluxe Ocean View Twin/King, Grand Suite, Presidential Suite: Liên hệ hotline. - QUY ĐỊNH NÂNG CẤP: + Phụ thu nâng cấp phòng Chủ nhật - thứ 5: Liên hệ Hotline. + Phụ thu nâng cấp phòng thứ 6, thứ 7: Liên hệ Hotline. + Phụ thu nâng cấp phòng ngày lễ: Liên hệ Hotline. - CHÍNH SÁCH TRẺ EM VÀ NGƯỜI LỚN PHÁT SINH: + Trẻ em dưới 6 tuổi ở chung với bố mẹ, miễn phí ăn sáng. Tối đa 02 trẻ/phòng. + Trẻ em từ 6-12 tuổi ở chung với bố mẹ, phụ thu: 150,000 VNĐ/trẻ/đêm. + Trẻ em từ 12 tuổi trở lên, tính như người lớn: · Phụ thu người thứ 3 (không kê giường phụ): 300,000 VNĐ/đêm (bao gồm ăn sáng). · Phụ thu người thứ 3: bao gồm Giường phụ và ăn sáng: 500,000 VNĐ/đêm. Mỗi phòng chỉ được kê tối đa 01 giường phụ. ***Giường phụ chỉ kê được ở phòng Deluxe King, Deluxe Ocean King và Grand Suite. - QUY ĐỊNH ĐẶT/ HỦY PHÒNG: + Khách hàng vui lòng liên hệ Hotdeal để kiểm tra tình trạng phòng trước khi thanh toán. + Khách hàng đặt phòng trước ít nhất 10 ngày. + Trường hợp thay đổi về ngày sử dụng chỉ áp dụng ngày thường, quý khách vui lòng thông báo ít nhất 02 ngày trước ngày nhận phòng (chỉ giải quyết 01 lần thay đổi) và tùy thuộc vào tình trạng phòng của Khách sạn. + Trường hợp khách đã đặt phòng nhưng không sử dụng hoặc báo đổi lịch ít hơn 02 ngày, E-Voucher được tính là đã sử dụng. + E-Voucher không có giá trị quy đổi thành tiền, không được hoàn tiền khi khách không sử dụng trong thời gian E-Voucher còn hiệu lực, không gia hạn khi voucher hết hạn sử dụng. + Chấp nhận ghép nhiều E-Voucher để sử dụng nhiều ngày. - Quy định về thời gian nhận và trả phòng: · Giờ nhận phòng: bắt đầu từ 14:00 và giờ trả phòng trước 12:00 trưa. + Không áp dụng đồng thời với các chương trình khuyến mãi khác. TẤT CẢ CÁC KHOẢN PHỤ THU QUÝ KHÁCH HÀNG THANH TOÁN TẠI HOTDEAL.","13 đã mua","","2026-08-26T20:48:32.366712"
"www.hotdeal.vn","https://www.hotdeal.vn/ho-chi-minh/nha-hang-sang-trong/de-nhat-buffet-thu-7-cuoi-tuan-sang-xin-ben-ho-boi-371339.html","Đệ Nhất - Buffet Thứ 7 Cuối Tuần Sang Xịn Bên Hồ Bơi","349000","314000","https://static.hotdeal.vn/images/1737/1736740/400x400/371339-de-nhat-buffet-thu-7-cuoi-tuan-sang-xin-ben-ho-boi.jpg","- Buffet hải sản cao cấp tại Khách sạn Đệ Nhất với hơn 40 món ăn đa dạng từ hải sản, món nướng, lẩu, món nóng, salad, món chay đến tráng miệng. - Hấp dẫn nhất là quầy hải sản hấp dẫn với tôm rang muối, sò nướng, ốc nướng cùng nhiều món chế biến nóng hổi. - Phục vụ nhiều món chay thanh đạm, ngon miệng cho thực khách. - Không gian sân vườn bên hồ bơi rộng rãi, thoáng mát, thích hợp cho những buổi sum họp gia đình, gặp gỡ bạn bè hay liên hoan, sinh nhật... - Phục vụ vào tối thứ 7 hàng tuần, mang đến trải nghiệm ẩm thực cuối tuần thú vị, thư giãn cho đông đảo thực khách. - Tham khảo menu tại đây .","- Thời hạn sử dụng voucher: từ 22/08/2026 đến 22/11/2026. - Địa điểm sử dụng voucher: Khu Hoa Viên Hồ Bơi - Khách sạn Đệ Nhất – 18 Hoàng Việt, Phường Tân Sơn Nhất, Tp.HCM. Hotline hỗ trợ: ĐT: 0919 898 257 - 028 3844 1199 – 028 3846 2944. - Voucher áp dụng cho: Buffet cuối tuần bên hồ bơi - Thứ 7 hàng tuần với đa dạng hương vị của hơn 40 món đặc sắc, từ hải sản tươi ngon đến các món ăn tinh tế đã gồm tráng miệng và nước uống như nước ngọt, nước sâm, nước suối. - Tham khảo menu tại đây . - Khung giờ phục vụ buffet: 18h00 – 21h00. - Quy định sử dụng: Áp dụng 01 voucher/ 01 người/ 01 suất (Khách hàng không cần bù thêm bất kỳ chi phí nào). - Chính sách thuế & hóa đơn: Giá trên voucher đã bao gồm thuế VAT. Khách sạn sẽ xuất hóa đơn tài chính trực tiếp khi khách hàng có yêu cầu. - Quy định đặt chỗ trước: Quý khách vui lòng liên hệ Hotline đặt bàn trước khi đến. - Đối với trẻ em: + Dưới 1m2: thanh toán trực tiếp tại nhà hàng 179.000 đ/ 01 bé. + Từ 1m2: tính như vé người lớn. - Một khách hàng được mua nhiều phiếu. Không áp dụng cho mang về. - Không áp dụng đồng thời với các chương trình khuyến mãi khác. - Phiếu không có giá trị quy đổi thành tiền mặt, không trả lại tiền thừa. - Thanh toán online nhận ngay voucher điện tử.","17 đã mua","","2026-08-26T20:48:34.737473"
"www.hotdeal.vn","https://www.hotdeal.vn/ho-chi-minh/nha-hang-sang-trong/towa-japanese-cuisine-tang-28-sedona-suites-omakase-cao-cap-cho-1-nguoi-371316.html","Towa Japanese Cuisine Tầng 28 Sedona Suites - Omakase Cao Cấp Cho 1 Người","4500000","2800000","https://static.hotdeal.vn/images/1737/1736656/400x400/371316-towa-japanese-cuisine-tang-28-sedona-suites-omakase-cao-cap-cho-1-nguoi.jpg","- Trải nghiệm bữa ăn Premium Omakase cao cấp dành cho 01 người tại TOWA Japanese Cuisine & Lounge. - Khám phá nghệ thuật Omakase Nhật Bản, nơi đầu bếp trực tiếp tuyển chọn nguyên liệu tươi ngon và sáng tạo thực đơn theo ngày. - Thưởng thức bữa ăn trong phòng VIP riêng tư, mang đến không gian sang trọng và đẳng cấp. - Mỗi món ăn được đầu bếp chế biến trực tiếp ngay tại phòng, kết hợp chia sẻ câu chuyện về nguyên liệu và cảm hứng sáng tạo. - Tận hưởng tầm nhìn toàn cảnh Sài Gòn từ tầng 28 Sedona Suites, tạo nên trải nghiệm ẩm thực trọn vẹn cả về vị giác lẫn không gian. - Phù hợp cho những thực khách yêu thích ẩm thực Nhật Bản cao cấp, tiếp khách, kỷ niệm hoặc tự thưởng cho bản thân một trải nghiệm khác biệt.","- Thời hạn sử dụng voucher: từ 31/07/2026 đến 31/07/2027. - Địa điểm sử dụng voucher: Towa Japanese Cuisine & Louge - Tầng 28 Sedona Suites (Bên cạnh Sài Gòn Center) 92-94 Nam Kỳ Khởi Nghĩa, Phường Sài Gòn, TP. Hồ Chí Minh. - Khách hàng mua voucher Hotdeal, vui lòng liên hệ đặt chỗ trước 24 giờ khi đến theo số hotline: 0903 116 038. - Việc đặt bàn phụ thuộc vào tình trạng chỗ trống và khả năng phục vụ của nhà hàng. - Voucher áp dụng cho Omakase cao cấp cho 1 người - Khám phá thế giới Omakase đỉnh cao tại Towa - Thực khách sẽ trải nghiệm Premium Omakase trong không gian phòng VIP sang trọng, với tầm nhìn toàn cảnh từ tầng 28. - Đặc biệt là tại Towa, từng món ăn được chế biến và sáng tạo bởi đầu bếp riêng ngay tại phòng, mang đến sự hoàn hảo qua từng hương vị và câu chuyện ẩn chứa trong mỗi nguyên liệu. - Thời gian phục vụ: Mỗi ngày 11h30-22h00 l Last order 21h45. - Sử dụng 01 voucher/ 01 người (01 người). Giá đã bao gồm VAT và phí phục vụ. - Khách hàng phải xuất trình mã voucher hợp lệ trước khi sử dụng dịch vụ. - Mỗi voucher chỉ được sử dụng một lần, cho một bàn và một hóa đơn. - Voucher không được quy đổi thành tiền mặt, không hoàn lại tiền thừa và không dùng để mua voucher hoặc thẻ - Không áp dụng đồng thời với MBS Card, ưu đãi thành viên, chiết khấu 15%, voucher tiền mặt hoặc chương trình khuyến mãi khác. - Không tách bàn, gộp bàn hoặc tách hóa đơn nhằm sử dụng nhiều ưu đãi cho cùng một nhóm khách. - Phần phát sinh ngoài nội dung voucher được thanh toán theo giá niêm yết hiện hành của nhà hàng. - Voucher không áp dụng vào ngày lễ, Tết và các dịp đặc biệt theo thông báo của nhà hàng (1/1, 14/2, 8/3, 30/4, 1/5, 1/6, 2/9, 24/12, 31/12). - Hình ảnh món ăn chỉ mang tính chất minh họa. Một số nguyên liệu có thể được thay thế bằng sản phẩm có giá trị tương đương khi cần thiết. - Khách hàng vui lòng thông báo trước về dị ứng thực phẩm hoặc yêu cầu ăn uống đặc biệt. Nhà hàng sẽ hỗ trợ trong phạm vi có thể. - Thanh toán online nhận ngay voucher điện tử.","14 đã mua","","2026-08-26T20:48:37.295325"
"www.hotdeal.vn","https://www.hotdeal.vn/ho-chi-minh/nha-hang-sang-trong/ros-yacht-club-set-menu-an-toi-tai-nha-hang-ben-song-sai-gon-371321.html","ROS - Yacht Club - Set Menu Ăn Tối Tại Nhà Hàng Bên Sông Sài Gòn","1125000","960000","https://static.hotdeal.vn/images/1737/1736585/400x400/371321-ros-yacht-club-set-menu-an-toi-tai-nha-hang-ben-song-sai-gon.jpg","- Thưởng thức ẩm thực tại nhà hàng ROS Yacht Club sang trọng ngay Bến Bạch Đằng. - Tầm nhìn hướng thẳng ra sông Sài Gòn, ngắm trọn vẻ đẹp của dòng sông cùng những tòa nhà biểu tượng của thành phố. - Không gian hiện đại, tinh tế, phù hợp cho hẹn hò, kỷ niệm, gặp gỡ đối tác, tiếp khách hoặc sum họp gia đình. - Thực đơn được chế biến từ nguyên liệu chất lượng, kết hợp hài hòa giữa phong cách ẩm thực Á – Âu đương đại. - Với voucher của Hotdeal, thực khách được thưởng thức bữa tối với set menu 5 món cao cấp như cá vược áp chảo, bò ăn ngũ cốc nướng than và các món khai vị, tráng miệng thơm ngon. - Vị trí ngay trung tâm TP. Hồ Chí Minh, thuận tiện di chuyển và dễ dàng kết hợp tham quan khu vực Bến Bạch Đằng. - Tham khảo menu tại đây .","- Thời hạn sử dụng voucher: đến 30/12/2026. - Địa điểm sử dụng voucher: ROS YACHT CLUB - Địa chỉ đón khách: Bến Bạch Đằng - 10B Tôn Đức Thắng, Phường Sài Gòn, Tp. Hồ Chí Minh. - Khách hàng mua voucher, liên hệ đặt chỗ trước khi đến theo số hotline: 0903 796 236 - Voucher áp dụng cho: Set menu ăn tối cấp cấp ngắm cảnh tại nhà hàng bên sông Sài Gòn ROS Yacht Club: Giá ưu đãi chỉ 960.000 vnđ (giá gốc 1.125.000 vnđ ưu đãi 20%). - Thời gian phục từ 18h - 22h (Last order 21h). Set ăn bao gồm: 1/ Salad dứa, bạch tuộc và rong nho, xốt chua cay; 2/ Súp hải sản măng tây; 3/ Cá vược áp chảo, xốt bơ tomyum, mỳ xào trứng; 4/ Bò ăn ngũ cốc nướng than, khoai tây ngàn lớp, cà rốt baby, xốt tiêu Tứ Xuyên; 5/ Bánh phô mai vị tắc, thạch mâm xôi, kem mè đen. - Ăn tối phục vụ ở khu vực garden ngoài trời. Trường hợp thời tiết xấu, nhà hàng sẽ chủ động sắp xếp khu vực trong nhà. - Sử dụng 01 voucher/ 01 người. Giá đã bao gồm VAT và phí phụ vụ. Không áp dụng cho ngày đặc biệt và Lễ, Tết. - Không áp dụng đồng thời với các chương trình khuyến mãi khác và các thực đơn đặc biệt. - Vui lòng đặt bàn trước khi sử dụng dịch vụ. - Không áp dụng vào các ngày Lễ Tết hoặc những dịp đặc biệt. - ROS có quyền kiểm soát và quyết định các điều khoản và điều kiện này. - Thanh toán online nhận ngay voucher điện tử.","9 đã mua","","2026-08-26T20:48:39.893749"
"www.hotdeal.vn","https://www.hotdeal.vn/ho-chi-minh/lau-nuong/nihaoniu-hotpot-tinh-hoa-am-thuc-trieu-chau-hao-hang-371309.html","Nihaoniu Hotpot - Tinh Hoa Ẩm Thực Triều Châu Hảo Hạng","400000","299000","https://static.hotdeal.vn/images/1737/1736509/400x400/371309-nihaoniu-hotpot-tinh-hoa-am-thuc-trieu-chau-hao-hang.jpg","- Nihaoniu Hotpot – Tinh hoa ẩm thực Triều Châu! - Nihaoniu Hotpot là nhà hàng lẩu bò tươi Triều Châu, mang đến những trải nghiệm ẩm thực đặc sắc với 100% thịt bò thượng phẩm tinh tuyển. - Các nhóm món chính trong menu nhà hàng được tuyển chọn theo đúng tinh thần ẩm thực Triều Châu tinh tế – nguyên vị – đủ đầy: + 5 vị nước lẩu đặc trưng: Xương bò hầm, cà chua, Tứ Xuyên nguyên bản, uyên ương 2 vị. + Thịt bò tươi đa dạng: bắp, thăn, gù, cuống tim, lá sách, bò viên, lòng thập cẩm + Món nướng kiểu Hoa: xiên bò, gà nướng, hải sản nướng – ướp vừa ăn, nướng vừa tay + Rau, nấm, tàu hũ tươi mỗi ngày: hơn 20 loại topping nhúng lẩu + Món ăn kèm: miến dẹt, mì gói, trứng cút, tôm tươi, chả tôm + Quầy sốt tự chọn: hơn 16 loại nước chấm và nguyên liệu pha riêng theo khẩu vị + Đồ uống đa dạng: nước trái cây, trà hoa, bia, rượu và nước giải khát - Giá hợp lý, món phong phú – phù hợp cho nhóm bạn, gia đình hoặc những buổi liên hoan thân mật. - Các món ăn tại đây không chỉ tươi ngon mà còn bổ dưỡng, tốt cho sức khỏe, trở thành một giải pháp đột phá cho câu chuyện ""ăn gì, ở đâu"" của bạn. - Voucher áp dụng cho: Toàn menu tinh hoa ẩm thực Triều Châu hảo hạng bao gồm cả món ăn và nước uống (trừ các combo trong menu). - Tham khảo menu tại đây .","- Thời hạn sử dụng voucher: từ 24/07/2026 đến 24/10/2026. - Địa điểm sử dụng voucher: Hệ thống Nihaoniu Hotpot: 1. CN Quận 1: 94 Hồ Tùng Mậu, Phường Sài Gòn, Tp.HCM. Hotline: 0764365111. 2. CN Quận 3: 69 Phạm Ngọc Thạch, Phường Xuân Hòa, Tp.HCM. Hotline: 0767365111. 3. CN Thảo Điền: 16 Quốc Hương, Phường An Khánh, Tp.HCM. Hotline: 0842365111. - Fanpage: https://www.facebook.com/profile.php?id=100094137158994 - Áp dụng cho: Toàn menu tinh hoa ẩm thực Triều Châu hảo hạng bao gồm cả món ăn và nước uống (trừ các combo trong menu). - Tham khảo menu tại đây . - Thời gian áp dụng: Không áp dụng lễ. + Quận 1: 10h30 – 23h, tất cả các ngày trong tuần. + Quận 3 + Thảo Điền: 10h30 - 22h30, tất cả các ngày trong tuần. - Không giới hạn số lượng voucher/ hóa đơn. - Khách hàng thanh toán thêm tiền chênh lệch nếu trị giá hóa đơn thanh toán vượt quá giá trị voucher. - Giá trên chưa bao gồm VAT. Nhà hàng luôn thu VAT khi ra bill theo giá bán voucher, khách hàng thanh toán VAT tại nhà hàng. - Không áp dụng chung voucher tiền mặt, voucher combo Hotdeal/ cùng chương trình khuyến mãi khác tại nhà hàng. - Áp dụng tại chỗ và mua mang về. - Một khách hàng được mua nhiều phiếu. - Khách hàng vui lòng xuất trình voucher trước khi sử dụng dịch vụ. - Khách hàng vui lòng đặt chỗ trước khi đến để được phục vụ tốt nhất. Nhà hàng không bảo đảm chỗ ngồi cho khách nếu không đặt chỗ. - Không áp dụng đồng thời với các chương trình khuyến mãi khác. - Phiếu không có giá trị quy đổi thành tiền mặt, không trả lại tiền thừa. - Thanh toán online nhận ngay voucher điện tử.","37 đã mua","","2026-08-26T20:48:44.201778"
"www.hotdeal.vn","https://www.hotdeal.vn/ho-chi-minh/buffet-viet-nhat-han/yuhua-hoang-hoa-tham-buffet-lau-dai-loan-hon-80-mon-nhung-371293.html","Yuhua Hoàng Hoa Thám - Buffet Lẩu Đài Loan Hơn 80 Món Nhúng","269000","242000","https://static.hotdeal.vn/images/1736/1736368/400x400/371293-yuhua-hoang-hoa-tham-buffet-lau-dai-loan-hon-80-mon-nhung.jpg","- Yuhua Special - Taiwanese Hotpot Paradise chuyên phục vụ buffet lẩu Đài Loan chạy chuyền trên thố với nhiều loại nước lẩu đặc sắc và nguyên liệu nhúng lẩu thượng hạng, rất thích hợp cho những ai muốn đổi vị hay muốn khám phá ẩm thực chuẩn vị xứ Đài. - Buffet lẩu Đài Loan – The Real All In One với 6 vị lẩu cho bạn lựa chọn: Lẩu Beauty Yuhua/ Lẩu Nấm Trường Thọ/ Lẩu Tomyum/ Lẩu Cà Chua/ Lẩu Malah Đài Loan/ Lẩu Thảo Mộc. - Hơn 80 món nhúng đa dạng từ thịt bò Mỹ, bò Úc cao cấp, hải sản, các loại thịt thượng hạng, rau củ, thịt viên tươi ngon. - Nước lẩu thanh ngọt tự nhiên, kết hợp cùng các loại gia vị dậy mùi thơm đặc trưng của ẩm thực Đài Loan. - Nồi lẩu Yuhua gồm 2 ngăn đúng chất ẩm thực Đài Loan. Hai vị lẩu cay - không cay đối lập đem đến cho thực khách nhiều trải nghiệm hơn. - Các món tráng miệng cũng đa dạng không kém với nhiều loại kem, trái cây, chè, nước uống… - Không gian mang đậm phong cách thiết kế xứ Đài, vừa sang trọng, lãng mạn, vừa ngọt ngào, gần gũi, thích hợp cho việc tổ chức tiệc sinh nhật, liên hoan hay sum họp gia đình, bè bạn… - Tham khảo menu tại đây .","- Thời hạn sử dụng voucher: từ 18/07/2026 đến 18/10/2026. - Địa điểm sử dụng: Yuhua Special - Taiwanese Hotpot Paradise: 63B Hoàng Hoa Thám, Phường Tân Bình, Tp.HCM. ĐT: 0386 278 988. - Fanpage: https://www.facebook.com/yuhuahotpot/ - Voucher áp dụng cho: Thiên đường lẩu Đài Loan – The Real All In One với 6 vị lẩu và hơn 80 món nhúng chạy chuyền trên thố gồm hải sản, bò Mỹ cao cấp, các loại thịt thượng hạng, gồm: + Khách hàng lựa chọn 1 đến 2 hương vị lẩu sau: Lẩu Beauty Yuhua/ Lẩu Nấm Trường Thọ/ Lẩu Tomyum/ Lẩu Cà Chua/ Lẩu Malah Đài Loan/ Lẩu Thảo Mộc. + Giá đã bao gồm quầy buffet line. + Các loại nước uống & tráng miệng không giới hạn thay đổi theo ngày (sâm bí đao, mía lau, Coca, Fanta, Sprite, kem, yaourt, bánh gato, chè, trái cây). - Tham khảo menu tại đây. 1/ Buffet lẩu trưa thứ 2 đến thứ 6 ưu đãi giảm chỉ còn 242,000đ (giá gốc 269,000đ). 2/ Buffet lẩu tối thứ 2 đến thứ 6 & cả ngày thứ 7, chủ nhật ưu đãi giảm chỉ còn 270,000đ (giá gốc 299,000đ). - Thời gian áp dụng (không áp dụng lễ): + Buffet trưa thứ 2 đến thứ 6: 11h – 16h + Buffet tối thứ 2 đến thứ 6 & cả ngày thứ 7, chủ nhật: 11h – 16h & 16h – 22h - Không áp dụng chung với các chương trình khuyến mãi khác tại nhà hàng. - Sử dụng 01 voucher/ 01 người/ 01 suất buffet (không bù tiền). Không giới hạn số lượng voucher/ hóa đơn. - Đối với trẻ em: + Dưới 1m: Miễn phí + Từ 1m – dưới 1m3 đi kèm người lớn: thanh toán trực tiếp 30% vé người lớn theo giá niêm yết tại nhà hàng + Từ 1m3 trở lên: tính như vé người lớn - Giá chưa bao gồm VAT. Nhà hàng luôn phụ thu VAT khi ra bill (theo đúng số tiền khách hàng mua trên voucher). - Một khách hàng được mua nhiều phiếu. - Không áp dụng cho mua mang về. - Không áp dụng đồng thời với các chương trình khuyến mãi khác. - Khách hàng vui lòng đặt chỗ trước khi đến để được phục vụ tốt nhất. - Phiếu không có giá trị quy đổi thành tiền mặt, không trả lại tiền thừa. - Thanh toán online nhận ngay voucher điện tử.","22 đã mua","","2026-08-26T20:48:46.085863"
"www.hotdeal.vn","https://www.hotdeal.vn/ho-chi-minh/nha-hang-au/ham-ruou-aum-wincellar-set-menu-craft-beer-ruou-vang-cho-2-nguoi-371291.html","Hầm Rượu Aum Wincellar - Set Menu Craft Beer/ Rượu Vang Cho 2 Người","1066000","495000","https://static.hotdeal.vn/images/1736/1736346/400x400/371291-ham-ruou-aum-wincellar-set-menu-craft-beer-ruou-vang-cho-2-nguoi.jpg","- Aum Wincellar là hầm rượu cổ duy nhất tại Sài Gòn. Đến đây, bạn có thể thỏa sức thưởng thức những loại vang thượng hạng đến từ các nước phương Tây như Pháp, Ý, Mỹ, Tây Ban Nha, Bồ Đào Nha, Đức, Nga,… cùng những món ăn đặc sắc được chế biến bởi Bếp trưởng 5 sao. - Không gian giải trí sành điệu, lãng mạn, sang trọng, thích hợp là nơi thư giãn, hẹn hò, gặp mặt lý tưởng cho tất cả mọi người. - Hầm rượu Aum Wincellar nằm ngay trung tâm Quận 1, thuận tiện đi lại. - Voucher áp dụng cho Set menu craft beer dành cho 2 người với sự kết hợp hoàn hảo giữa các món ăn hấp dẫn và bia thủ công/ rượu vang. Đây là sự lựa chọn lý tưởng để thưởng thức cùng bạn bè, người thân, hay đồng nghiệp trong những dịp tụ họp vui vẻ.","- Thời hạn sử dụng voucher: từ 17/07/2026 đến 17/10/2026. - Địa điểm áp dụng voucher: Hầm rượu Aum Wincellar - 06 Hồ Tùng Mậu, Phường Sài Gòn, Tp.HCM. Hotline: 090 2575550. - Áp dụng: Set menu craft beer dành cho 2 người, gồm: + 01 chả ram tôm đất Miền Trung + 01 xúc xích Mexico + 01 salad dầu giấm + 01 phô mai sợi Nga + Khách hàng chọn bia thủ công hoặc rượu vang như sau: * 08 ly bia thủ công: 2 ly Mild Ale; 2 ly Mild Stout Craft beer (black); 2 ly Amber Craft beer (đỏ); 2 ly Hefeweizan Craft beer (vàng). * 01 chai rượu vang. - Thời gian áp dụng: 10h - 22h, tất cả các ngày trong tuần, kể cả Lễ. - Áp dụng 01 voucher/ 01 set/ 02 khách (không bù tiền). - Không áp dụng phòng riêng. - Chỉ áp dụng tại chỗ, không áp dụng mua mang về. - Giá chưa bao gồm 8% VAT, nhà hàng luôn xuất hóa đơn VAT khi ra bill. Khách hàng thanh toán VAT tại nhà hàng. - Một khách hàng có thể mua nhiều phiếu. - Khách hàng liên hệ đặt chỗ trước khi đến để được phục vụ tốt nhất. - Không áp dụng đồng thời với các chương trình khuyến mãi khác. - Phiếu không có giá trị quy đổi thành tiền mặt, không trả lại tiền thừa. - Thanh toán online nhận ngay voucher điện tử.","10 đã mua","","2026-08-26T20:48:48.615294"
"www.hotdeal.vn","https://www.hotdeal.vn/ho-chi-minh/banh/northern-charm-hotel-trai-nghiem-tra-chieu-dang-cap-cho-2-nguoi-370957.html","Northern Charm Hotel - Trải Nghiệm Trà Chiều Đẳng Cấp Cho 2 Người","600000","510000","https://static.hotdeal.vn/images/1734/1733544/400x400/370957-northern-charm-hotel-trai-nghiem-tra-chieu-dang-cap-cho-2-nguoi.jpg","- Set trà chiều thượng hạng cho 2 người tại Northern Charm Hotel - nơi hương vị bánh ngọt, trà thơm và không gian sang trọng hòa quyện tuyệt vời. - Là khoảnh khắc để bạn sống chậm lại, tận hưởng sự bình yên giữa cuộc sống tất bật. - Thực đơn hấp dẫn được chuẩn bị bởi đội ngũ đầu bếp tài năng: trà hoa cúc, trà nhài, sữa tươi, mật ong, bánh quy, mứt, sữa chua, bánh sừng bò, bánh mì socola cuộn, bánh nướng xốp, bánh ngọt vị socola, trái cây. - Tiệc trà được phục vụ tại The Twelve Café - Tầng trệt, Northern Charm Hotel với không gian đẳng cấp, tầm nhìn tuyệt đẹp. - Tham khảo menu tại đây .","- Thời hạn sử dụng voucher: từ 10/03/2026 đến 10/03/2027. - Địa điểm sử dụng voucher: The Twelve - Tầng trệt, Northern Charm Hotel - 12 Lý Tự Trọng, Phường Sài Gòn, Tp.HCM. Hotline: 0902 286 689 hoặc 028 3822 5252. - Voucher áp dụng cho: 01 set trà chiều bao gồm trà, sandwich, yogurt, bánh ngọt và các loại trái cây dành cho 02 người. Tham khảo menu tại đây . - Thời gian áp dụng: từ 14h – 16h30 tất cả các ngày trong tuần. Không áp dụng các ngày lễ và các ngày đặc biệt khác của nhà hàng. - Sử dụng 01 voucher/01 set (không bù tiền). Không giới hạn số lượng voucher/hóa đơn. - Áp dụng tại chỗ. Không áp dụng cho mang về. - Đã bao gồm VAT và phí phục vụ. Khách sạn có trách nhiệm xuất hóa đơn khi khách hàng yêu cầu. Thông tin hóa đơn phải được cung cấp trước 23:00 cùng ngày sử dụng dịch vụ. Sau thời gian này khách sạn sẽ không giải quyết. - Khách hàng vui lòng xuất trình voucher trước khi sử dụng dịch vụ. - Một khách hàng có thể mua nhiều phiếu. - Khách hàng vui lòng đặt chỗ trước khi đến. Trường hợp không đặt chỗ trước, nhà hàng xin phép được cáo lỗi nếu không còn chỗ trống. - Không áp dụng đồng thời với các chương trình khuyến mãi, giảm giá hoặc voucher khác. - Không có giá trị quy đổi thành tiền, không hoàn trả tiền thừa. - Thanh toán online nhận ngay voucher điện tử.","72 đã mua","","2026-08-26T20:48:51.112177"
"www.hotdeal.vn","https://www.hotdeal.vn/ho-chi-minh/nha-hang-sang-trong/northern-charm-hotel-combo-am-thuc-ve-boi-cho-1-2-khach-370956.html","Northern Charm Hotel - Combo Ẩm Thực & Vé Bơi Cho 1-2 Khách","550000","495000","https://static.hotdeal.vn/images/1734/1733537/400x400/370956-northern-charm-hotel-combo-am-thuc-ve-boi-cho-1-2-khach.jpg","- Voucher áp dụng cho: Trọn gói ăn uống và sử dụng hồ bơi, gồm: + Chọn 01 trong 03 set menu dành cho 01 – 02 người. + 01 hoặc 02 vé bơi (tùy set menu) + Miễn phí sử dụng khăn tắm - Tọa lạc trên tầng cao nhất của khách sạn, hồ bơi vô cực Northern Charm mang đến tầm nhìn toàn cảnh thành phố tuyệt đẹp, nơi bạn có thể thư giãn trong làn nước mát lành, thả mình giữa không trung và tận hưởng cảm giác an yên sau những giờ làm việc căng thẳng. - Các set menu hấp dẫn mang phong cách phương Tây hiện đại, được chế biến tỉ mỉ từ nguyên liệu tươi ngon. - Phục vụ chu đáo, mang đến cho thực khách những trải nghiệm hoàn hảo, đáng nhớ nhất. - Tham khảo menu tại đây .","- Thời hạn sử dụng voucher: từ 10/03/2026 đến 10/03/2027. - Địa điểm sử dụng voucher: Hồ Bơi - Tầng 17, Northern Charm Hotel - 12 Lý Tự Trọng, Phường Sài Gòn, Tp.HCM. Hotline: 0902 286 689 hoặc 028 3822 5252. - Voucher áp dụng cho: Trọn gói ăn uống và sử dụng hồ bơi, gồm: + Chọn 01 trong 03 set menu dành cho 01 – 02 người. + 01 hoặc 02 vé bơi (tùy set menu). + Miễn phí sử dụng khăn tắm. - Tham khảo menu tại đây . 1/ Set menu 1 + 01 Đồ uống + 01 Vé bơi: ưu đãi giảm chỉ còn 495,000đ (giá gốc 550,000đ). 2/ Set menu 2 + 02 Đồ uống + 02 Vé bơi: ưu đãi giảm chỉ còn 855,000đ (giá gốc 950,000đ). 3/ Set menu 3 + 02 Đồ uống + 02 Vé bơi: ưu đãi giảm chỉ còn 1,125,000đ (giá gốc 1,250,000đ). - Thời gian áp dụng: từ 8h – 16h tất cả các ngày trong tuần. Không áp dụng các ngày lễ và các ngày đặc biệt khác của nhà hàng. - Sử dụng 01 voucher/01 set + vé bơi (không bù tiền). Không giới hạn số lượng voucher/hóa đơn. - Áp dụng tại chỗ. Không áp dụng cho mang về. - Đã bao gồm VAT và phí phục vụ. Khách sạn có trách nhiệm xuất hóa đơn khi khách hàng yêu cầu. Thông tin hóa đơn phải được cung cấp trước 23:00 cùng ngày sử dụng dịch vụ. Sau thời gian này khách sạn sẽ không giải quyết. - Khách hàng vui lòng xuất trình voucher trước khi sử dụng dịch vụ. - Một khách hàng có thể mua nhiều phiếu. - Khách hàng vui lòng đặt chỗ trước khi đến. Trường hợp không đặt chỗ trước, nhà hàng xin phép được cáo lỗi nếu không còn chỗ trống. - Không áp dụng đồng thời với các chương trình khuyến mãi, giảm giá hoặc voucher khác. - Không có giá trị quy đổi thành tiền, không hoàn trả tiền thừa. - Thanh toán online nhận ngay voucher điện tử.","71 đã mua","","2026-08-26T20:48:54.109197"
"www.hotdeal.vn","https://www.hotdeal.vn/ho-chi-minh/nha-hang-sang-trong/du-thuyen-ben-thanh-princess-5-sao-set-menu-ngam-song-sai-gon-370825.html","Du Thuyền Bến Thành Princess 5 Sao - Set Menu + Ngắm Sông Sài Gòn","995000","850000","https://static.hotdeal.vn/images/1732/1732304/400x400/370825-du-thuyen-ben-thanh-princess-5-sao-set-menu-ngam-song-sai-gon.jpg","- CHỌN BENTHANH PRINCESS - CHỌN TRẢI NGHIỆM SANG TRỌNG, AN TOÀN & KHÁC BIỆT! - Du thuyền có 3 tầng với không gian sang trọng mang phong cách kiến trúc nhiệt đới hiện đại. - Du thuyền duy nhất trên sông Sài Gòn sở hữu hệ thống 18 phòng VIP. - Hành trình du ngoạn độc đáo. - Ẩm thực đa dạng với những thực đơn cao cấp theo phong cách Á, Âu. - Chương trình nghệ thuật đặc sắc diễn ra hằng ngày. - Thiết bị trình chiếu và hệ thống âm thanh tiêu chuẩn phục vụ hội nghị, sự kiện,… - LỊCH TRÌNH HOẠT ĐỘNG CỦA TÀU: Buổi tối: Giờ đón khách: 18h; Giờ tàu xuất bến: 19h30; Giờ tàu cập bến: 21h30.","- Thời hạn sử dụng voucher: đến 30/12/2026. - Quý khách sử dụng vào các dịp lễ tết có phụ thu – các ngày 30/04, 01/05, 02/09, 24/12 và 31/12. - Địa chỉ đón khách: Cảng Hành khách Tàu biển – Cảng Sài Gòn, số 5 Nguyễn Tất Thành, phường 13, quận 4. - Khách hàng mua voucher, liên hệ tư vấn và đặt chỗ theo: 1. Hotline: 19006760 (Giờ làm việc: từ 8h30 đến 17h thứ 2 đến thứ 6; 8h30 đến 12h00 thứ 7 hàng tuần). 2. Email: cs@hotdeal.vn 3. Inbox: https://www.facebook.com/Hotdeal.hochiminh/ - Voucher áp dụng cho: Ăn tối theo các set menu cao cấp kết hợp du ngoạn trên sông Sài Gòn trên Du thuyền nhà hàng Bến Thành Princess: 1/ Thực đơn trẻ em từ 6 đến 11 tuổi như sau: + Thực đơn trẻ em Pluto (Pluto Kid Menu) giá 850.000đ + Thực đơn trẻ em Donald (Donald Kid Menu) giá 850.000đ 2/ Thực đơn ăn chay bao gồm 2 set menu cao cấp như sau: + Thực đơn chay 4 món (Vegetarian 4 course) giá 950.000đ + Thực đơn chay 5 món (Vegetarian 5 course) giá 1.250.000đ 3/ Thực đơn ăn mặn 3 món bao gồm lựa chọn 1 trong 3 set menu cao cấp Việt Nam, Quốc tế, Á - Âu như sau: Giá 980.000đ + Thực đơn 3 món Á - Âu (Fusion 3 course) + Thực đơn 3 món Quốc tế - Japanese (International 3 course – Japanese) + Thực đơn 3 món Việt Nam (Vietnamese 3 course) 4/ Thực đơn ăn mặn 4 món cao cấp bao gồm lựa chọn 1 trong 4 set menu cao cấp hải sản, món Á - Âu, Việt Nam như sau: Giá 1.350.000đ + Thực đơn 4 món Á - Âu – New Zealand (Fusion 4 course – New Zealand) + Thực đơn 4 món Á - Âu – Japanese (Fusion 4 course – Japanese) + Thực đơn 4 món hải sản (Seafood 4 course) + Thực đơn 4 món Việt Nam (Vietnamese 4 course) 5/ Thực đơn ăn mặn 5 món cao cấp bao gồm lựa chọn 1 trong 3 set menu: Giá 1.650.000đ + Thực đơn 5 món Ấn Độ (Indian 5 course) + Thực đơn 5 món Nét Việt (Soul of Vietnam 5 course) + Thực đơn 5 món Việt Nam (Vietnamese 5 course) 6/ Thực đơn 5 món đặc biệt cao cấp bao gồm lựa chọn 1 trong 5 set menu: Giá 1.880.000đ + Thực đơn 5 món Mỹ Vị - New Zealand (Delicacy 5 course menu – New Zealand) + Thực đơn 5 món Mỹ Vị - Japanese (Delicacy 5 course menu – Japanese) + Thực đơn 5 món Tinh Tế (Subtle Choices 5 course) + Thực đơn 5 món Á Âu – New Zealand (Fusion 5 course – New Zealand + Thực đơn 5 món Á Âu – Japanese (Fusion 5 course – Japanese) + Thực đơn 5 món Hải Sản (Seafood 5 course) - Sử dụng 01 voucher/ 01 người lớn (không bù thêm tiền). - Mức giá trên đã bao gồm thuế VAT, phí phục vụ, vé lên tàu, một (01) ly trà hoặc cà phê phục vụ sau món chính. - Không bao gồm các loại thức uống khác. - Chương trình cụ thể và thời gian hoạt động các ngày 02/09 và 31/12 sẽ có sự điều chỉnh so với lịch hoạt động hằng ngày. - Chính sách lựa chọn thực đơn cho đoàn khách nhiều người: + Thực đơn người lớn/ đoàn: Tối đa hai (02) set menu mặn khác nhau + một (01) set chay + Thực đơn trẻ em/ đoàn: hai (02) set menu khác nhau - Chính sách cho trẻ em: + Dưới 6 tuổi: Miễn phí vé lên tàu, ăn chung với bố mẹ và tặng kèm một (01) phần soup cho bé; + Trẻ em từ đủ 6 tuổi đến 11 tuổi: Chọn thực đơn trẻ em Donald hoặc Pluto 850.000đ/ 1 bé; + Trẻ em trên 11 tuổi: Chọn thực đơn người lớn (3, 4, 5 món). - LỊCH TRÌNH HOẠT ĐỘNG CỦA TÀU: Buổi tối: Giờ đón khách: 18h; Giờ tàu xuất bến: 19h30; Giờ tàu cập bến: 21h30; - Khách hàng vui lòng gọi đặt chỗ trước 1 ngày và thông báo chắc chắn sử dụng voucher của Hotdeal để nhà hàng xác nhận đặt chỗ và set up sẵn set menu cho khách hàng trước khi đến sử dụng dịch vụ. Nếu khách hàng không gọi đặt chỗ và không thông báo sử dụng dịch vụ Hotdeal, tàu có quyền từ chối phục vụ vì full chỗ và không chuẩn bị kịp set menu hoặc hẹn khách hàng vào ngày tiếp theo. - Thanh toán online nhận ngay voucher điện tử.","13 đã mua","","2026-08-26T20:48:57.357917"
"www.hotdeal.vn","https://www.hotdeal.vn/ho-chi-minh/buffet-sang-trong/nikko-hai-phong-grill-chill-voi-hai-san-nuong-mon-nhat-370560.html","Nikko Hải Phòng - Grill & Chill Với Hải Sản Nướng, Món Nhật","549000","466000","https://static.hotdeal.vn/images/1730/1730304/400x400/370560-nikko-hai-phong-grill-chill-voi-hai-san-nuong-mon-nhat.jpg","- Trải nghiệm ẩm thực 5 sao với tiệc Griil & Chill - Thăng hoa hương vị với hải sản nướng, bò bít tết & ẩm thực Nhật Bản tại Khách sạn 5 sao Nikko Hải Phòng . - Menu hấp dẫn: + Ẩm thực Nhật Bản: xúc xích Nhật, há cảo chiên, takoyaki, gà chiên, mực chiên,... + Ẩm thực Quốc tế: món Mỹ, Ý, Hàn, quầy nướng trực tiếp với bò bít tết, galbi, tôm nướng. + Nước ngọt uống không giới hạn suốt bữa tiệc. - Miễn phí sử dụng hồ bơi ngoài trời từ 14:00 – 20:00. - Dùng bữa tại nhà hàng La Brasserie của Khách sạn Nikko Hải Phòng, thực khách còn được tận hưởng một không gian sang trọng, đẳng cấp chuẩn 5 sao và được phục vụ chu đáo bởi đội ngũ nhân viên chuyên nghiệp. - Tham khảo menu tại đây .","- Thời hạn sử dụng voucher: đến 30/09/2026. - Địa điểm sử dụng voucher: La Brasserie - Hotel Nikko HaiPhong: Số 1, Đường 1, Khu đô thị ven sông Lạch Tray, Phường Lê Chân, Thành phố Hải Phòng. Điện thoại: (028) 225 326 5666. - Voucher áp dụng cho: Thăng Hoa Hương Vị Với Hải Sản Nướng, Bò Bít Tết & Ẩm Thực Nhật Bản Tại Khách Sạn 5 Sao Nikko HaiPhong. - Thời gian: Tất cả các tối thứ 7 từ 18:00 tới 21:00 (nhận khách cuối lúc 20:30). - Voucher gồm: + Ẩm thực Nhật Bản: xúc xích Nhật, há cảo chiên, bánh takoyaki, gà chiên kiểu Nhật, mực chiên kiểu Nhật,... + Ẩm thực Quốc tế: Mỳ Ý, quầy nướng trực tiếp với thịt bò bít tết, thịt lợn galbi, tôm nướng,... + Nước ngọt không giới hạn. + Miễn phí sử dụng bể bơi từ 14:00 đến 20:00. - Miễn phí cho trẻ em dưới 110cm đi cùng bố mẹ. - Sử dụng 01 voucher/ 01 người (không bù tiền). - Không giới hạn số lượng voucher/ hóa đơn. - Chính sách trẻ em: + Trẻ em dưới 1m: tối đa 2 trẻ kèm cùng 1 người lớn. + Từ 1.1 m – dưới 1.4m: 237.000 net/ bé. Khách thanh toán vé em bé trực tiếp tại nhà hàng. + Từ 1.4m trở lên tính vé như người lớn. - Áp dụng ăn tại chỗ. Không áp dụng cho mang về. - Đã bao gồm VAT và phí phục vụ. Khách sạn có trách nhiệm xuất hóa đơn khi khách hàng yêu cầu. - Khách hàng vui lòng xuất trình voucher trước khi sử dụng dịch vụ. - Khách hàng vui lòng đặt chỗ trước khi đến để được phục vụ tốt nhất. Nhà hàng không bảo đảm chỗ ngồi cho khách nếu không đặt chỗ trước. - Một khách hàng có thể mua nhiều phiếu. - Không áp dụng đồng thời với các chương trình khuyến mãi, giảm giá hoặc voucher khác. - Không có giá trị quy đổi thành tiền, không hoàn trả tiền thừa. - Thanh toán online nhận ngay voucher điện tử.","10 đã mua","","2026-08-26T20:48:59.822955"
"www.hotdeal.vn","https://www.hotdeal.vn/ho-chi-minh/buffet-sang-trong/nikko-hai-phong-weekend-buffet-dinner-voi-tom-hum-sashimi-370561.html","Nikko Hải Phòng - Weekend Buffet Dinner Với Tôm Hùm, Sashimi","1097712","933000","https://static.hotdeal.vn/images/1730/1730277/400x400/370561-nikko-hai-phong-weekend-buffet-dinner-voi-tom-hum-sashimi.jpg","- Trải nghiệm ẩm thực 5 sao tinh tế và thư giãn trọn vẹn với Weekend Buffet Dinner – Bữa tiệc tôm hùm, sò điệp nướng & sashimi tươi ngon tại khách sạn 5 sao Nikko Hải Phòng. - Thời gian: Chủ nhật hàng tuần, từ 18:00 tới 22:00 (nhận khách cuối lúc 21:30). - Menu hấp dẫn: + Nửa con TÔM HÙM sốt ớt Singapore đặc biệt của Bếp trưởng. + 01 SÒ ĐIỆP Nhật nướng phô mai kiểu Pháp. + 01 Súp BÀO NGƯ và nấm đông trùng hạ thảo. + Quầy đồ Nhật đa dạng, đặc biệt là Sashimi và Sushi. + Quầy Teppanyaki phục vụ trực tiếp, đặc biệt có hải sản và thịt được tuyển chọn kỹ lưỡng. - Miễn phí sử dụng bể bơi từ 14:00 đến 20:00. - Dùng bữa tại nhà hàng La Brasserie của Khách sạn Nikko Hải Phòng, thực khách còn được tận hưởng một không gian sang trọng, đẳng cấp chuẩn 5 sao và được phục vụ chu đáo bởi đội ngũ nhân viên chuyên nghiệp. - Tham khảo menu tại đây .","- Thời hạn sử dụng voucher: đến 30/09/2026. - Địa điểm sử dụng voucher: La Brasserie - Hotel Nikko HaiPhong: Số 1, Đường 1, Khu đô thị ven sông Lạch Tray, Phường Lê Chân, Thành phố Hải Phòng. Điện thoại: (028) 225 326 5666. - Voucher áp dụng cho: Weekend Buffet Dinner – Bữa Tiệc Tôm Hùm, Sò Điệp Nướng & Sashimi Tươi Ngon Tại Khách Sạn 5 Sao Nikko HaiPhong. - Voucher gồm: + Nửa con TÔM HÙM sốt ớt Singapore đặc biệt của Bếp trưởng. + 01 SÒ ĐIỆP Nhật nướng phô mai kiểu Pháp. + 01 Súp BÀO NGƯ và nấm đông trùng hạ thảo. + Quầy đồ Nhật đa dạng, đặc biệt là Sashimi và Sushi. + Quầy Teppanyaki phục vụ trực tiếp, đặc biệt có hải sản và thịt được tuyển chọn kỹ lưỡng. - Miễn phí sử dụng bể bơi từ 14:00 đến 20:00. - Miễn phí cho trẻ em dưới 110cm (Tối đa 01 bé/bố mẹ). - Thời gian: Chủ Nhật hàng tuần | Từ 18:00 tới 22:00 (nhận khách cuối lúc 21:30). - Sử dụng 01 voucher/ 01 người (không bù tiền). - Không giới hạn số lượng voucher/ hóa đơn. - Chính sách trẻ em: + Trẻ em dưới 1m: tối đa 2 trẻ kèm cùng 1 người lớn. + Từ 1.1 m – dưới 1.4m: 466.000 net/ bé. Khách thanh toán vé em bé trực tiếp tại nhà hàng. + Từ 1.4m trở lên tính vé như người lớn. - Áp dụng ăn tại chỗ. Không áp dụng cho mang về. - Đã bao gồm VAT và phí phục vụ. Khách sạn có trách nhiệm xuất hóa đơn khi khách hàng yêu cầu. - Khách hàng vui lòng xuất trình voucher trước khi sử dụng dịch vụ. - Khách hàng vui lòng đặt chỗ trước khi đến để được phục vụ tốt nhất. Nhà hàng không bảo đảm chỗ ngồi cho khách nếu không đặt chỗ trước. - Một khách hàng có thể mua nhiều phiếu. - Không áp dụng đồng thời với các chương trình khuyến mãi, giảm giá hoặc voucher khác. - Không có giá trị quy đổi thành tiền, không hoàn trả tiền thừa. - Thanh toán online nhận ngay voucher điện tử.","18 đã mua","","2026-08-26T20:49:01.994331"
"www.hotdeal.vn","https://www.hotdeal.vn/ho-chi-minh/rang-su/nha-khoa-minh-ty-rang-toan-su-zirconia-bao-hanh-3-nam-371349.html","Nha Khoa Minh Tỷ - Răng Toàn Sứ Zirconia - Bảo Hành 3 Năm","3500000","1799000","https://static.hotdeal.vn/images/1737/1736759/400x400/371349-nha-khoa-minh-ty-rang-toan-su-zirconia-bao-hanh-3-nam.jpg","- Nha khoa Minh Tỷ quy tụ đội ngũ bác sĩ có nhiều năm kinh nghiệm trong lĩnh vực nha khoa. - Trang thiết bị hiện đại, hỗ trợ điều trị chính xác và an toàn. - Quy trình vô trùng nghiêm ngặt theo tiêu chuẩn y tế. - Tư vấn rõ ràng, trung thực, phù hợp với từng tình trạng răng. - Chi phí hợp lý cùng nhiều chương trình ưu đãi hấp dẫn. - Không gian phòng khám sạch sẽ, tạo cảm giác thoải mái khi điều trị. - Áp dụng cho dịch vụ Răng toàn sứ Zirconia 100% cao cấp của Đức mang đến công nghệ bọc sứ không đau, không mài nhỏ, không ê buốt và công nghệ Design Smile mang lại nụ cười hoàn hảo (gồm răng tạm và trọn gói) sử dụng trọn đời - Bảo hành 05 năm tại Nha Khoa Minh Tỷ. - Khám răng bằng máy siêu âm, chụp Xquang công nghệ mới nhất miễn phí.","- Thời hạn sử dụng voucher: từ 26/08/2026 đến 26/11/2026. - Địa điểm sử dụng voucher: Nha Khoa Minh Tỷ - 15B Nơ Trang Long, Phường 7, Quận Bình Thạnh (Phường Gia Định). ĐT: 028 62744949 – 0916 398717. - Áp dụng cho dịch vụ Răng toàn sứ Zirconia 100% cao cấp của Đức mang đến công nghệ bọc sứ không đau, không mài nhỏ, không ê buốt và công nghệ Design Smile mang lại nụ cười hoàn hảo (gồm răng tạm và trọn gói) sử dụng trọn đời - Bảo hành 03 năm tại Nha Khoa Minh Tỷ. - Nha khoa cung cấp thẻ bảo hành 03 năm chính hãng của nhà cung cấp, khẳng định chất lượng hàng thật 100% của Đức, không phải hàng trôi nổi. Cam kết bảo hành 1 đổi 1 từ nha khoa. - Khám răng bằng Máy siêu âm, chụp Xquang công nghệ mới nhất miễn phí. - Áp dụng vào tất cả các ngày trong tuần (trừ Lễ). Giờ áp dụng: thứ 2 đến thứ 7: 8h-12h, 14h-19h, chủ nhật: 8h-12h. - Một khách hàng được mua nhiều phiếu. - Sử dụng 01 phiếu/ 01 Răng toàn sứ Zirconia (không bù tiền), không giới hạn số lượng phiếu/ hóa đơn. - Không áp dụng đồng thời với các chương trình khuyến mãi khác. - Khách hàng vui lòng đặt chỗ trước khi đến để được phục vụ tốt nhất. - Phiếu không có giá trị quy đổi thành tiền mặt, không trả lại tiền thừa. - Thanh toán online nhận ngay voucher điện tử.","17 đã mua","","2026-08-26T20:49:04.492392"
"www.hotdeal.vn","https://www.hotdeal.vn/ho-chi-minh/tay-trang-rang/nha-khoa-minh-ty-tay-trang-rang-bleachbright-khong-e-buot-371348.html","Nha Khoa Minh Tỷ - Tẩy Trắng Răng Bleachbright Không Ê Buốt","3000000","499000","https://static.hotdeal.vn/images/1737/1736767/400x400/371348-nha-khoa-minh-ty-tay-trang-rang-bleachbright-khong-e-buot.jpg","- Nha khoa Minh Tỷ quy tụ đội ngũ bác sĩ có nhiều năm kinh nghiệm trong lĩnh vực nha khoa. - Trang thiết bị hiện đại, hỗ trợ điều trị chính xác và an toàn. - Quy trình vô trùng nghiêm ngặt theo tiêu chuẩn y tế. - Tư vấn rõ ràng, trung thực, phù hợp với từng tình trạng răng. - Chi phí hợp lý cùng nhiều chương trình ưu đãi hấp dẫn. - Không gian phòng khám sạch sẽ, tạo cảm giác thoải mái khi điều trị. - Áp dụng cho dịch vụ Tẩy trắng răng bằng công nghệ Bleachbright số 1 tại Mỹ, hiệu quả tức thì, không đau, không gây ê buốt và khó chịu tại Nha khoa Minh Tỷ. - Khám răng bằng máy siêu âm, chụp Xquang công nghệ mới nhất miễn phí.","- Thời hạn sử dụng voucher: từ 26/08/2026 đến 26/11/2026. - Địa điểm sử dụng voucher: Nha Khoa Minh Tỷ - 15B Nơ Trang Long, Phường 7, Quận Bình Thạnh (Phường Gia Định). ĐT: 028 62744949 – 0916 398717. - Áp dụng cho dịch vụ Tẩy trắng răng bằng công nghệ Bleachbright số 1 tại Mỹ, hiệu quả tức thì, không đau, không gây ê buốt và khó chịu tại Nha Khoa Minh Tỷ. - Khám răng bằng Máy siêu âm, chụp Xquang công nghệ mới nhất miễn phí. - Áp dụng vào tất cả các ngày trong tuần (trừ Lễ). Giờ áp dụng: thứ 2 đến thứ 7: 8h-12h, 14h-19h, chủ nhật: 8h-12h. - Một khách hàng được mua nhiều phiếu. - Sử dụng 01 phiếu/ 01 người/ 01 lần (không bù tiền). - Không áp dụng đồng thời với các chương trình khuyến mãi khác. - Khách hàng vui lòng đặt chỗ trước khi đến để được phục vụ tốt nhất. - Phiếu không có giá trị quy đổi thành tiền mặt, không trả lại tiền thừa. - Thanh toán online nhận ngay voucher điện tử.","16 đã mua","","2026-08-26T20:49:07.802510"
"www.hotdeal.vn","https://www.hotdeal.vn/ho-chi-minh/cao-voi-danh-bong-tram-rang/nha-khoa-minh-ty-cao-voi-danh-bong-tram-rang-371347.html","Nha Khoa Minh Tỷ - Cạo Vôi, Đánh Bóng/ Trám Răng","400000","69000","https://static.hotdeal.vn/images/1737/1736774/400x400/371347-nha-khoa-minh-ty-cao-voi-danh-bong-tram-rang.jpg","- Nha khoa Minh Tỷ quy tụ đội ngũ bác sĩ có nhiều năm kinh nghiệm trong lĩnh vực nha khoa. - Trang thiết bị hiện đại, hỗ trợ điều trị chính xác và an toàn. - Quy trình vô trùng nghiêm ngặt theo tiêu chuẩn y tế. - Tư vấn rõ ràng, trung thực, phù hợp với từng tình trạng răng. - Chi phí hợp lý cùng nhiều chương trình ưu đãi hấp dẫn. - Không gian phòng khám sạch sẽ, tạo cảm giác thoải mái khi điều trị. - Áp dụng cho dịch vụ Cạo vôi, đánh bóng (2 hàm) hoặc Trám răng (1 răng) tại Nha khoa Minh Tỷ. - Khám răng bằng máy siêu âm, chụp Xquang công nghệ mới nhất miễn phí.","- Thời hạn sử dụng voucher: từ 26/08/2026 đến 26/11/2026. - Địa điểm sử dụng voucher: Nha Khoa Minh Tỷ - 15B Nơ Trang Long, Phường 7, Quận Bình Thạnh (Phường Gia Định). ĐT: 028 62744949 – 0916 398717. - Áp dụng cho dịch vụ Cạo vôi, đánh bóng (2 hàm) hoặc Trám răng (1 răng) tại Nha Khoa Minh Tỷ. - Khám răng bằng máy siêu âm, chụp Xquang công nghệ mới nhất miễn phí. - Áp dụng vào tất cả các ngày trong tuần (trừ Lễ). Giờ áp dụng: thứ 2 đến thứ 7: 8h-12h, 14h-19h, chủ nhật: 8h-12h. - Một khách hàng được mua nhiều phiếu. - Sử dụng 01 phiếu/ 01 người/ 01 lần (không bù tiền). Một khách hàng sử dụng tối đa 03 phiếu đối với dịch vụ Trám răng. - Không áp dụng đồng thời với các chương trình khuyến mãi khác. - Khách hàng vui lòng đặt chỗ trước khi đến để được phục vụ tốt nhất. - Phiếu không có giá trị quy đổi thành tiền mặt, không trả lại tiền thừa. - Thanh toán online nhận ngay voucher điện tử.","15 đã mua","","2026-08-26T20:49:10.386287"
"www.hotdeal.vn","https://www.hotdeal.vn/ho-chi-minh/giam-beo-lam-om/ty-house-spa-giam-beo-sieu-toc-hieu-qua-ngay-lan-dau-371154.html","Ty House Spa - Giảm Béo Siêu Tốc - Hiệu Quả Ngay Lần Đầu","1200000","169000","https://static.hotdeal.vn/images/1735/1735289/400x400/371154-ty-house-spa-giam-beo-sieu-toc-hieu-qua-ngay-lan-dau.jpg","- Ty House Spa là trung tâm thẩm mỹ chị tín tại Bình Thạnh, được nhiều em tin tưởng và yêu thích. - Sở hữu cho mình không gian hiện đại với hoàng trang trí nhẹ nhàng, Ty House Spa thật sự là nơi để bạn làm đẹp và thư giãn sau một tuần làm việc căng thẳng. - Đội trải nghiệm ngũ nhân viên có nhiều năm kinh nghiệm, đào tạo bài bản chắc chắn sẽ chinh phục được những khách hàng khó tính nhất. - Với hệ thống máy móc làm đẹp hiện đại, cập nhật những xu hướng làm đẹp mới nhất, Ty House Spa sẽ mang đến cho khách hàng vẻ đẹp toàn diện. - Voucher áp dụng dịch vụ Giảm béo siêu tốc chuyên nghệ cao - Cam kết quả ngay lần đầu tiên. - Quy trình xử lý được thực hiện chuyên nghiệp, quy trình, đạt hiệu quả như cam kết.","- Thời hạn sử dụng voucher: từ 31/05/2026 đến 31/08/2026. - Địa điểm sử dụng voucher: Ty House Spa Beauty & Clinic – 243 Lê Quang Định, Phường 7, Quận Bình Thạnh. ĐT: 0939 578898 - 0842 783123 - 0783 909222. - Fanpage: https://www.facebook.com/tyhousespa/ - Áp dụng cho Gói dịch vụ Giảm béo siêu tốc chuyên sâu công nghệ cao - Cam kết quả hiệu quả ngay lần đầu tiên tại Ty House Spa Beauty & Clinic. - Quy trình xử lý được thực hiện chuyên nghiệp, quy trình, đạt hiệu quả như cam kết. - Áp dụng vào tất cả các ngày trong tuần (có cả Lễ). Thời gian áp dụng: 9h-19h. - Áp dụng cho cả nam và nữ. - Một khách hàng được mua nhiều phiếu. - Sử dụng 01 phiếu/ 01 người/ 01 gói dịch vụ (không đủ tiền), Tip tùy ý. - Không áp dụng đồng thời với các chương trình khuyến mãi khác. - Quý khách vui lòng đặt chỗ trước khi đến để được phục vụ tốt nhất. - phiếu không có giá trị quy đổi thành tiền mặt, không hoàn lại tiền thừa. - Thanh toán trực tuyến nhận ngay voucher điện tử.","329 đã mua","","2026-08-26T20:49:12.232603"
"www.hotdeal.vn","https://www.hotdeal.vn/ho-chi-minh/cham-soc-da-mat/paradise-spa-tri-mun-thanh-loc-co2-chay-vitamin-c-371196.html","Paradise Spa - Trị Mụn/ Thanh Lọc CO2/ Chạy Vitamin C","680000","125000","https://static.hotdeal.vn/images/1736/1735645/400x400/371196-paradise-spa-tri-mun-thanh-loc-co2-chay-vitamin-c.jpg","- Paradise Spa là địa điểm làm đẹp uy tín tại TPHCM với phương châm mang đến cho mọi người một nơi lý tưởng để thư giãn tinh thần và chăm sóc sức khỏe. - Không gian thiết kế thân thiện và ấm cúng, hòa quyện mùi hương tinh dầu thiên nhiên dịu nhẹ. - Cung cấp nhiều gói dịch vụ làm đẹp với mức chi phí hợp lý, từ các liệu trình xông hơi, massage, chăm sóc da, điều trị các vấn đề về da, tắm trắng, triệt lông,... đến các dịch vụ làm nail chất lượng cao. - Máy móc điều trị nhập khẩu mới 100%, được chứng nhận an toàn về mặt y tế bởi các tổ chức uy tín như: Chứng nhận tiêu chuẩn ISO, Chứng nhận FDA (Hoa Kỳ), Chứng nhận CE (Châu Âu). - Sử dụng sản phẩm có thương hiệu rõ ràng từ Úc - Nhật - Mỹ - Pháp. - Đội ngũ chuyên gia & chuyên viên của Paradise Spa 100% đều được huấn luyện & cấp chứng chỉ hoàn thành tất cả các khóa đào tạo kỹ năng chuyên sâu để thực hiện trị liệu cho khách. - Đội ngũ nhân viên nhiệt tình phục vụ chu đáo với phong cách chuyên nghiệp. - Voucher áp dụng cho 1 trong 3 gói dịch vụ tại Paradise Spa: Trị mụn/ Thanh lọc CO2/ Chạy Vitamin C.","- Thời hạn sử dụng voucher: từ 17/06/2026 đến 17/09/2026. - Địa điểm sử dụng voucher: Paradise Spa - 39 Trần Huy Liệu, Phường 11, Quận Phú Nhuận - ĐT: 0949 794536 - 0934 399112. - Fanpage: https://www.facebook.com/profile.php?id=61557512812751 - Áp dụng cho 01 trong 03 gói dịch vụ tại Paradise Spa. + Gói 1: Lấy nhân mụn + Đắp mặt nạ + Chườm thảo dược (60 phút). - Ưu điểm của phương pháp trị mụn: + Tiêu diệt tận gốc những ổ vi khuẩn gây mụn. + Ngăn ngừa mụn tái phát. + Se khít lỗ chân lông. + Giảm những vết thâm do mụn để lại. + Kiểm soát và giảm thiểu dầu nhờn da mặt. + Kích thích sản sinh sợi collagen tái tạo da giúp da trắng sáng và mịn màng hơn. + Gói 2: Thanh lọc CO2, thải độc, phục hồi da yếu và nhạy cảm (60 phút). + Gói 3: Chạy vitamin C mờ thâm, trắng sáng mịn màng (60 phút). - Sử dụng 01 phiếu/ 01 người/ 01 dịch vụ (không bù tiền). - Áp dụng vào tất cả các ngày trong tuần (kể cả Lễ). Giờ áp dụng: 10h-20h30. - Spa luôn luôn phục vụ trái cây, trà thảo mộc và nước uống cho khách. - Đến với Paradise, khách hàng hoàn toàn yên tâm về chất lượng dịch vụ. Cam kết không có sự phân biệt giữa khách hàng mua deal và khách hàng hiện tại. - Áp dụng cho cả nam và nữ. Riêng khách nam phụ thu 100.000 VNĐ, khách nữ nước ngoài phụ thu 100.000 VNĐ và khách nam nước ngoài phụ thu 200.000 VNĐ. - Không áp dụng đồng thời với các chương trình khuyến mãi khác. - Khách hàng vui lòng đặt chỗ để được phục vụ tốt nhất (trường hợp không đặt trước, Spa sẽ không chịu trách nhiệm nếu có bất kỳ sai sót xảy ra khi phục vụ). - Phiếu không có giá trị quy đổi thành tiền mặt, không trả lại tiền thừa. - Thanh toán online nhận ngay voucher điện tử.","800 đã mua","","2026-08-26T20:49:14.325162"
"www.hotdeal.vn","https://www.hotdeal.vn/ho-chi-minh/tre-hoa-da-nang-co/skin-lab-by-hung-nguyen-tre-hoa-da-meso-khong-kim-han-quoc-371278.html","Skin Lab By Hung Nguyen - Trẻ Hóa Da Meso Không Kim Hàn Quốc","3000000","599000","https://static.hotdeal.vn/images/1736/1736269/400x400/371278-skin-lab-by-hung-nguyen-tre-hoa-da-meso-khong-kim-han-quoc.jpg","- Skin Lab By Hung Nguyen cung cấp đa dạng các dịch vụ như: chăm sóc da, trị mụn, giảm béo, phun xăm thẩm mỹ, massage thư giãn,... đem đến cho tất cả Quý khách hàng cơ hội được trải nghiệm những dịch vụ làm đẹp chất lượng cao, an toàn với mức giá hợp lý nhất. - Các dịch vụ được trực tiếp Chuyên gia Hùng Nguyễn - Giám khảo của cuộc thi The Face Beauty tư vấn liệu trình. - Sử dụng các công nghệ hàng đầu trong lĩnh vực chăm sóc sắc đẹp. - Đội ngũ nhân viên được đào tạo bài bản và chuyên nghiệp. - Không gian sang trọng, hiện đại, đầy đủ tiện nghi. - Voucher ứng dụng cho Gói dịch vụ Trẻ hóa da Meso không kim E-Matrix Hàn Quốc tại Skin Lab By Hung Nguyen.","- Thời hạn sử dụng voucher: từ 06/07/2026 đến 06/10/2026. - Địa điểm sử dụng voucher: Skin Lab By Hung Nguyen – Số 543/7 Nguyễn Đình Chiểu, Phường 2, Quận 3, TP.HCM. Hotline: 0827 311286 - 0976 435268. - Áp dụng cho Gói dịch vụ Trẻ hóa da Meso không kim E-Matrix Hàn Quốc tại Skin Lab By Hung Nguyen. 1. Voucher áp dụng cho 01 lần: Trị giá 3.000.000 VNĐ ưu đãi chỉ còn 599.000 VNĐ. 2. Voucher áp dụng cho trọn gói 05 lần: Trị giá 15.000.000 VNĐ ưu đãi chỉ còn 2.500.000 VNĐ. - Thời gian: 9h30 - 19h30. Áp dụng từ T2 - T7. - Sử dụng 01 phiếu/ 01 người/ 01 gói dịch vụ (Không bù tiền). - Không áp dụng đồng thời với các chương trình khuyến mãi khác. - Khách hàng vui lòng đặt chỗ trước khi đến để được phục vụ tốt nhất. - Phiếu không có giá trị quy đổi thành tiền mặt, không trả lại tiền thừa. - Thanh toán online nhận ngay voucher điện tử.","2,396 đã mua","","2026-08-26T20:49:16.504990"
"www.hotdeal.vn","https://www.hotdeal.vn/ho-chi-minh/giam-beo-lam-om/skin-lab-by-hung-nguyen-giam-beo-sieu-toc-cn-song-quang-dong-371277.html","Skin Lab By Hung Nguyen - Giảm Béo Siêu Tốc CN Sóng Quang Đông","1800000","149000","https://static.hotdeal.vn/images/1736/1736256/400x400/371277-skin-lab-by-hung-nguyen-giam-beo-sieu-toc-cn-song-quang-dong.jpg","- Skin Lab By Hung Nguyen cung cấp đa dạng các dịch vụ như: chăm sóc da, trị mụn, giảm béo, phun xăm thẩm mỹ, massage thư giãn,... đem đến cho tất cả Quý khách hàng cơ hội được trải nghiệm những dịch vụ làm đẹp chất lượng cao, an toàn với mức giá hợp lý nhất. - Các dịch vụ được trực tiếp Chuyên gia Hùng Nguyễn - Giám khảo của cuộc thi The Face Beauty tư vấn liệu trình. - Sử dụng các công nghệ hàng đầu trong lĩnh vực chăm sóc sắc đẹp. - Đội ngũ nhân viên được đào tạo bài bản và chuyên nghiệp. - Không gian sang trọng, hiện đại, đầy đủ tiện nghi. - Voucher ứng dụng cho dịch vụ Tan mỡ, giảm béo siêu tốc mang lại vóc dáng hoàn hảo, lý tưởng công nghệ cao cấp máy giảm béo Quang Đông Pro (45 phút) tại Skin Lab By Hung Nguyen.","- Thời hạn sử dụng voucher: từ 06/07/2026 đến 06/10/2026. - Địa điểm sử dụng voucher: Skin Lab By Hung Nguyen – Số 543/7 Nguyễn Đình Chiểu, Phường 2, Quận 3, TP.HCM. Hotline: 0827 311286 - 0976 435268. - Áp dụng cho Tan mỡ, giảm béo siêu tốc mang lại vóc dáng hoàn hảo, lý tưởng công nghệ cao cấp máy giảm béo Quang Đông Pro (45 phút) tại Skin Lab By Hung Nguyen. 1/ Tan mỡ giảm béo 1 lần giá gốc 1.800.000 VNĐ ưu đãi chỉ còn 149.000 VNĐ. 2/ Tan mỡ giảm béo trọn gói 5 lần giá gốc 9.000.000 VNĐ ưu đãi chỉ còn 599.000 VNĐ. - Khách hàng sẽ thấy được hiệu quả ngay lần đầu tiên. Giảm 5-10 cm ngay sau 45 phút điều trị. - Số lượng voucher áp dụng cho từng vùng: + Nọng cằm/ bụng trên/ bụng dưới: 1 voucher + Hai cánh tay/ hai bên hông/ hai chân/ hai bắp chân: 2 voucher - Thời gian: 9h30 - 19h30. Áp dụng từ T2 - T7. - Sử dụng 01 phiếu/ 01 người/ 01 gói dịch vụ (Không bù tiền). - Không áp dụng đồng thời với các chương trình khuyến mãi khác. - Khách hàng vui lòng đặt chỗ trước khi đến để được phục vụ tốt nhất. - Phiếu không có giá trị quy đổi thành tiền mặt, không trả lại tiền thừa. - Thanh toán online nhận ngay voucher điện tử.","6,988 đã mua","","2026-08-26T20:49:18.769668"
"www.hotdeal.vn","https://www.hotdeal.vn/ho-chi-minh/phun-theu-tham-my/tham-my-ngoc-tien-dieu-khac-phun-chan-may-mi-moi-xoa-xam-371304.html","Thẩm Mỹ Ngọc Tiên - Điêu Khắc/ Phun Chân Mày/ Mí/ Môi/ Xóa Xăm","3000000","499000","https://static.hotdeal.vn/images/1736/1736477/400x400/371304-tham-my-ngoc-tien-dieu-khac-phun-chan-may-mi-moi-xoa-xam.jpg","- Thẩm mỹ Ngọc Tiên là trung tâm chăm sóc sắc đẹp được đông đảo khách hàng tìm đến nhờ những dịch vụ làm đẹp hiệu quả, an toàn cùng phong cách phục vụ chuyên nghiệp và thân thiện. - Thẩm mỹ Ngọc Tiên cung cấp tất cả các dịch vụ liên quan đến chăm sóc da, tắm trắng, giảm béo, trị mụn, triệt lông, phun xăm thẩm mỹ, massage thư giãn... - Luôn cập nhật các phương pháp trị liệu an toàn, tiên tiến nhất hiện nay kết hợp với việc sử dụng các loại mỹ phẩm cao cấp có thương hiệu rõ ràng. - Tất cả các dịch vụ được thực hiện chuyên nghiệp và do các chuyên viên được đào tạo bài bản theo quy trình an toàn nghiêm ngặt. Toàn bộ kỹ thuật viên của Ngọc Tiên đều có chứng chỉ hành nghề. - Không gian làm đẹp vô cùng lý tưởng với ánh sáng dịu nhẹ, âm nhạc du dương, hương tinh dầu thoang thoảng đem lại cảm giác rất thư thái và dễ chịu. - Voucher áp dụng cho 1 trong 5 gói dịch vụ: Điêu khắc chân mày / Phun chân mày Ombre / Phun mí Eyeliner/ Phun môi vi chạm / Xóa xăm.","- Thời hạn sử dụng voucher: từ 22/07/2026 đến 22/10/2026. - Địa điểm sử dụng voucher: Thẩm Mỹ Ngọc Tiên – 49 Cách Mạng, Phường Tân Thành, Quận Tân Phú. ĐT: 0822 438688. - Áp dụng cho 01 trong 05 gói dịch vụ tại Thẩm Mỹ Ngọc Tiên. + Gói 1: Điêu khắc chân mày tạo sợi Hairstroke. + Gói 2: Phun chân mày Ombre vi chạm. + Gói 3: Phun mí Eyeliner. + Gói 4: Phun môi vi chạm, phủ bóng pha lê Collagen tế bào gốc, môi hồng Baby. + Gói 5: Xóa xăm hình/ chân mày/ mí mắt/ môi không đau, không để lại sẹo công nghệ Laser. - Quy định số voucher sử dụng: + Chân mày/ mí mắt/ môi: 01 voucher. + Hình xăm theo kích thước tỷ lệ ngang 3cm x 5cm: 01 voucher. + Hình xăm theo kích thước tỷ lệ ngang 5cm x 8cm: 02 voucher. + Hình xăm theo kích thước tỷ lệ ngang 10cm x 10cm: 03 voucher. - Cam kết sử dụng màu thuốc chuẩn mực Châu Âu đạt tiêu chuẩn, an toàn và đẹp tự nhiên. - Dụng cụ và phòng ốc vệ sinh, vô trùng tuyệt đối theo tiêu chuẩn của bộ y tế cấp phép. - Thời gian áp dụng: 9h-19h, tất cả các ngày trong tuần (trừ lễ). - Áp dụng cho cả nam và nữ. - Đặc biệt Miễn Tip. - Tất cả các dịch vụ được thực hiện chuyên nghiệp và do các chuyên viên được đào tạo bài bản theo quy trình an toàn nghiêm ngặt. Toàn bộ kỹ thuật viên của Ngọc Tiên đều có chứng chỉ hành nghề. - Một khách hàng được mua nhiều phiếu. - Khách hàng vui lòng đặt chỗ trước khi đến để được phục vụ tốt nhất. - Không áp dụng đồng thời với các chương trình khuyến mãi khác. - Phiếu không có quy đổi thành tiền mặt, không trả lại tiền thừa. - Thanh toán online nhận ngay voucher điện tử.","960 đã mua","","2026-08-26T20:49:22.325478"
"www.hotdeal.vn","https://www.hotdeal.vn/ho-chi-minh/massage-cap-doi/suki-nails-studio-massage-body-ngan-cham-thao-duoc-75p-371157.html","Suki Nails Studio - Massage Body + Ngân Châm Thảo Dược 75P","500000","129000","https://static.hotdeal.vn/images/1735/1735451/400x400/371157-suki-nails-studio-massage-body-ngan-cham-thao-duoc-75p.jpg","- Suki Nails Studio không chỉ là nơi chăm sóc móng mà còn là điểm đến lý tưởng để bạn thư giãn và tái tạo năng lượng sau những ngày bận rộn. - Không gian spa thư giãn, sạch sẽ và riêng tư, mang đến cảm giác dễ chịu ngay từ khi bước vào. - Đội ngũ kỹ thuật viên được đào tạo bài bản, tận tâm trong từng thao tác chăm sóc khách hàng. - Combo thư giãn 75 phút tại Suki Nails Studio kết hợp massage body, massage cổ vai gáy và ngâm chân thảo dược trong cùng một liệu trình. + Massage body cùng tinh dầu thiên nhiên giúp thư giãn cơ thể và giảm căng thẳng hiệu quả. + Massage cổ vai gáy chuyên sâu hỗ trợ giảm đau nhức, căng cứng cơ do ngồi lâu hoặc làm việc văn phòng. + Ngâm chân thảo dược giúp lưu thông khí huyết, thư giãn cơ thể và giảm mệt mỏi. - Phù hợp với người thường xuyên căng thẳng, đau mỏi cơ thể hoặc cần thư giãn sau những ngày làm việc bận rộn.","- Thời hạn sử dụng voucher: từ 04/06/2026 đến 04/09/2026. - Địa điểm sử dụng voucher: Suki Nails Studio – 136/5 Trần Quang Diệu, Phường Nhiêu Lộc, TP Hồ Chí Minh. - Hotline: 0908 162 455 – Quý khách đặt dịch vụ trước khi đến sử dụng dịch vụ. - Fanpage: https://www.facebook.com/sukinailsstudio2107 - Áp dụng Gói Massage body thư giãn toàn thân + Tinh dầu + Massage cổ vai gáy giúp trị nhức mỏi cổ vai gáy + Ngâm chân thảo dược thiên nhiên giúp lưu thông khí huyết xua tan mệt mỏi – Combo thư giãn 75 phút tại Suki Nails Studio. - Áp dụng vào tất cả các ngày trong tuần. - Thời gian áp dụng: 8h30 - 19h thứ 2 đến Chủ nhật tất cả các ngày kể cả lễ tết. - Áp dụng cho nữ. - Sử dụng 01 phiếu/ 01 người/ gói dịch vụ (Không bù tiền) - Giá voucher chưa bao gồm Tips. - Một khách hàng được mua nhiều phiếu. - Không áp dụng đồng thời với các chương trình khuyến mãi khác. - Khách hàng vui lòng đặt chỗ trước khi đến để được phục vụ tốt nhất. - Phiếu không có giá trị quy đổi thành tiền mặt, không trả lại tiền thừa. - Thanh toán online nhận ngay voucher điện tử.","24 đã mua","","2026-08-26T20:49:25.022252"
"www.hotdeal.vn","https://www.hotdeal.vn/ho-chi-minh/dieu-tri-mun-tham-nam/skin-lab-by-hung-nguyen-dieu-tri-nam-cong-nghe-laser-yag-3-korea-371279.html","Skin Lab By Hung Nguyen - Điều Trị Nám Công Nghệ Laser YAG 3 Korea","1800000","149000","https://static.hotdeal.vn/images/1736/1736290/400x400/371279-skin-lab-by-hung-nguyen-dieu-tri-nam-cong-nghe-laser-yag-3-korea.jpg","- Skin Lab By Hung Nguyen cung cấp đa dạng các dịch vụ như: chăm sóc da, trị mụn, giảm béo, phun xăm thẩm mỹ, massage thư giãn,... đem đến cho tất cả Quý khách hàng cơ hội được trải nghiệm những dịch vụ làm đẹp chất lượng cao, an toàn với mức giá hợp lý nhất. - Các dịch vụ được trực tiếp Chuyên gia Hùng Nguyễn - Giám khảo của cuộc thi The Face Beauty tư vấn liệu trình. - Sử dụng các công nghệ hàng đầu trong lĩnh vực chăm sóc sắc đẹp. - Đội ngũ nhân viên được đào tạo bài bản và chuyên nghiệp. - Không gian sang trọng, hiện đại, đầy đủ tiện nghi. - Voucher áp dụng cho dịch vụ Điều trị nám, tàn nhang công nghệ Laser YAG 3 tại Hùng Nguyễn Beauty Center.","- Thời hạn sử dụng voucher: từ 06/07/2026 đến 06/10/2026. - Địa điểm sử dụng voucher: Skin Lab By Hung Nguyen – Số 543/7 Nguyễn Đình Chiểu, Phường 2, Quận 3, TP.HCM. Hotline: 0827 311286 - 0976 435268. - Voucher áp dụng cho điều trị nám, tàn nhang công nghệ Laser YAG 3 tại Hùng Nguyễn Beauty Center. 1/ 1 lần điều trị nám, tàn nhang giá gốc 1.800.000 VNĐ ưu đãi chỉ còn 149.000 VNĐ. 2/ Trọn gói 5 lần điều trị nám, tàn nhang giá gốc 9.000.000 VNĐ ưu đãi chỉ còn 599.000 VNĐ. - Áp dụng cho cả nam và nữ. - Thời gian: 9h30 - 19h30, áp dụng từ T2 - T7. - Sử dụng 01 phiếu/ 01 người/ 01 gói dịch vụ (không bù tiền). - Không áp dụng đồng thời với các chương trình khuyến mãi khác. - Khách hàng vui lòng đặt chỗ trước khi đến để được phục vụ tốt nhất. - Phiếu không có giá trị quy đổi thành tiền mặt, không trả lại tiền thừa. - Thanh toán online nhận ngay voucher điện tử.","2,390 đã mua","","2026-08-26T20:49:27.181617"
"www.hotdeal.vn","https://www.hotdeal.vn/ho-chi-minh/tiem-nail-cham-soc-mong/sun-nails-tron-goi-cham-soc-mong-tay-doi-ban-chan-371044.html","Sun Nails - Trọn Gói Chăm Sóc Móng Tay/ Đôi Bàn Chân","350000","89000","https://static.hotdeal.vn/images/1735/1734982/400x400/371044-sun-nails-tron-goi-cham-soc-mong-tay-doi-ban-chan.jpg","- Không gian Sun Nails nhỏ xinh nhưng tinh tế, sạch sẽ – mang lại cảm giác thư giãn, dễ chịu ngay khi bước vào. - Tiêu chí an toàn, vệ sinh luôn đặt lên hàng đầu, dụng cụ được xử lý kỹ lưỡng trước mỗi lượt khách. - Kỹ thuật viên tay nghề vững, thao tác khéo léo, chăm chút từng chi tiết nhỏ trên bộ móng. - Luôn cập nhật xu hướng mới, phong cách làm nail thanh lịch, hiện đại – phù hợp cả đi làm, đi chơi hay dự tiệc. - Sử dụng sản phẩm chất lượng, giúp móng bền màu, hạn chế hư tổn sau khi làm. - Trải nghiệm dịch vụ nhẹ nhàng, không vội vàng – ưu tiên sự thoải mái và hài lòng của khách. - Không chỉ làm đẹp, Sun Nails còn là nơi để bạn thư giãn và “reset” lại năng lượng sau ngày dài.","- Thời hạn sử dụng voucher: từ 15/04/2026 đến 15/10/2026. - Địa điểm sử dụng voucher: Sun Nails - Số 5 Cô Giang, Phường Cầu Kiệu, Thành phố Hồ Chí Minh. - Hotline: 0936881237. - Áp dụng cho chọn 1 trong 2 gói dịch vụ sau tại Sun Nails: Gói 1: Làm đẹp Tay hoặc Chân: Ngâm + Dưỡng ẩm + Cắt da định hình móng + Sơn gel + Đính đá + Dưỡng móng cao cấp / Ẩn xà cừ/ Ẩn hoa khô/ Vẽ trang trí đơn giản 2 ngón. Gói 2: Ngâm chân + Tẩy da chết + Chà gót chân làm hồng + Massage chân + Thoa kem dưỡng ẩm. - Thời gian: 9h – 20h áp dụng vào tất cả các ngày trong tuần. - Áp dụng cho cả nam và nữ. - Khách hàng được mua nhiều voucher để sử dụng hoặc tặng người thân và bạn bè. - Sử dụng 01 voucher/ 01 người/ 01 gói dịch vụ (Không bù tiền). - Không áp dụng đồng thời với các chương trình khuyến mãi khác. - Khách hàng vui lòng đặt chỗ trước khi đến để được phục vụ tốt nhất. - Voucher không có giá trị quy đổi thành tiền mặt, không trả lại tiền thừa. - Thanh toán online nhận ngay voucher điện tử.","463 đã mua","","2026-08-26T20:49:30.032335"
"www.hotdeal.vn","https://www.hotdeal.vn/ho-chi-minh/tre-hoa-da-nang-co/ivora-skinlab-cryo-cn-han-quoc-sach-da-trang-min-cang-bong-da-370886.html","Ivora Skinlab - Cryo CN Hàn Quốc - Sạch Da, Trắng Mịn, Căng Bóng Da","599000","99000","https://static.hotdeal.vn/images/1733/1733243/400x400/370886-ivora-skinlab-cryo-cn-han-quoc-sach-da-trang-min-cang-bong-da.jpg","- Ivora Skinlab sở hữu không gian hiện đại, sạch sẽ, riêng tư, mang lại cảm giác thư giãn và thoải mái cho khách hàng. - Bác sĩ chuyên khoa da thẩm mỹ trực tiếp điều trị để phù hợp với từng loại da. - Cam kết tất cả sản phẩm điều trị trong liệu trình là chính hãng dược mỹ phẩm uy tín. - Ứng dụng công nghệ chăm sóc và điều trị da tiên tiến, quy trình đạt chuẩn an toàn y khoa. - Liệu trình được cá nhân hóa theo tình trạng da, đảm bảo hiệu quả tối ưu và hạn chế kích ứng. - Tư vấn tận tâm, chăm sóc khách hàng kỹ lưỡng trước – trong – sau liệu trình. - Áp dụng cho Liệu trình CRYO HÀN QUỐC (điện di tinh chất kết phun Aqua spray cấp ẩm tức thì, căng mịn, tươi trẻ - 60 phút): gồm 7 bước Làm sạch – nuôi dưỡng – phục hồi và bảo vệ da toàn diện, giúp tinh chất thẩm thấu sâu, cấp ẩm tối ưu, tái tạo da, kích thích tăng sinh collagen, giảm mụn, mang lại làn da khỏe mạnh, mịn màng và căng bóng.","- Thời hạn sử dụng voucher: Đến 31/12/2026. - Địa điểm sử dụng voucher: Ivora Skinlab – 89 Rạch Bùng Binh, Phường Nhiêu Lộc, Thành phố Hồ Chí Minh. ĐT: 035 470 7176. - Fanpage: https://www.facebook.com/ivoraskinlab25 - Áp dụng cho Liệu trình CRYO HÀN QUỐC (điện di tinh chất kết phun Aqua spray cấp ẩm tức thì, căng mịn, tươi trẻ - 60 phút): gồm 7 bước Làm sạch – nuôi dưỡng – phục hồi và bảo vệ da toàn diện, giúp tinh chất thẩm thấu sâu, cấp ẩm tối ưu, tái tạo da, kích thích tăng sinh collagen, giảm mụn, mang lại làn da khỏe mạnh, mịn màng và căng bóng. - Ưu điểm: + Bác sĩ chuyên khoa da thẩm mỹ trực tiếp điều trị để phù hợp với từng loại da. + Cam kết tất cả sản phẩm điều trị trong liệu trình là chính hãng dược mỹ phẩm uy tín. - Áp dụng vào tất cả các ngày trong tuần (trừ Lễ). Giờ áp dụng: 9h-18h. Nghỉ Tết từ ngày 14/2/2026 - 21/02/2026 (từ 27 đến mùng 5 âm lịch). - Áp dụng cho nam và nữ - Một khách hàng được mua nhiều phiếu để tặng cho người thân, bạn bè… - Sử dụng 01 phiếu/ 01 người/ 01 gói dịch vụ (Không bù tiền). - Không áp dụng đồng thời với các chương trình khuyến mãi khác. - Khách hàng vui lòng đặt chỗ trước khi đến để được phục vụ tốt nhất. - Phiếu không có giá trị quy đổi thành tiền mặt, không trả lại tiền thừa. - Thanh toán online nhận ngay voucher điện tử.","166 đã mua","","2026-08-26T20:49:33.232889"
"www.hotdeal.vn","https://www.hotdeal.vn/ho-chi-minh/tre-hoa-da-nang-co/ivora-skinlab-peel-da-cang-bong-tuc-thi-khong-dau-bong-troc-370884.html","Ivora Skinlab - Peel Da Căng Bóng Tức Thì - Không Đau, Bong Tróc","599000","399000","https://static.hotdeal.vn/images/1733/1733245/400x400/370884-ivora-skinlab-peel-da-cang-bong-tuc-thi-khong-dau-bong-troc.jpg","- Ivora Skinlab sở hữu không gian hiện đại, sạch sẽ, riêng tư, mang lại cảm giác thư giãn và thoải mái cho khách hàng. - Bác sĩ chuyên khoa da thẩm mỹ trực tiếp điều trị để phù hợp với từng loại da. - Cam kết tất cả sản phẩm điều trị trong liệu trình là chính hãng dược mỹ phẩm uy tín. - Ứng dụng công nghệ chăm sóc và điều trị da tiên tiến, quy trình đạt chuẩn an toàn y khoa. - Liệu trình được cá nhân hóa theo tình trạng da, đảm bảo hiệu quả tối ưu và hạn chế kích ứng. - Tư vấn tận tâm, chăm sóc khách hàng kỹ lưỡng trước – trong – sau liệu trình. - Áp dụng cho Liệu trình Bright Skin - 3 trong 1 (60 phút): Làm sạch da + peel da + đi tinh chất trắng da - Tri ân khách hàng 1 lần duy nhất - Sạch sâu, căng bóng da ngay lần đầu tiên. - Liệu trình giúp giải quyết các vấn đề sắc tố trên da, giúp da sạch - sáng mịn, sạch thâm - đều màu có kiểm soát.","- Thời hạn sử dụng voucher: Đến 31/12/2026. - Địa điểm sử dụng voucher: Ivora Skinlab – 89 Rạch Bùng Binh, Phường Nhiêu Lộc, Thành phố Hồ Chí Minh. ĐT: 035 470 7176. - Fanpage: https://www.facebook.com/ivoraskinlab25 - Áp dụng cho Liệu trình Bright Skin - 3 trong 1 (60 phút): Làm sạch da + peel da + đi tinh chất trắng da - Tri Ân Khách Hàng 1 Lần Duy Nhất - Sạch sâu, căng bóng da ngay lần đầu tiên. - Giúp giải quyết các vấn đề sắc tố trên da, giúp da sạch - sáng mịn, sạch thâm - đều màu có kiểm soát. - Ưu điểm: + Bác sĩ chuyên khoa da thẩm mỹ trực tiếp điều trị để phù hợp với từng loại da. + Cam kết tất cả sản phẩm điều trị trong liệu trình là chính hãng dược mỹ phẩm uy tín. + Cam kết không bong tróc, đau rát. - Áp dụng vào tất cả các ngày trong tuần (trừ Lễ). Giờ áp dụng: 9h-18h. Nghỉ Tết từ ngày 14/2/2026 - 21/02/2026 (từ 27 đến mùng 5 âm lịch). - Áp dụng cho nam và nữ. - Một khách hàng được mua nhiều phiếu để tặng cho người thân, bạn bè… - Sử dụng 01 phiếu/ 01 người/ 01 gói dịch vụ (Không bù tiền). - Không áp dụng đồng thời với các chương trình khuyến mãi khác. - Khách hàng vui lòng đặt chỗ trước khi đến để được phục vụ tốt nhất. - Phiếu không có giá trị quy đổi thành tiền mặt, không trả lại tiền thừa. - Thanh toán online nhận ngay voucher điện tử.","152 đã mua","","2026-08-26T20:49:36.186676"
