"id","partner_id","category_id","name","description","image_url","original_price","sale_price","sale_start","sale_end","usage_start","usage_end","total_quantity","remaining_quantity","is_multi_use","uses_per_code","status","created_at","updated_at"
"7a3fdc4e-a9b0-42af-9cf9-586689159740","76017483-8c15-4527-ae13-32482a89661e","1","Thẻ quà tặng Mala Panda","Tìm kiếm một món quà vừa tinh tế, thiết thực lại mang đến trải nghiệm đáng nhớ? Thẻ quà tặng Mala Panda 1.000.000đ tại LifeLink là lựa chọn lý tưởng để trao gửi niềm vui qua những bữa ăn đậm vị Tứ Xuyên. Từ lẩu Malatang cay tê đến hơn 60 loại topping hấp dẫn, người nhận có thể tự do khám phá và tận hưởng theo sở thích. Thương hiệu Mala Panda – Khám phá hương vị Tứ Xuyên đầy cuốn hút Mala Panda – Điểm hẹn cho tín đồ ẩm thực cay tê Mala Panda là chuỗi nhà hàng chuyên về ẩm thực Tứ Xuyên, gây ấn tượng với phong cách ẩm thực cay tê đặc trưng. Điểm nhấn của nhà hàng là món lẩu Malatang tự chọn, nơi thực khách có thể chủ động kết hợp các nguyên liệu yêu thích để tạo nên một phần ăn theo khẩu vị riêng. Với hơn 60 loại topping đa dạng, trải nghiệm tại Mala Panda không chỉ đơn thuần là thưởng thức món ăn mà còn trở thành một hành trình khám phá đầy màu sắc. Bên cạnh Malatang, các món xào theo phong cách “gắp & cân” cũng mang đến cách thưởng thức mới lạ, phù hợp cho những buổi gặp gỡ bạn bè, gia đình hoặc đồng nghiệp. Mala Panda chú trọng sử dụng nguyên liệu tươi ngon và kết hợp cùng các loại gia vị truyền thống, tạo nên những món ăn đậm đà, hấp dẫn. Hương vị cay, tê đặc trưng của ẩm thực Tứ Xuyên giúp mỗi bữa ăn trở thành một trải nghiệm đáng nhớ. Thẻ quà tặng Mala Panda 1.000.000đ – Trao món quà, gửi trọn trải nghiệm Không chỉ mang giá trị vật chất, Thẻ quà tặng Mala Panda 1.000.000đ còn trao cho người nhận cơ hội chủ động lựa chọn món ăn và tận hưởng khoảng thời gian thư giãn tại nhà hàng. Phiếu quà tặng có giá trị tương đương tiền mặt và được sử dụng để thanh toán hóa đơn dùng tại Mala Panda. Nhờ tính linh hoạt, sản phẩm có thể trở thành lựa chọn phù hợp trong nhiều chương trình quà tặng khác nhau. Đối với doanh nghiệp, đây là giải pháp đáng cân nhắc để làm quà thưởng nhân viên, quà tri ân khách hàng hoặc quà tặng trong các chương trình nội bộ. Thay vì những món quà mang tính cố định, voucher ẩm thực giúp người nhận tự quyết định thời điểm và cách tận hưởng phần quà. Với cá nhân, Thẻ quà tặng Mala Panda 1.000.000đ cũng là món quà ý nghĩa dành tặng bạn bè, người thân vào sinh nhật, lễ, Tết hoặc những dịp cần gửi lời chúc đặc biệt. LifeLink – Giải pháp quà tặng linh hoạt cho cá nhân và doanh nghiệp LifeLink cung cấp Thẻ quà tặng Mala Panda 1.000.000đ nhằm đáp ứng nhu cầu quà tặng ngày càng đa dạng của cá nhân và doanh nghiệp. Sản phẩm kết hợp giữa giá trị sử dụng thực tế và trải nghiệm ẩm thực, giúp người tặng dễ dàng trao gửi một món quà vừa tinh tế vừa thiết thực. Đặc biệt, đối với doanh nghiệp, voucher có thể được lựa chọn trong các hoạt động như khen thưởng nhân viên, tri ân khách hàng, chăm sóc đối tác hoặc làm quà tặng trong các chiến dịch nội bộ. Một bữa ăn ngon cùng những trải nghiệm thú vị có thể tạo nên dấu ấn tích cực và góp phần gia tăng sự gắn kết. Với giá trị 1.000.000đ, người nhận có thêm nhiều lựa chọn để tận hưởng ẩm thực tại Mala Panda theo nhu cầu cá nhân. Đây chính là điểm khiến sản phẩm phù hợp với xu hướng quà tặng hiện đại: ưu tiên trải nghiệm, tính linh hoạt và giá trị sử dụng. LifeLink | Mỗi e-Gift chỉ được sử dụng 01 lần, có thể áp dụng được nhiều e-Gift cho 01 đơn hàng. Không có giá trị quy đổi thành tiền mặt, không được hoàn trả tiền thừa. Nếu giá trị đơn hàng của khách hàng vượt quá giá trị của e-Gift thì khách hàng phải thanh toán thêm khoản chênh lệch đó. Nhà hàng sẽ xuất hóa đơn khi khách hàng có yêu cầu. Khách hàng có trách nhiệm bảo mật thông tin mã thẻ quà tặng sau khi đặt mua. LifeLink sẽ không chịu trách nhiệm hoàn trả các mã thẻ bị mất hoặc ở trạng thái ""Đã sử dụng"" với bất kỳ lý do gì. LifeLink sẽ không chịu trách nhiệm đối với chất lượng sản phẩm hoặc dịch vụ được cung cấp cũng như đối với các tranh chấp về sau giữa khách hàng và nhà cung cấp. LifeLink có quyền sửa chữa hoặc thay đổi điều khoản và điều kiện sử dụng mà không thông báo trước. Hotline LifeLink: 1900 2065","//cdn.lifelink.vn/img/s800x400/Anh-the-qua-tang-Mala-Panda_26082026101921.jpg?sign=gIXoRX8Ur_RF6cjmr7vbWw","1100000.00","1000000.00","2026-08-01T00:00:00.000Z","2026-12-31T23:59:59.000Z","2026-08-01T00:00:00.000Z","2026-12-31T23:59:59.000Z","93","83","true","2","on_sale","2026-08-26T00:00:00.000Z","2026-08-26T00:00:00.000Z"
"388c3bf0-4d6c-43f1-8fac-d94f30b9401f","76017483-8c15-4527-ae13-32482a89661e","1","Thẻ quà tặng Mala Panda","Trao quà nhỏ – đánh thức vị ngon! Thẻ quà tặng Mala Panda 30.000đ tại LifeLink mang đến trải nghiệm ẩm thực Tứ Xuyên cay tê cuốn hút, với lẩu Malatang và hơn 60 loại topping hấp dẫn. Nhỏ gọn, thiết thực, dễ tặng – một món quà nhỏ, một niềm vui thật lớn! Mala Panda – Đánh thức vị giác với ẩm thực Tứ Xuyên Lẩu Malatang tự chọn – Hơn 60 topping, thỏa sức khám phá Mala Panda là chuỗi nhà hàng chuyên về ẩm thực Tứ Xuyên, nổi bật với lẩu Malatang tự chọn và các món xào theo phong cách “gắp & cân”. Với hơn 60 loại topping đa dạng, thực khách có thể tự do lựa chọn nguyên liệu yêu thích và kết hợp theo khẩu vị riêng. Hương vị cay tê đặc trưng cùng nguyên liệu tươi ngon và các loại gia vị truyền thống tạo nên những món ăn đậm đà, hấp dẫn. Mala Panda mang đến không chỉ một bữa ăn ngon mà còn là trải nghiệm ẩm thực đầy màu sắc và thú vị. Thẻ quà tặng 30.000đ – Món quà nhỏ, trao niềm vui lớn Thẻ quà tặng Mala Panda 30.000đ có giá trị tương đương tiền mặt và được dùng để thanh toán hóa đơn tại nhà hàng theo điều kiện áp dụng. Người nhận có thể chủ động lựa chọn món ăn và tận hưởng trải nghiệm phù hợp với sở thích. Sản phẩm thích hợp làm quà tặng trong nhiều dịp như sinh nhật, lễ Tết, kỷ niệm hoặc những buổi gặp gỡ thân mật. Với doanh nghiệp, đây cũng là lựa chọn tiện lợi để thưởng nhân viên, tri ân khách hàng hoặc tạo thêm sự gắn kết trong tập thể. LifeLink – Giải pháp quà tặng tiện lợi, trao gửi dễ dàng LifeLink cung cấp đa dạng giải pháp quà tặng, giúp cá nhân và doanh nghiệp dễ dàng lựa chọn sản phẩm phù hợp với từng nhu cầu. Thẻ quà tặng Mala Panda 30.000đ là lựa chọn phù hợp khi bạn muốn trao một món quà đơn giản nhưng vẫn mang đến giá trị trải nghiệm. Thay vì một món quà thông thường, hãy trao cơ hội để người nhận tự lựa chọn món ăn yêu thích, thưởng thức hương vị Tứ Xuyên và tận hưởng những phút giây vui vẻ cùng bạn bè, gia đình. LifeLink | Mỗi e-Gift chỉ được sử dụng 01 lần, có thể áp dụng được nhiều e-Gift cho 01 đơn hàng. Không có giá trị quy đổi thành tiền mặt, không được hoàn trả tiền thừa. Nếu giá trị đơn hàng của khách hàng vượt quá giá trị của e-Gift thì khách hàng phải thanh toán thêm khoản chênh lệch đó. Nhà hàng sẽ xuất hóa đơn khi khách hàng có yêu cầu. Khách hàng có trách nhiệm bảo mật thông tin mã thẻ quà tặng sau khi đặt mua. LifeLink sẽ không chịu trách nhiệm hoàn trả các mã thẻ bị mất hoặc ở trạng thái ""Đã sử dụng"" với bất kỳ lý do gì. LifeLink sẽ không chịu trách nhiệm đối với chất lượng sản phẩm hoặc dịch vụ được cung cấp cũng như đối với các tranh chấp về sau giữa khách hàng và nhà cung cấp. LifeLink có quyền sửa chữa hoặc thay đổi điều khoản và điều kiện sử dụng mà không thông báo trước. Hotline LifeLink: 1900 2065","//cdn.lifelink.vn/img/s800x400/Anh-the-qua-tang-Mala-Panda_26082026101921.jpg?sign=gIXoRX8Ur_RF6cjmr7vbWw","33000.00","30000.00","2026-08-01T00:00:00.000Z","2026-12-31T23:59:59.000Z","2026-08-01T00:00:00.000Z","2026-12-31T23:59:59.000Z","26","16","true","5","on_sale","2026-08-26T00:00:00.000Z","2026-08-26T00:00:00.000Z"
"3936e35e-4bc9-46fc-a058-205592c4a56d","76017483-8c15-4527-ae13-32482a89661e","1","Thẻ quà tặng Mala Panda","Trao quà nhỏ – nhận niềm vui lớn! Thẻ quà tặng Mala Panda 50.000đ tại LifeLink mang đến cơ hội thưởng thức ẩm thực Tứ Xuyên cay tê hấp dẫn, từ lẩu Malatang đến hơn 60 loại topping đa dạng. Một món quà vừa tiện lợi, vừa thú vị – tặng vị ngon, trao khoảnh khắc đáng nhớ! Mala Panda – Bùng vị Tứ Xuyên, thỏa sức khám phá Lẩu Malatang tự chọn – Hơn 60 topping, vô vàn trải nghiệm Mala Panda là chuỗi nhà hàng chuyên về ẩm thực Tứ Xuyên, nổi bật với lẩu Malatang tự chọn và các món xào theo phong cách “gắp & cân”. Với hơn 60 loại topping đa dạng, thực khách có thể thoải mái lựa chọn nguyên liệu yêu thích và tạo nên phần ăn theo khẩu vị riêng. Hương vị cay tê đặc trưng của Tứ Xuyên kết hợp cùng nguyên liệu tươi ngon và các loại gia vị truyền thống tạo nên những món ăn đậm đà, hấp dẫn. Mỗi bữa ăn tại Mala Panda vì thế không chỉ ngon miệng mà còn là một hành trình khám phá hương vị đầy màu sắc. Thẻ quà tặng 50.000đ – Món quà nhỏ, trao trải nghiệm thật vui Thẻ quà tặng Mala Panda 50.000đ có giá trị tương đương tiền mặt và được dùng để thanh toán hóa đơn tại nhà hàng theo điều kiện áp dụng. Người nhận có thể chủ động sử dụng phiếu để thưởng thức món ăn yêu thích và tận hưởng trải nghiệm ẩm thực theo cách riêng. Đây là món quà phù hợp cho sinh nhật, lễ Tết, kỷ niệm, các chương trình nội bộ hoặc đơn giản là một lời mời “đi ăn ngon nhé!”. Doanh nghiệp cũng có thể sử dụng phiếu làm phần thưởng nhỏ, quà tri ân nhân viên hoặc quà tặng khách hàng. LifeLink – Giải pháp quà tặng tiện lợi, trao niềm vui dễ dàng LifeLink cung cấp đa dạng giải pháp quà tặng, giúp cá nhân và doanh nghiệp dễ dàng lựa chọn sản phẩm phù hợp với từng nhu cầu. Thẻ quà tặng Mala Panda 50.000đ nổi bật bởi sự tiện lợi, thiết thực và khả năng mang đến trải nghiệm ẩm thực thú vị cho người nhận. Thay vì một món quà thông thường, bạn có thể trao một cơ hội thưởng thức món ngon, gặp gỡ bạn bè và tận hưởng những phút giây thư giãn. Một lựa chọn đơn giản nhưng đủ để thể hiện sự quan tâm theo cách gần gũi và tinh tế. LifeLink | Mỗi e-Gift chỉ được sử dụng 01 lần, có thể áp dụng được nhiều e-Gift cho 01 đơn hàng. Không có giá trị quy đổi thành tiền mặt, không được hoàn trả tiền thừa. Nếu giá trị đơn hàng của khách hàng vượt quá giá trị của e-Gift thì khách hàng phải thanh toán thêm khoản chênh lệch đó. Nhà hàng sẽ xuất hóa đơn khi khách hàng có yêu cầu. Khách hàng có trách nhiệm bảo mật thông tin mã thẻ quà tặng sau khi đặt mua. LifeLink sẽ không chịu trách nhiệm hoàn trả các mã thẻ bị mất hoặc ở trạng thái ""Đã sử dụng"" với bất kỳ lý do gì. LifeLink sẽ không chịu trách nhiệm đối với chất lượng sản phẩm hoặc dịch vụ được cung cấp cũng như đối với các tranh chấp về sau giữa khách hàng và nhà cung cấp. LifeLink có quyền sửa chữa hoặc thay đổi điều khoản và điều kiện sử dụng mà không thông báo trước. Hotline LifeLink: 1900 2065","//cdn.lifelink.vn/img/s800x400/Anh-the-qua-tang-Mala-Panda_26082026101921.jpg?sign=gIXoRX8Ur_RF6cjmr7vbWw","55000.00","50000.00","2026-08-01T00:00:00.000Z","2026-12-31T23:59:59.000Z","2026-08-01T00:00:00.000Z","2026-12-31T23:59:59.000Z","15","5","true","5","on_sale","2026-08-26T00:00:00.000Z","2026-08-26T00:00:00.000Z"
"b81fe199-5d8c-4b1f-8389-2b89d78bc6dc","76017483-8c15-4527-ae13-32482a89661e","1","Thẻ quà tặng Mala Panda","LifeLink mang đến Thẻ quà tặng Mala Panda 100.000đ – món quà nhỏ gọn nhưng đầy trải nghiệm dành cho những tín đồ yêu thích ẩm thực Tứ Xuyên. Với giá trị thiết thực, dễ trao tặng và dễ sử dụng, đây là lựa chọn lý tưởng cho sinh nhật, lễ Tết, tri ân hoặc đơn giản là một lời mời thưởng thức món ngon. Mala Panda – Bùng vị Tứ Xuyên, thỏa sức khám phá Lẩu Malatang tự chọn – Hơn 60 topping, thỏa vị đam mê Mala Panda là chuỗi nhà hàng chuyên về ẩm thực Tứ Xuyên, nổi bật với lẩu Malatang tự chọn và các món xào theo phong cách “gắp & cân”. Với hơn 60 loại topping đa dạng, thực khách có thể tự do lựa chọn nguyên liệu yêu thích và tạo nên phần ăn theo khẩu vị riêng. Hương vị cay tê đặc trưng kết hợp cùng nguyên liệu tươi ngon và gia vị truyền thống tạo nên những món ăn đậm đà, hấp dẫn. Mala Panda không chỉ mang đến một bữa ăn ngon mà còn tạo nên trải nghiệm ẩm thực đầy màu sắc và thú vị. Món quà 100.000đ – Nhỏ gọn nhưng đầy ý nghĩa Thẻ quà tặng Mala Panda 100.000đ có giá trị tương đương tiền mặt và được sử dụng để thanh toán hóa đơn tại nhà hàng theo điều kiện áp dụng. Người nhận có thể chủ động lựa chọn món ăn, topping và tận hưởng hương vị yêu thích. Đây là món quà phù hợp để dành tặng bạn bè, người thân, đồng nghiệp trong những dịp sinh nhật, lễ Tết hay những ngày đặc biệt. Với doanh nghiệp, phiếu quà tặng cũng là giải pháp tiện lợi để thưởng nhân viên, tri ân khách hàng và tạo thêm sự gắn kết trong tập thể. LifeLink – Trao quà tiện lợi, gửi trọn trải nghiệm LifeLink cung cấp các giải pháp quà tặng đa dạng, giúp cá nhân và doanh nghiệp dễ dàng lựa chọn món quà phù hợp. Thẻ quà tặng Mala Panda 100.000đ là lựa chọn đáng cân nhắc khi bạn muốn trao một món quà thiết thực nhưng vẫn mang đến trải nghiệm đáng nhớ. Thay vì tặng một món quà thông thường, hãy trao cho người nhận cơ hội tự lựa chọn món ăn yêu thích và tận hưởng những phút giây vui vẻ bên bạn bè, gia đình. LifeLink | Mỗi e-Gift chỉ được sử dụng 01 lần, có thể áp dụng được nhiều e-Gift cho 01 đơn hàng. Không có giá trị quy đổi thành tiền mặt, không được hoàn trả tiền thừa. Nếu giá trị đơn hàng của khách hàng vượt quá giá trị của e-Gift thì khách hàng phải thanh toán thêm khoản chênh lệch đó. Nhà hàng sẽ xuất hóa đơn khi khách hàng có yêu cầu. Khách hàng có trách nhiệm bảo mật thông tin mã thẻ quà tặng sau khi đặt mua. LifeLink sẽ không chịu trách nhiệm hoàn trả các mã thẻ bị mất hoặc ở trạng thái ""Đã sử dụng"" với bất kỳ lý do gì. LifeLink sẽ không chịu trách nhiệm đối với chất lượng sản phẩm hoặc dịch vụ được cung cấp cũng như đối với các tranh chấp về sau giữa khách hàng và nhà cung cấp. LifeLink có quyền sửa chữa hoặc thay đổi điều khoản và điều kiện sử dụng mà không thông báo trước. Hotline LifeLink: 1900 2065","//cdn.lifelink.vn/img/s800x400/Anh-the-qua-tang-Mala-Panda_26082026101921.jpg?sign=gIXoRX8Ur_RF6cjmr7vbWw","110000.00","100000.00","2026-08-01T00:00:00.000Z","2026-12-31T23:59:59.000Z","2026-08-01T00:00:00.000Z","2026-12-31T23:59:59.000Z","106","96","true","4","on_sale","2026-08-26T00:00:00.000Z","2026-08-26T00:00:00.000Z"
"8a5b382e-5497-4e6b-870d-47c591e28cf5","76017483-8c15-4527-ae13-32482a89661e","1","Thẻ quà tặng Mala Panda","Trao quà thật ngon – gửi niềm vui thật trọn! Thẻ quà tặng Mala Panda 200.000đ tại LifeLink mở ra trải nghiệm ẩm thực Tứ Xuyên cay tê cuốn hút, từ lẩu Malatang tự chọn đến hơn 60 loại topping hấp dẫn. Một món quà nhỏ nhưng đầy tinh tế, phù hợp để tặng người thân, bạn bè, đồng nghiệp hay thưởng nhân viên. Tặng một phiếu quà – trao một cuộc hẹn ngon! Mala Panda – Bùng vị Tứ Xuyên, thỏa sức khám phá Lẩu Malatang tự chọn – Hơn 60 topping, vô vàn lựa chọn Mala Panda là chuỗi nhà hàng chuyên về ẩm thực Tứ Xuyên, nổi bật với món lẩu Malatang tự chọn và các món xào theo phong cách “gắp & cân”. Với hơn 60 loại topping đa dạng, thực khách có thể tự do lựa chọn nguyên liệu yêu thích để tạo nên phần ăn phù hợp với khẩu vị. Hương vị cay tê đặc trưng kết hợp cùng nguyên liệu tươi ngon và gia vị truyền thống tạo nên những món ăn đậm đà, hấp dẫn. Không chỉ đơn thuần là thưởng thức món ngon, mỗi lần đến Mala Panda còn là một hành trình khám phá ẩm thực đầy màu sắc và thú vị. Món quà 200.000đ – Thiết thực, dễ tặng, dễ tạo niềm vui Thẻ quà tặng Mala Panda 200.000đ có giá trị tương đương tiền mặt và được sử dụng để thanh toán hóa đơn tại nhà hàng theo điều kiện áp dụng. Người nhận có thể chủ động lựa chọn món ăn và tận hưởng bữa ăn theo sở thích. Đây là lựa chọn phù hợp cho nhiều dịp như sinh nhật, lễ Tết, kỷ niệm hay đơn giản là một lời mời thưởng thức món ngon. Với doanh nghiệp, phiếu quà tặng cũng có thể được sử dụng để thưởng nhân viên, tri ân khách hàng hoặc tạo thêm động lực trong các chương trình nội bộ. LifeLink – Trao quà tiện lợi, kết nối những trải nghiệm đáng nhớ LifeLink cung cấp các giải pháp quà tặng đa dạng, giúp cá nhân và doanh nghiệp dễ dàng lựa chọn món quà phù hợp với từng đối tượng và mục đích. Thẻ quà tặng Mala Panda 200.000đ là một trong những lựa chọn nổi bật khi bạn muốn trao tặng giá trị thiết thực nhưng vẫn mang đến trải nghiệm thú vị cho người nhận. Thay vì một món quà vật chất thông thường, hãy trao cơ hội để người nhận tự lựa chọn món ăn yêu thích, tận hưởng hương vị Tứ Xuyên và có thêm những khoảnh khắc vui vẻ bên bạn bè, gia đình. LifeLink | Mỗi e-Gift chỉ được sử dụng 01 lần, có thể áp dụng được nhiều voucher cho 01 đơn hàng. Không có giá trị quy đổi thành tiền mặt, không được hoàn trả tiền thừa. Nếu giá trị đơn hàng của khách hàng vượt quá giá trị của e-Gift thì khách hàng phải thanh toán thêm khoản chênh lệch đó. Nhà hàng sẽ xuất hóa đơn khi khách hàng có yêu cầu. Khách hàng có trách nhiệm bảo mật thông tin mã thẻ quà tặng sau khi đặt mua. LifeLink sẽ không chịu trách nhiệm hoàn trả các mã thẻ bị mất hoặc ở trạng thái ""Đã sử dụng"" với bất kỳ lý do gì. LifeLink sẽ không chịu trách nhiệm đối với chất lượng sản phẩm hoặc dịch vụ được cung cấp cũng như đối với các tranh chấp về sau giữa khách hàng và nhà cung cấp. LifeLink có quyền sửa chữa hoặc thay đổi điều khoản và điều kiện sử dụng mà không thông báo trước. Hotline LifeLink: 1900 2065","//cdn.lifelink.vn/img/s800x400/Anh-the-qua-tang-Mala-Panda_26082026101921.jpg?sign=gIXoRX8Ur_RF6cjmr7vbWw","220000.00","200000.00","2026-08-01T00:00:00.000Z","2026-12-31T23:59:59.000Z","2026-08-01T00:00:00.000Z","2026-12-31T23:59:59.000Z","47","37","true","4","on_sale","2026-08-26T00:00:00.000Z","2026-08-26T00:00:00.000Z"
"6b448fbc-4ead-48ca-885a-020c9d034ada","76017483-8c15-4527-ae13-32482a89661e","1","Thẻ quà tặng Mala Panda","Trao một món quà – mở ra cả một trải nghiệm vị giác! Thẻ quà tặng Mala Panda 500.000đ tại LifeLink mang đến cơ hội khám phá ẩm thực Tứ Xuyên đậm vị với lẩu Malatang, hơn 60 loại topping và hương vị cay tê đầy cuốn hút. Dù là quà sinh nhật, tri ân hay thưởng nhân viên, đây là lựa chọn vừa tinh tế, thiết thực, vừa đủ đặc biệt để người nhận có một bữa ăn ngon và những khoảnh khắc đáng nhớ. Tặng vị ngon – trao niềm vui – lưu giữ kỷ niệm cùng Mala Panda! Mala Panda – Khám phá thiên đường ẩm thực Tứ Xuyên đậm vị Lẩu Malatang và hơn 60 loại topping – Tự chọn để thỏa vị Mala Panda là chuỗi nhà hàng chuyên về ẩm thực Tứ Xuyên, nổi bật với lẩu Malatang tự chọn và các món xào theo phong cách “gắp & cân”. Với hơn 60 loại topping đa dạng, thực khách có thể tự do lựa chọn nguyên liệu yêu thích, kết hợp theo khẩu vị và tạo nên một bữa ăn mang dấu ấn riêng. Sức hấp dẫn của Mala Panda còn đến từ hương vị cay tê đặc trưng của ẩm thực Tứ Xuyên. Nguyên liệu tươi ngon được kết hợp cùng các loại gia vị truyền thống, tạo nên những món ăn đậm đà, thơm ngon và kích thích vị giác. Sở hữu Thẻ quà tặng Mala Panda 500.000đ, người nhận có thể tận hưởng một bữa ăn phong phú hơn, thoải mái lựa chọn những món ăn yêu thích và cùng bạn bè, gia đình tạo nên những khoảnh khắc đáng nhớ. Món quà 500.000đ – Thiết thực, sang trọng và giàu trải nghiệm Thay vì những món quà vật chất quen thuộc, một trải nghiệm ẩm thực luôn có khả năng tạo nên những kỷ niệm đáng nhớ. Thẻ quà tặng Mala Panda 500.000đ mang đến sự chủ động cho người nhận khi có thể sử dụng giá trị phiếu để thanh toán hóa đơn tại nhà hàng theo điều kiện áp dụng. Đây là món quà phù hợp cho nhiều dịp như sinh nhật, lễ Tết, kỷ niệm, chúc mừng hoặc tri ân. Với doanh nghiệp, phiếu quà tặng cũng là lựa chọn hiệu quả để thưởng nhân viên, tri ân khách hàng, đối tác hoặc tạo động lực trong các chương trình nội bộ. LifeLink – Giải pháp quà tặng tiện lợi cho cá nhân và doanh nghiệp LifeLink cung cấp các sản phẩm quà tặng đa dạng, giúp việc lựa chọn và trao gửi quà trở nên đơn giản, nhanh chóng và phù hợp với nhiều nhu cầu. Thẻ quà tặng Mala Panda 500.000đ nổi bật bởi giá trị thiết thực, phù hợp với những người yêu thích ẩm thực và mong muốn có một trải nghiệm ăn uống thú vị. Không cần mất nhiều thời gian tìm kiếm món quà phù hợp, bạn có thể trao tặng một phiếu quà tặng để người nhận tự lựa chọn thời điểm và món ăn yêu thích. Đây cũng là cách doanh nghiệp tạo thêm giá trị cho chính sách phúc lợi, khen thưởng và chăm sóc nhân viên, khách hàng. LifeLink | Mỗi e-Gift chỉ được sử dụng 01 lần, có thể áp dụng được nhiều e-Gift cho 01 đơn hàng. Không có giá trị quy đổi thành tiền mặt, không được hoàn trả tiền thừa. Nếu giá trị đơn hàng của khách hàng vượt quá giá trị của e-Gift thì khách hàng phải thanh toán thêm khoản chênh lệch đó. Nhà hàng sẽ xuất hóa đơn khi khách hàng có yêu cầu. Khách hàng có trách nhiệm bảo mật thông tin mã thẻ quà tặng sau khi đặt mua. LifeLink sẽ không chịu trách nhiệm hoàn trả các mã thẻ bị mất hoặc ở trạng thái ""Đã sử dụng"" với bất kỳ lý do gì. LifeLink sẽ không chịu trách nhiệm đối với chất lượng sản phẩm hoặc dịch vụ được cung cấp cũng như đối với các tranh chấp về sau giữa khách hàng và nhà cung cấp. LifeLink có quyền sửa chữa hoặc thay đổi điều khoản và điều kiện sử dụng mà không thông báo trước. Hotline LifeLink: 1900 2065","//cdn.lifelink.vn/img/s800x400/Anh-the-qua-tang-Mala-Panda_26082026101921.jpg?sign=gIXoRX8Ur_RF6cjmr7vbWw","550000.00","500000.00","2026-08-01T00:00:00.000Z","2026-12-31T23:59:59.000Z","2026-08-01T00:00:00.000Z","2026-12-31T23:59:59.000Z","43","33","true","3","on_sale","2026-08-26T00:00:00.000Z","2026-08-26T00:00:00.000Z"
"36cce39b-8af2-4066-b944-820760a2e340","76017483-8c15-4527-ae13-32482a89661e","1","Thẻ quà tặng Mala Panda","LifeLink cung cấp Thẻ quà tặng Mala Panda 20.000đ – lựa chọn quà tặng tiện lợi dành cho những ai yêu thích ẩm thực Tứ Xuyên. Với giá trị tương đương tiền mặt và có thể sử dụng để thanh toán hóa đơn tại nhà hàng, sản phẩm vừa thiết thực vừa dễ dàng trao tặng trong nhiều dịp. Khám phá Mala Panda – Thiên đường ẩm thực Tứ Xuyên đầy cuốn hút Hơn 60 loại topping – Tự chọn, tự cân, tự thưởng thức Mala Panda là chuỗi nhà hàng chuyên về ẩm thực Tứ Xuyên, nổi bật với lẩu Malatang tự chọn và các món xào theo phong cách “gắp & cân”. Điểm hấp dẫn nằm ở sự tự do lựa chọn: thực khách có thể tùy ý kết hợp hơn 60 loại topping đa dạng để tạo nên một bữa ăn theo đúng khẩu vị riêng. Không chỉ gây ấn tượng bởi vị cay tê đặc trưng, Mala Panda còn mang đến trải nghiệm ẩm thực đầy màu sắc. Nguyên liệu tươi ngon được kết hợp cùng các loại gia vị truyền thống, tạo nên những món ăn đậm đà, hấp dẫn và khó quên. Thẻ quà tặng Mala Panda 20.000đ giúp người nhận dễ dàng sử dụng giá trị phiếu để thanh toán cho hóa đơn tại nhà hàng, biến một món quà nhỏ thành cơ hội khám phá thế giới ẩm thực Tứ Xuyên thú vị. Món quà thiết thực cho mọi dịp – Tặng trải nghiệm thay lời yêu thương Một món quà ý nghĩa không nhất thiết phải thật lớn, quan trọng là mang đến niềm vui cho người nhận. Thẻ quà tặng Mala Panda 20.000đ là gợi ý phù hợp dành cho bạn bè, người thân, đồng nghiệp hoặc nhân viên trong những dịp đặc biệt. Doanh nghiệp có thể sử dụng phiếu quà tặng để thưởng nhân viên, tri ân khách hàng hoặc làm quà tặng trong các chương trình nội bộ. Với cá nhân, đây là lựa chọn thú vị cho sinh nhật, lễ Tết, ngày kỷ niệm hoặc đơn giản là món quà bất ngờ dành cho một người yêu ẩm thực. LifeLink – Trao quà dễ dàng, kết nối những trải nghiệm đáng nhớ LifeLink mang đến các giải pháp quà tặng tiện lợi, phù hợp cho cả nhu cầu cá nhân và doanh nghiệp. Thẻ quà tặng Mala Panda 20.000đ là một lựa chọn đáng cân nhắc khi bạn muốn gửi tặng đồng nghiệp, nhân viên, bạn bè hoặc người thân một món quà vừa thiết thực vừa có giá trị trải nghiệm. Doanh nghiệp có thể sử dụng phiếu quà tặng làm phần thưởng, quà tri ân nhân viên hoặc quà tặng trong các chương trình nội bộ. Với cá nhân, đây cũng là món quà nhỏ xinh dành tặng người thân, bạn bè trong dịp sinh nhật, lễ Tết hay đơn giản là một lời mời “đi ăn ngon nhé!”. LifeLink | Mỗi e-Gift chỉ được sử dụng 01 lần, có thể áp dụng được nhiều e-Gift cho 01 đơn hàng. Không có giá trị quy đổi thành tiền mặt, không được hoàn trả tiền thừa. Nếu giá trị đơn hàng của khách hàng vượt quá giá trị của e-Gift thì khách hàng phải thanh toán thêm khoản chênh lệch đó. Nhà hàng sẽ xuất hóa đơn khi khách hàng có yêu cầu. Khách hàng có trách nhiệm bảo mật thông tin mã thẻ quà tặng sau khi đặt mua. LifeLink sẽ không chịu trách nhiệm hoàn trả các mã thẻ bị mất hoặc ở trạng thái ""Đã sử dụng"" với bất kỳ lý do gì. LifeLink sẽ không chịu trách nhiệm đối với chất lượng sản phẩm hoặc dịch vụ được cung cấp cũng như đối với các tranh chấp về sau giữa khách hàng và nhà cung cấp. LifeLink có quyền sửa chữa hoặc thay đổi điều khoản và điều kiện sử dụng mà không thông báo trước. Hotline LifeLink: 1900 2065","//cdn.lifelink.vn/img/s800x400/Anh-the-qua-tang-Mala-Panda_26082026101921.jpg?sign=gIXoRX8Ur_RF6cjmr7vbWw","22000.00","20000.00","2026-08-01T00:00:00.000Z","2026-12-31T23:59:59.000Z","2026-08-01T00:00:00.000Z","2026-12-31T23:59:59.000Z","40","30","true","5","on_sale","2026-08-26T00:00:00.000Z","2026-08-26T00:00:00.000Z"
"63b8e3a3-e147-4e8b-9fed-a91543455dff","0844adbf-eee5-4531-98b9-a34dd4f22693","5","Buffet chay tươi ngon áp dụng tại Nhà hàng Chay Tầm Vị","Giữa nhịp sống ngày càng vội vã, đôi khi điều chúng ta cần chỉ là một bữa ăn thật ngon, một không gian đủ yên tĩnh và vài giờ phút được thảnh thơi bên những người mình yêu quý. Buffet chay tại Nhà hàng Chay Tầm Vị mang đến chính trải nghiệm ấy – nơi những nguyên liệu tươi ngon được biến tấu thành hơn 50 món chay đa dạng, đậm đà và tinh tế, để mỗi lần thưởng thức đều là một hành trình khám phá vị giác đầy bất ngờ. Buffet chay tươi ngon tại Nhà hàng Chay Tầm Vị – Trải nghiệm ẩm thực thanh lành, trọn vẹn Chay Tầm Vị – Nơi hội tụ tinh hoa Buffet chay thanh lành và tinh tế Chay Tầm Vị ra đời từ hành trình đi tìm “Hương Mỹ Vị chay” - những hương vị không chỉ ngon miệng mà còn mang đến cảm giác bình yên, nhẹ nhàng và thư thái trong tâm hồn. Tại đây, ẩm thực chay được nhìn nhận theo một cách khác: không đơn thuần là những món ăn thanh đạm mà còn có thể phong phú, đậm đà, đẹp mắt và đủ sức chinh phục nhiều khẩu vị. Hơn 50 món chay thay đổi mỗi ngày - Mỗi lần đến là một hành trình vị giác mới Điểm hấp dẫn của Buffet chay tại Chay Tầm Vị nằm ở sự đa dạng. Với hơn 50 món chay được thay đổi mỗi ngày, thực khách có thêm nhiều lựa chọn để khám phá và thưởng thức. Các món ăn được chế biến theo hướng thanh nhẹ nhưng vẫn chú trọng hương vị. Từ những món mang nét quen thuộc của ẩm thực châu Á đến các món được biến tấu theo phong cách hiện đại, thực đơn tạo nên sự cân bằng giữa truyền thống và sáng tạo. Đặc biệt, Chay Tầm Vị kết hợp tinh hoa ẩm thực Á – Âu hiện đại, mang đến những trải nghiệm mới mẻ cho cả người thường xuyên ăn chay lẫn thực khách chỉ đơn giản muốn tìm một bữa ăn nhẹ nhàng. Sự đa dạng của thực đơn cũng khiến mỗi lần ghé nhà hàng trở thành một trải nghiệm khác nhau. Thực khách có thể thoải mái lựa chọn những món phù hợp sở thích, thưởng thức nhiều hương vị trong cùng một bữa ăn và tận hưởng trọn vẹn khoảng thời gian bên những người thân yêu. Không gian sang trọng, yên tĩnh – Thưởng thức món chay trong những phút giây an nhiên Không gian là một phần quan trọng trong trải nghiệm tại Chay Tầm Vị. Nhà hàng được thiết kế theo phong cách ấm cúng, sang trọng và thanh lịch, với bàn dài rộng rãi cùng ánh đèn vàng dịu nhẹ. Cách bài trí tạo cảm giác gần gũi nhưng vẫn đảm bảo sự lịch sự và riêng tư. Đây là không gian phù hợp để gia đình cùng dùng bữa, bạn bè trò chuyện hoặc tổ chức những buổi gặp gỡ ý nghĩa. Giữa nhịp sống bận rộn, một bữa Buffet chay trong không gian yên tĩnh có thể trở thành khoảng thời gian để mỗi người tạm gác lại công việc, thưởng thức món ăn chậm rãi và kết nối với những người bên cạnh. LifeLink – Đưa trải nghiệm Buffet chay Chay Tầm Vị đến gần bạn hơn LifeLink cung cấp dịch vụ Buffet chay tại Nhà hàng Chay Tầm Vị, giúp thực khách dễ dàng lựa chọn một điểm đến phù hợp cho những bữa ăn thanh lành và những cuộc gặp gỡ đáng nhớ. Không chỉ hướng đến nhu cầu ăn chay, dịch vụ còn phù hợp với những người muốn thay đổi khẩu vị, tìm kiếm một bữa ăn nhẹ nhàng hoặc đơn giản là tận hưởng một không gian thư thái giữa cuộc sống thường nhật. Đặt dịch vụ Buffet chay tại LifeLink ngay hôm nay và cùng gia đình, bạn bè tận hưởng một bữa ăn thanh lành, trọn vị ngon và lưu giữ những khoảnh khắc thật ý nghĩa tại Chay Tầm Vị. LifeLink | Khách hàng áp dụng: Tất cả khách hàng Ngày áp dụng: Thứ 2- chủ nhật, không áp dụng ngày rằm và mùng 1 âm lịch Giờ áp dụng: Trưa: 11:00 – 14:00 Tối: 18:00 – 21:00 Số lượng E-Voucher áp dụng: 1 voucher/ 1 khách Thông tin liên hệ đặt dịch vụ: Hotline lifelink (9h00-20h00): 1900 2065 Hotline nhà hàng: 0986 896 030 Địa chỉ: 50B Châu Long - Ba Đình - Hà Nội Điều kiện khác Áp dụng 01 E-Voucher cho 01 khách Một khách hàng được mua nhiều E-Voucher E-Voucher không có giá trị quy đổi thành tiền mặt, không trả lại tiền thừa. Không áp dụng đồng thời với chương trình khuyến mại khác","//cdn.lifelink.vn/img/s800x400/ADD-Chay-Tam-Vi_12082026142301.jpg?sign=IkBU7mkWWhYk8uTqY8nWZA","119000.00","109000.00","2026-08-01T00:00:00.000Z","2026-12-31T23:59:59.000Z","2026-08-01T00:00:00.000Z","2026-12-31T23:59:59.000Z","29","19","true","4","on_sale","2026-08-26T00:00:00.000Z","2026-08-26T00:00:00.000Z"
"401841a3-dc2d-47ce-9378-ce0e346bd00b","a8e2c176-e1b7-4735-b1b8-cbcf66424c7e","5","Voucher Buffet dành cho 4 người tại Spicy Box","Nếu bạn đang tìm kiếm Voucher Buffet dành cho 4 người tại Spicy Box để cùng gia đình, bạn bè hay đồng nghiệp thưởng thức một bữa tiệc buffet chuẩn Hàn Quốc với chi phí tiết kiệm, LifeLink chính là lựa chọn hoàn hảo. Với Voucher Buffet dành cho 4 người tại Spicy Box, cả nhóm sẽ được thỏa sức khám phá buffet lẩu tokbokki không giới hạn cùng hàng chục món ăn hấp dẫn và những loại nước sốt độc quyền mang đậm hương vị Hàn Quốc. Khám Phá Voucher Buffet dành cho 4 người tại Spicy Box – Bữa Tiệc Buffet Trọn Vẹn Cho Cả Nhóm Thưởng Thức Buffet Tokbokki Không Giới Hạn Cùng Người Thân LifeLink mang đến Voucher Buffet dành cho 4 người tại Spicy Box, giúp bạn và những người thân yêu tận hưởng bữa tiệc buffet lẩu tokbokki chuẩn Hàn với mức giá ưu đãi. Đây là lựa chọn lý tưởng cho các buổi họp mặt gia đình, liên hoan công ty, sinh nhật hay những dịp gặp gỡ bạn bè vào cuối tuần. Spicy Box mang đến trải nghiệm buffet tự phục vụ đầy thú vị. Bạn có thể tự do lựa chọn nguyên liệu yêu thích, pha chế nước lẩu theo khẩu vị riêng và thưởng thức bữa ăn mà không bị giới hạn thời gian. Đây chính là điểm khác biệt giúp mỗi buổi gặp gỡ trở nên vui vẻ và đáng nhớ hơn. Thực Đơn Buffet Phong Phú – Thỏa Sức Khám Phá Với Voucher Buffet dành cho 4 người tại Spicy Box, cả nhóm sẽ được thưởng thức hàng loạt món ăn hấp dẫn như: Đa dạng các loại bánh gạo tokbokki, đặc biệt có bánh gạo nhân phô mai. Thịt ba chỉ heo và thịt bò tươi ngon. Nhiều loại rau xanh như cải bó xôi, cải thảo, cà rốt, cần tây. Các loại nấm tươi như nấm kim châm và nấm đùi gà. Trứng luộc, cá viên, đậu hũ, xúc xích. Cơm trộn Hàn Quốc, kimbap, viền gà phô mai, hải sản lăn bột chiên. Gà rán, tempura, đồ chiên và chả cá Hàn Quốc. Điểm nhấn của Spicy Box chính là hệ thống nước sốt độc quyền được chế biến từ nguyên liệu nhập khẩu Hàn Quốc. Thực khách có thể lựa chọn nhiều cấp độ từ sốt ngọt, ít cay, cay vừa đến cay nhiều để tạo nên nồi lẩu mang đậm dấu ấn cá nhân. Đặt Mua Ngay Tại LifeLink Đừng bỏ lỡ cơ hội sở hữu Voucher Buffet dành cho 4 người tại Spicy Box với nhiều ưu đãi hấp dẫn tại LifeLink . Hãy đặt mua ngay hôm nay để cùng gia đình, bạn bè hoặc đồng nghiệp thưởng thức buffet lẩu tokbokki chuẩn Hàn Quốc với thực đơn phong phú và trải nghiệm ẩm thực không giới hạn. Voucher Buffet dành cho 4 người tại Spicy Box sẽ mang đến cho bạn những khoảnh khắc sum vầy đáng nhớ, bữa ăn chất lượng và trải nghiệm mua voucher chính hãng nhanh chóng, tiện lợi tại LifeLink. LifeLink | Mỗi voucher chỉ được sử dụng 01 lần, có thể áp dụng được nhiều voucher cho 01 đơn hàng. Không có giá trị quy đổi thành tiền mặt, không được hoàn trả tiền thừa. Nếu giá trị đơn hàng của khách hàng vượt quá giá trị của voucher thì khách hàng phải thanh toán thêm khoản chênh lệch đó. Buffet đã bao gồm nước ngọt. Voucher chỉ áp dụng cho một số hàng hóa, dịch vụ nhất định. Voucher đã bao gồm VAT, Spicy Box sẽ xuất hóa đơn khi khách hàng có yêu cầu. Voucher không áp dụng đồng thời với các chương trình khuyến mãi khác tại cửa hàng. Đối với trẻ em: Dưới 1M: Miễn phí. Từ 1M - 1M3: 79.000 VNĐ chưa VAT. Trên 1M3 tính như phí người lớn. Khách hàng có trách nhiệm bảo mật thông tin mã thẻ quà tặng sau khi đặt mua. LifeLink sẽ không chịu trách nhiệm hoàn trả các mã thẻ bị mất hoặc ở trạng thái ""Đã sử dụng"" với bất kỳ lý do gì. LifeLink sẽ không chịu trách nhiệm đối với chất lượng sản phẩm hoặc dịch vụ được cung cấp cũng như đối với các tranh chấp về sau giữa khách hàng và nhà cung cấp. LifeLink có quyền sửa chữa hoặc thay đổi điều khoản và điều kiện sử dụng mà không thông báo trước. Hạn sử dụng: 90 ngày kể từ ngày mua/gửi quà thành công từ LifeLink Hotline LifeLink: 1900 2065","//cdn.lifelink.vn/img/s800x400/Voucher-Buffet-danh-cho-5-nguoi_29072026093331.jpg?sign=4YuMZ53fYTNw2gTMOeY7Qw","601000.00","585975.00","2026-08-01T00:00:00.000Z","2026-12-31T23:59:59.000Z","2026-08-01T00:00:00.000Z","2026-12-31T23:59:59.000Z","106","96","true","3","on_sale","2026-08-26T00:00:00.000Z","2026-08-26T00:00:00.000Z"
"54ad4407-4402-4039-99f3-52747466d1ab","a8e2c176-e1b7-4735-b1b8-cbcf66424c7e","5","Voucher Buffet dành cho 3 người tại Spicy Box","Nếu bạn đang tìm kiếm Voucher Buffet dành cho 3 người tại Spicy Box để cùng bạn bè hoặc gia đình tận hưởng bữa tiệc buffet lẩu tokbokki chuẩn Hàn Quốc với mức giá ưu đãi, LifeLink chính là lựa chọn hoàn hảo. Với Voucher Buffet dành cho 3 người tại Spicy Box, cả nhóm sẽ được thỏa sức khám phá hàng chục món ăn hấp dẫn, tự tay pha chế nước lẩu theo khẩu vị riêng và tận hưởng không gian ẩm thực trẻ trung, sôi động. Khám Phá Voucher Buffet dành cho 3 người tại Spicy Box – Bữa Tiệc Hàn Quốc Trọn Vẹn Cho Nhóm Bạn Buffet Tokbokki Không Giới Hạn – Càng Đông Càng Vui LifeLink mang đến Voucher Buffet dành cho 3 người tại Spicy Box, giúp bạn và hai người đồng hành tận hưởng bữa tiệc buffet lẩu tokbokki chuẩn Hàn với chi phí hợp lý. Đây là lựa chọn lý tưởng cho những buổi tụ họp bạn bè, liên hoan nhỏ, sinh nhật hoặc những dịp cuối tuần muốn cùng nhau thưởng thức món ngon. Tại Spicy Box, thực khách có thể tự tay lựa chọn nguyên liệu yêu thích, pha chế nước lẩu theo khẩu vị riêng và thưởng thức buffet mà không bị giới hạn thời gian. Bạn hoàn toàn có thể thong thả trải nghiệm từng món ăn, trò chuyện và tận hưởng những khoảnh khắc vui vẻ bên nhau. Thực Đơn Phong Phú – Thỏa Sức Lựa Chọn Với Voucher Buffet dành cho 3 người tại Spicy Box, cả nhóm sẽ được khám phá thực đơn buffet hấp dẫn gồm: Đa dạng các loại bánh gạo tokbokki, đặc biệt có bánh gạo nhân phô mai. Thịt ba chỉ heo, thịt bò tươi ngon. Rau xanh phong phú như cải bó xôi, cải thảo, cà rốt, cần tây. Các loại nấm như nấm kim châm, nấm đùi gà. Trứng luộc, cá viên, đậu hũ, xúc xích. Cơm trộn Hàn Quốc, kimbap, viền gà phô mai, hải sản lăn bột chiên. Gà rán, tempura, đồ chiên và chả cá Hàn Quốc. Điểm đặc biệt làm nên thương hiệu Spicy Box chính là hệ thống nước sốt độc quyền được chế biến từ nguyên liệu Hàn Quốc. Bạn có thể lựa chọn nhiều cấp độ từ sốt ngọt, ít cay, cay vừa đến cay nhiều để tạo nên nồi lẩu mang hương vị riêng của cả nhóm. Đặt Mua Ngay Tại LifeLink Đừng bỏ lỡ cơ hội sở hữu Voucher Buffet dành cho 3 người tại Spicy Box với nhiều ưu đãi hấp dẫn tại LifeLink . Hãy đặt mua ngay hôm nay để cùng bạn bè hoặc người thân thưởng thức buffet lẩu tokbokki chuẩn Hàn Quốc với thực đơn phong phú và trải nghiệm ẩm thực không giới hạn. Voucher Buffet dành cho 3 người tại Spicy Box sẽ mang đến cho bạn những khoảnh khắc ngon miệng, tiết kiệm chi phí và trải nghiệm mua voucher chính hãng nhanh chóng, tiện lợi tại LifeLink. LifeLink | Mỗi voucher chỉ được sử dụng 01 lần, có thể áp dụng được nhiều voucher cho 01 đơn hàng. Không có giá trị quy đổi thành tiền mặt, không được hoàn trả tiền thừa. Nếu giá trị đơn hàng của khách hàng vượt quá giá trị của voucher thì khách hàng phải thanh toán thêm khoản chênh lệch đó. Buffet đã bao gồm nước ngọt. Voucher chỉ áp dụng cho một số hàng hóa, dịch vụ nhất định. Voucher đã bao gồm VAT, Spicy Box sẽ xuất hóa đơn khi khách hàng có yêu cầu. Voucher không áp dụng đồng thời với các chương trình khuyến mãi khác tại cửa hàng. Đối với trẻ em: Dưới 1M: Miễn phí. Từ 1M - 1M3: 79.000 VNĐ chưa VAT. Trên 1M3 tính như phí người lớn. Khách hàng có trách nhiệm bảo mật thông tin mã thẻ quà tặng sau khi đặt mua. LifeLink sẽ không chịu trách nhiệm hoàn trả các mã thẻ bị mất hoặc ở trạng thái ""Đã sử dụng"" với bất kỳ lý do gì. LifeLink sẽ không chịu trách nhiệm đối với chất lượng sản phẩm hoặc dịch vụ được cung cấp cũng như đối với các tranh chấp về sau giữa khách hàng và nhà cung cấp. LifeLink có quyền sửa chữa hoặc thay đổi điều khoản và điều kiện sử dụng mà không thông báo trước. Hạn sử dụng: 90 ngày kể từ ngày mua/gửi quà thành công từ LifeLink Hotline LifeLink: 1900 2065","//cdn.lifelink.vn/img/s800x400/Voucher-Buffet-danh-cho-3-nguoi_29072026093328.jpg?sign=qty63uUgK3lf8KUBDL_e_A","451000.00","439725.00","2026-08-01T00:00:00.000Z","2026-12-31T23:59:59.000Z","2026-08-01T00:00:00.000Z","2026-12-31T23:59:59.000Z","25","15","true","3","on_sale","2026-08-26T00:00:00.000Z","2026-08-26T00:00:00.000Z"
"4f6997ee-e917-4b8d-84aa-c3f8ed401246","a8e2c176-e1b7-4735-b1b8-cbcf66424c7e","5","Voucher Buffet dành cho 2 người tại Spicy Box","Nếu bạn đang tìm kiếm Voucher Buffet dành cho 2 người tại Spicy Box để cùng người thân, bạn bè hay người yêu tận hưởng bữa tiệc buffet chuẩn Hàn Quốc với mức giá ưu đãi, LifeLink chính là lựa chọn lý tưởng. Với Voucher Buffet dành cho 2 người tại Spicy Box, bạn sẽ được khám phá không gian ẩm thực hấp dẫn cùng hàng chục món ăn tươi ngon và tự tay sáng tạo nồi lẩu tokbokki theo khẩu vị riêng. Khám Phá Voucher Buffet dành cho 2 người tại Spicy Box – Trọn Vẹn Hương Vị Hàn Quốc Cho Hai Người Buffet Tokbokki Không Giới Hạn – Càng Ăn Càng Thích LifeLink mang đến Voucher Buffet dành cho 2 người tại Spicy Box, giúp bạn và người đồng hành tận hưởng bữa tiệc buffet lẩu tokbokki chuẩn Hàn với chi phí tiết kiệm. Đây là lựa chọn hoàn hảo cho các buổi hẹn hò, gặp gỡ bạn bè, sum họp gia đình hoặc những dịp muốn cùng nhau khám phá ẩm thực Hàn Quốc. Tại Spicy Box, thực khách có thể tự tay lựa chọn nguyên liệu, pha chế nước lẩu theo khẩu vị riêng và thưởng thức buffet mà không bị giới hạn thời gian. Bạn hoàn toàn có thể thong thả trải nghiệm từng món ăn, trò chuyện và tận hưởng những khoảnh khắc đáng nhớ. Thực Đơn Phong Phú – Thỏa Sức Lựa Chọn Với Voucher Buffet dành cho 2 người tại Spicy Box, hai bạn sẽ được thưởng thức thực đơn buffet hấp dẫn gồm: Đa dạng các loại bánh gạo tokbokki, đặc biệt có bánh gạo nhân phô mai. Thịt ba chỉ heo, thịt bò tươi ngon. Rau xanh phong phú như cải bó xôi, cải thảo, cà rốt, cần tây. Các loại nấm như nấm kim châm, nấm đùi gà. Trứng luộc, cá viên, đậu hũ, xúc xích. Cơm trộn Hàn Quốc, kimbap, viền gà phô mai, hải sản lăn bột chiên. Gà rán, tempura, đồ chiên và chả cá Hàn Quốc. Điểm nhấn đặc biệt của Spicy Box chính là hệ thống nước sốt độc quyền được chế biến từ nguyên liệu nhập khẩu Hàn Quốc. Bạn có thể lựa chọn nhiều cấp độ từ sốt ngọt, ít cay, cay vừa đến cay nhiều để tạo nên hương vị lẩu phù hợp với sở thích của cả hai. Đặt Mua Ngay Tại LifeLink Đừng bỏ lỡ cơ hội sở hữu Voucher Buffet dành cho 2 người tại Spicy Box với nhiều ưu đãi hấp dẫn tại LifeLink . Hãy đặt mua ngay hôm nay để cùng người thân hoặc bạn bè thưởng thức buffet lẩu tokbokki chuẩn Hàn Quốc với thực đơn phong phú và trải nghiệm ẩm thực không giới hạn. Voucher Buffet dành cho 2 người tại Spicy Box sẽ mang đến cho bạn những khoảnh khắc ngon miệng, tiết kiệm chi phí và trải nghiệm mua voucher chính hãng nhanh chóng, tiện lợi tại LifeLink. LifeLink | Mỗi voucher chỉ được sử dụng 01 lần, có thể áp dụng được nhiều voucher cho 01 đơn hàng. Không có giá trị quy đổi thành tiền mặt, không được hoàn trả tiền thừa. Nếu giá trị đơn hàng của khách hàng vượt quá giá trị của voucher thì khách hàng phải thanh toán thêm khoản chênh lệch đó. Buffet đã bao gồm nước ngọt. Voucher chỉ áp dụng cho một số hàng hóa, dịch vụ nhất định. Voucher đã bao gồm VAT, Spicy Box sẽ xuất hóa đơn khi khách hàng có yêu cầu. Voucher không áp dụng đồng thời với các chương trình khuyến mãi khác tại cửa hàng. Đối với trẻ em: Dưới 1M: Miễn phí. Từ 1M - 1M3: 79.000 VNĐ chưa VAT. Trên 1M3 tính như phí người lớn. Khách hàng có trách nhiệm bảo mật thông tin mã thẻ quà tặng sau khi đặt mua. LifeLink sẽ không chịu trách nhiệm hoàn trả các mã thẻ bị mất hoặc ở trạng thái ""Đã sử dụng"" với bất kỳ lý do gì. LifeLink sẽ không chịu trách nhiệm đối với chất lượng sản phẩm hoặc dịch vụ được cung cấp cũng như đối với các tranh chấp về sau giữa khách hàng và nhà cung cấp. LifeLink có quyền sửa chữa hoặc thay đổi điều khoản và điều kiện sử dụng mà không thông báo trước. Hạn sử dụng: 90 ngày kể từ ngày mua/gửi quà thành công từ LifeLink Hotline LifeLink: 1900 2065","//cdn.lifelink.vn/img/s800x400/Voucher-Buffet-danh-cho-2-nguoi_29072026093324.jpg?sign=aDSbgnMFbOyATZnWFU73aA","301000.00","293475.00","2026-08-01T00:00:00.000Z","2026-12-31T23:59:59.000Z","2026-08-01T00:00:00.000Z","2026-12-31T23:59:59.000Z","98","88","true","4","on_sale","2026-08-26T00:00:00.000Z","2026-08-26T00:00:00.000Z"
"001620f7-3ef8-499a-babe-65be0dccc189","a8e2c176-e1b7-4735-b1b8-cbcf66424c7e","5","Voucher Buffet dành cho 1 nguời tại Spicy Box","Nếu bạn đang tìm kiếm Voucher Buffet dành cho 1 người tại Spicy Box với mức giá ưu đãi, LifeLink là địa chỉ đáng tin cậy giúp bạn sở hữu voucher chính hãng nhanh chóng và tiện lợi. Với Voucher Buffet dành cho 1 người tại Spicy Box, bạn sẽ thỏa sức khám phá buffet lẩu tokbokki chuẩn Hàn Quốc cùng hàng chục món ăn hấp dẫn trong không gian hiện đại và trẻ trung. Khám Phá Voucher Buffet dành cho 1 người tại Spicy Box – Thiên Đường Buffet Tokbokki Chuẩn Hàn Quốc Spicy Box – Thưởng Thức Buffet Tokbokki Không Giới Hạn LifeLink mang đến Voucher Buffet dành cho 1 người tại Spicy Box, giúp bạn dễ dàng tận hưởng bữa tiệc buffet lẩu tokbokki chuẩn Hàn với mức giá tiết kiệm. Đây là lựa chọn hoàn hảo dành cho những tín đồ yêu thích ẩm thực Hàn Quốc, các buổi gặp gỡ bạn bè hay những bữa ăn đổi vị đầy thú vị. Tại Spicy Box, thực khách được tự tay lựa chọn nguyên liệu yêu thích và pha chế nồi lẩu theo khẩu vị riêng. Đặc biệt, nhà hàng không giới hạn thời gian dùng bữa, giúp bạn thoải mái thưởng thức mà không cần vội vàng. Thực Đơn Buffet Đa Dạng, Hấp Dẫn Khó Cưỡng Với Voucher Buffet dành cho 1 người tại Spicy Box, bạn sẽ được khám phá thực đơn phong phú gồm: Đa dạng các loại bánh gạo tokbokki, đặc biệt có bánh gạo nhân phô mai hấp dẫn. Thịt ba chỉ heo, thịt bò tươi ngon. Nhiều loại rau xanh như cải bó xôi, cải thảo, cà rốt, cần tây. Các loại nấm như nấm kim châm, nấm đùi gà. Trứng luộc, cá viên, đậu hũ, xúc xích. Cơm trộn Hàn Quốc, kimbap, viền gà phô mai, hải sản lăn bột chiên. Gà rán, tempura, chả cá Hàn Quốc và nhiều món chiên hấp dẫn khác. Điểm đặc biệt làm nên thương hiệu Spicy Box chính là hệ thống nước sốt độc quyền được chế biến từ nguyên liệu nhập khẩu Hàn Quốc. Bạn có thể lựa chọn nhiều cấp độ từ sốt ngọt, ít cay, cay vừa đến cay nhiều để tạo nên nồi lẩu mang hương vị riêng của mình. Đặt Mua Ngay Tại LifeLink Đừng bỏ lỡ cơ hội sở hữu Voucher Buffet dành cho 1 người tại Spicy Box với nhiều ưu đãi hấp dẫn tại LifeLink . Hãy đặt mua ngay hôm nay để tận hưởng buffet lẩu tokbokki chuẩn Hàn Quốc cùng thực đơn phong phú và trải nghiệm ẩm thực không giới hạn. Voucher Buffet dành cho 1 người tại Spicy Box sẽ mang đến cho bạn một bữa ăn ngon, tiết kiệm và tiện lợi khi mua voucher chính hãng tại LifeLink. LifeLink | Mỗi voucher chỉ được sử dụng 01 lần, có thể áp dụng được nhiều voucher cho 01 đơn hàng. Không có giá trị quy đổi thành tiền mặt, không được hoàn trả tiền thừa. Nếu giá trị đơn hàng của khách hàng vượt quá giá trị của voucher thì khách hàng phải thanh toán thêm khoản chênh lệch đó. Buffet đã bao gồm nước ngọt. Voucher chỉ áp dụng cho một số hàng hóa, dịch vụ nhất định. Voucher đã bao gồm VAT, Spicy Box sẽ xuất hóa đơn khi khách hàng có yêu cầu. Voucher không áp dụng đồng thời với các chương trình khuyến mãi khác tại cửa hàng. Đối với trẻ em: Dưới 1M: Miễn phí. Từ 1M - 1M3: 79.000 VNĐ chưa VAT. Trên 1M3 tính như phí người lớn. Khách hàng có trách nhiệm bảo mật thông tin mã thẻ quà tặng sau khi đặt mua. LifeLink sẽ không chịu trách nhiệm hoàn trả các mã thẻ bị mất hoặc ở trạng thái ""Đã sử dụng"" với bất kỳ lý do gì. LifeLink sẽ không chịu trách nhiệm đối với chất lượng sản phẩm hoặc dịch vụ được cung cấp cũng như đối với các tranh chấp về sau giữa khách hàng và nhà cung cấp. LifeLink có quyền sửa chữa hoặc thay đổi điều khoản và điều kiện sử dụng mà không thông báo trước. Hạn sử dụng: 90 ngày kể từ ngày mua/gửi quà thành công từ LifeLink Hotline LifeLink: 1900 2065","//cdn.lifelink.vn/img/s800x400/Voucher-Buffet-danh-cho-1-nguoi_29072026090558.jpg?sign=GTIhlfAKtDUHCXSOp6KyGg","151000.00","147225.00","2026-08-01T00:00:00.000Z","2026-12-31T23:59:59.000Z","2026-08-01T00:00:00.000Z","2026-12-31T23:59:59.000Z","106","96","true","4","on_sale","2026-08-26T00:00:00.000Z","2026-08-26T00:00:00.000Z"
"3cf9c745-8fa1-415f-9426-384624a908d4","53e81410-04eb-4df9-a9b6-a2a42cd0349a","1","Voucher Cánh Gà Sốt Creamy Onion 10 miếng tại Chicken Plus","Nếu bạn là tín đồ của gà rán Hàn Quốc, Voucher Cánh Gà Sốt Creamy Onion (10 miếng) tại Chicken Plus tại LifeLink sẽ là lựa chọn không thể bỏ lỡ. Chỉ với vài thao tác đơn giản, bạn có thể sở hữu Voucher Cánh Gà Sốt Creamy Onion (10 miếng) tại Chicken Plus chính hãng để thưởng thức những chiếc cánh gà giòn rụm phủ sốt Creamy Onion béo thơm cùng các món ăn kèm hấp dẫn với mức giá vô cùng ưu đãi. Khám Phá Voucher Cánh Gà Sốt Creamy Onion (10 miếng) tại Chicken Plus – Béo Thơm, Giòn Tan, Khó Cưỡng Cánh Gà Sốt Creamy Onion – Hương Vị Đặc Trưng Chinh Phục Mọi Thực Khách LifeLink mang đến Voucher Cánh Gà Sốt Creamy Onion (10 miếng) tại Chicken Plus, giúp bạn dễ dàng thưởng thức món cánh gà nổi tiếng của Chicken Plus với mức giá ưu đãi. Đây là lựa chọn lý tưởng cho những bữa tiệc gia đình, buổi họp mặt bạn bè hay những dịp muốn đổi vị với ẩm thực Hàn Quốc. Voucher bao gồm: 10 miếng cánh gà sốt Creamy Onion. Cơm nắm. Đu đủ ngâm. Xà lách. Sốt Creamy Onion. Những chiếc cánh gà được chiên vàng với lớp bột mỏng giòn rụm, giữ trọn độ mềm ngọt của phần thịt bên trong. Sau khi chiên, gà được phủ lớp sốt Creamy Onion béo thơm với hương hành tây dịu nhẹ, tạo nên sự cân bằng hoàn hảo giữa vị giòn, vị béo và vị ngọt tự nhiên. Mỗi miếng gà đều mang đến cảm giác hấp dẫn ngay từ lần thưởng thức đầu tiên. Chicken Plus – Thương Hiệu Gà Rán Chuẩn Hàn Được Yêu Thích Chicken Plus là thương hiệu gà rán nổi tiếng đến từ Hàn Quốc, hiện đã có mặt tại nhiều quốc gia như Malaysia, Thượng Hải và Việt Nam. Với nhiều năm kinh nghiệm cùng công nghệ chế biến hiện đại, Chicken Plus luôn mang đến những món gà chiên chất lượng, giữ trọn tinh hoa ẩm thực Hàn Quốc. Điểm khác biệt của Chicken Plus nằm ở công thức tẩm ướp độc quyền, lớp bột chiên mỏng giòn cùng các loại sốt đặc sắc như Creamy Onion, sốt ngũ vị và nhiều hương vị hấp dẫn khác. Mỗi món ăn đều được chế biến kỹ lưỡng nhằm mang đến trải nghiệm ẩm thực vừa truyền thống vừa hiện đại. Đặt Mua Ngay Tại LifeLink Đừng bỏ lỡ cơ hội sở hữu Voucher Cánh Gà Sốt Creamy Onion (10 miếng) tại Chicken Plus với nhiều ưu đãi hấp dẫn tại LifeLink. Hãy đặt mua ngay hôm nay để thưởng thức những chiếc cánh gà giòn rụm phủ sốt Creamy Onion béo thơm cùng các món ăn kèm chuẩn Hàn. Voucher Cánh Gà Sốt Creamy Onion (10 miếng) tại Chicken Plus sẽ mang đến cho bạn trải nghiệm ẩm thực chất lượng, tiết kiệm chi phí và sự tiện lợi khi mua voucher chính hãng tại LifeLink. LifeLink | Mỗi voucher chỉ được sử dụng 01 lần có thể áp dụng được nhiều voucher cho 01 đơn hàng. Không có giá trị quy đổi thành tiền mặt, không được hoàn trả tiền thừa. Chỉ áp dụng cho một số sản phẩm nhất định. Không hoàn trả hoặc bán lại được. Nếu giá tiền đơn đặt hàng của khách hàng vượt quá giá trị của voucher thì khách hàng phải thanh toán thêm số tiền chênh lệch đó. LifeLink không xuất hoá đơn VAT cho khách hàng. Khách hàng có trách nhiệm bảo mật thông tin mã thẻ quà tặng sau khi đặt mua. LifeLink sẽ không chịu trách nhiệm hoàn trả các mã thẻ bị mất hoặc ở trạng thái ""Đã sử dụng"" với bất kỳ lý do gì. LifeLink sẽ không chịu trách nhiệm đối với chất lượng sản phẩm hoặc dịch vụ được cung cấp cũng như đối với các tranh chấp về sau giữa khách hàng và nhà cung cấp. LifeLink có quyền sửa chữa hoặc thay đổi điều khoản và điều kiện sử dụng mà không thông báo trước. Hotline LifeLink : 1900 2065 Địa điểm sử dụng: https://docs.google.com/spreadsheets/d/1ErdtQi5FCClFIjOWs27EIjhuq0tAGmsG/edit?gid=829289209#gid=829289209","//cdn.lifelink.vn/img/s800x400/Voucher-Canh-ga-sot-Creamy-Onion_29072026084138.jpg?sign=d-AmhIpbj9InvJbPcs9-Vw","179000.00","174000.00","2026-08-01T00:00:00.000Z","2026-12-31T23:59:59.000Z","2026-08-01T00:00:00.000Z","2026-12-31T23:59:59.000Z","81","71","true","4","on_sale","2026-08-26T00:00:00.000Z","2026-08-26T00:00:00.000Z"
"4ac8b163-0c97-4d5a-910b-f741fae0bb38","53e81410-04eb-4df9-a9b6-a2a42cd0349a","1","Voucher Gà không xương sốt Creamy Onion lớn tại Chicken Plus","Nếu bạn đang tìm kiếm Voucher Gà không xương sốt Creamy Onion lớn tại Chicken Plus với mức giá ưu đãi, LifeLink là địa chỉ đáng tin cậy giúp bạn sở hữu voucher chính hãng nhanh chóng và tiện lợi. Với Voucher Gà không xương sốt Creamy Onion lớn tại Chicken Plus, bạn sẽ được thưởng thức từng miếng gà không xương giòn rụm phủ sốt Creamy Onion béo thơm cùng các món ăn kèm hấp dẫn, mang đến trải nghiệm ẩm thực chuẩn Hàn Quốc đầy lôi cuốn. Khám Phá Voucher Gà không xương sốt Creamy Onion lớn tại Chicken Plus – Hương Vị Béo Thơm Chinh Phục Mọi Tín Đồ Gà Rán Gà Không Xương Sốt Creamy Onion – Giòn Rụm, Béo Thơm, Dễ Dàng Thưởng Thức LifeLink mang đến Voucher Gà không xương sốt Creamy Onion lớn tại Chicken Plus, giúp bạn dễ dàng thưởng thức món gà không xương chuẩn Hàn với mức giá ưu đãi. Đây là lựa chọn lý tưởng cho những bữa ăn gia đình, các buổi gặp gỡ bạn bè hay những dịp tụ họp cuối tuần. Voucher bao gồm: Gà không xương sốt Creamy Onion lớn (400 gram). Cơm nắm. Đu đủ ngâm. Xà lách. Sốt chua ngọt. Sốt ngũ vị. Từng miếng gà được chọn lọc kỹ lưỡng, chiên vàng với lớp bột mỏng giòn tan, giữ trọn độ mềm mọng bên trong. Lớp sốt Creamy Onion béo ngậy, thơm dịu vị hành tây phủ đều trên từng miếng gà tạo nên hương vị hài hòa, hấp dẫn và khác biệt. Không xương, dễ ăn và tiện lợi, đây là món ăn phù hợp với mọi lứa tuổi. Chicken Plus – Thương Hiệu Gà Rán Chuẩn Hàn Được Yêu Thích Chicken Plus là thương hiệu gà rán nổi tiếng đến từ Hàn Quốc và đã có mặt tại Malaysia, Thượng Hải và Việt Nam. Với nhiều năm kinh nghiệm cùng công nghệ chế biến hiện đại, Chicken Plus mang đến những món gà chiên chất lượng, kết hợp tinh hoa ẩm thực Hàn Quốc với khẩu vị của thực khách Việt. Điểm nổi bật của Chicken Plus là công thức tẩm ướp độc quyền, lớp bột chiên mỏng giòn cùng hệ thống sốt đa dạng như Creamy Onion, sốt ngũ vị và nhiều hương vị đặc trưng khác. Nhờ đó, mỗi món ăn đều mang đến trải nghiệm ẩm thực mới mẻ và hấp dẫn. Đặt Mua Ngay Tại LifeLink Đừng bỏ lỡ cơ hội sở hữu Voucher Gà không xương sốt Creamy Onion lớn tại Chicken Plus với nhiều ưu đãi hấp dẫn tại LifeLink . Hãy đặt mua ngay hôm nay để thưởng thức món gà không xương phủ sốt Creamy Onion béo thơm cùng các món ăn kèm chuẩn Hàn Quốc. Voucher Gà không xương sốt Creamy Onion lớn tại Chicken Plus sẽ mang đến cho bạn trải nghiệm ẩm thực chất lượng, tiết kiệm chi phí và sự tiện lợi khi mua voucher chính hãng tại LifeLink. LifeLink | Mỗi voucher chỉ được sử dụng 01 lần có thể áp dụng được nhiều voucher cho 01 đơn hàng. Không có giá trị quy đổi thành tiền mặt, không được hoàn trả tiền thừa. Chỉ áp dụng cho một số sản phẩm nhất định. Không hoàn trả hoặc bán lại được. Nếu giá tiền đơn đặt hàng của khách hàng vượt quá giá trị của voucher thì khách hàng phải thanh toán thêm số tiền chênh lệch đó. LifeLink không xuất hoá đơn VAT cho khách hàng. Khách hàng có trách nhiệm bảo mật thông tin mã thẻ quà tặng sau khi đặt mua. LifeLink sẽ không chịu trách nhiệm hoàn trả các mã thẻ bị mất hoặc ở trạng thái ""Đã sử dụng"" với bất kỳ lý do gì. LifeLink sẽ không chịu trách nhiệm đối với chất lượng sản phẩm hoặc dịch vụ được cung cấp cũng như đối với các tranh chấp về sau giữa khách hàng và nhà cung cấp. LifeLink có quyền sửa chữa hoặc thay đổi điều khoản và điều kiện sử dụng mà không thông báo trước. Hotline LifeLink : 1900 2065 Địa điểm sử dụng: https://docs.google.com/spreadsheets/d/1ErdtQi5FCClFIjOWs27EIjhuq0tAGmsG/edit?gid=829289209#gid=829289209","//cdn.lifelink.vn/img/s800x400/Voucher-Ga-khong-xuong-sot-Creamy-Onion-lon_29072026083343.jpg?sign=dZscKC4KqQ0HB-17XyHLfw","159000.00","155000.00","2026-08-01T00:00:00.000Z","2026-12-31T23:59:59.000Z","2026-08-01T00:00:00.000Z","2026-12-31T23:59:59.000Z","23","13","true","4","on_sale","2026-08-26T00:00:00.000Z","2026-08-26T00:00:00.000Z"
"949a1810-46fe-41f1-8bf7-373f04051a1a","53e81410-04eb-4df9-a9b6-a2a42cd0349a","1","Voucher Đùi gà chiên truyền thống tại Chicken Plus","Nếu bạn đang tìm kiếm Voucher Đùi gà chiên truyền thống với mức giá ưu đãi, LifeLink là lựa chọn lý tưởng để sở hữu voucher chính hãng nhanh chóng và tiện lợi. Với Voucher Đùi gà chiên truyền thống, bạn sẽ được thưởng thức 5 chiếc đùi gà chiên vàng giòn cùng các món ăn kèm hấp dẫn, mang đến trải nghiệm ẩm thực chuẩn Hàn Quốc cho mọi bữa ăn. Khám Phá Voucher Đùi gà chiên truyền thống – Hương Vị Nguyên Bản Chinh Phục Mọi Tín Đồ Gà Rán Đùi Gà Chiên Truyền Thống – Giòn Tan Bên Ngoài, Mọng Ngọt Bên Trong LifeLink mang đến Voucher Đùi gà chiên truyền thống, giúp bạn dễ dàng thưởng thức món gà chiên chuẩn Hàn với mức giá ưu đãi. Đây là lựa chọn hoàn hảo cho những bữa ăn gia đình, buổi gặp gỡ bạn bè hay những dịp liên hoan cuối tuần. Voucher bao gồm: 05 đùi gà chiên truyền thống. Cơm nắm. Đu đủ ngâm. Xà lách. Sốt chua ngọt. Sốt ngũ vị. Mỗi chiếc đùi gà được tẩm ướp theo công thức đặc trưng của Chicken Plus, sau đó chiên vàng với lớp bột mỏng giòn rụm. Phần thịt bên trong vẫn giữ được độ mềm, mọng nước và vị ngọt tự nhiên. Khi kết hợp cùng các món ăn kèm tươi ngon và các loại sốt đặc trưng, món ăn mang đến trải nghiệm ẩm thực hài hòa, hấp dẫn và khó quên. Chicken Plus – Thương Hiệu Gà Rán Chuẩn Hàn Được Yêu Thích Chicken Plus là thương hiệu gà rán nổi tiếng đến từ Hàn Quốc và đã có mặt tại nhiều quốc gia như Malaysia, Thượng Hải và Việt Nam. Với nhiều năm kinh nghiệm cùng công nghệ chế biến hiện đại, Chicken Plus luôn mang đến những món gà chiên chất lượng, kết hợp hài hòa giữa hương vị truyền thống và phong cách ẩm thực hiện đại. Điểm khác biệt của Chicken Plus nằm ở công thức tẩm ướp độc quyền, lớp bột chiên mỏng giòn và quy trình chế biến tỉ mỉ. Bên cạnh các món gà phủ sốt đặc sắc, gà chiên truyền thống vẫn luôn là lựa chọn được nhiều thực khách yêu thích nhờ hương vị nguyên bản, dễ ăn và phù hợp với mọi lứa tuổi. Đặt Mua Ngay Tại LifeLink Đừng bỏ lỡ cơ hội sở hữu Voucher Đùi gà chiên truyền thống với nhiều ưu đãi hấp dẫn tại LifeLink . Hãy đặt mua ngay hôm nay để thưởng thức những chiếc đùi gà vàng giòn, thơm ngon cùng các món ăn kèm chuẩn Hàn trong một bữa ăn trọn vị. Voucher Đùi gà chiên truyền thống sẽ giúp bạn tận hưởng hương vị gà rán chất lượng, tiết kiệm chi phí và trải nghiệm mua voucher nhanh chóng, an toàn tại LifeLink. LifeLink | Mỗi voucher chỉ được sử dụng 01 lần có thể áp dụng được nhiều voucher cho 01 đơn hàng. Không có giá trị quy đổi thành tiền mặt, không được hoàn trả tiền thừa. Chỉ áp dụng cho một số sản phẩm nhất định. Không hoàn trả hoặc bán lại được. Nếu giá tiền đơn đặt hàng của khách hàng vượt quá giá trị của voucher thì khách hàng phải thanh toán thêm số tiền chênh lệch đó. LifeLink không xuất hoá đơn VAT cho khách hàng. Khách hàng có trách nhiệm bảo mật thông tin mã thẻ quà tặng sau khi đặt mua. LifeLink sẽ không chịu trách nhiệm hoàn trả các mã thẻ bị mất hoặc ở trạng thái ""Đã sử dụng"" với bất kỳ lý do gì. LifeLink sẽ không chịu trách nhiệm đối với chất lượng sản phẩm hoặc dịch vụ được cung cấp cũng như đối với các tranh chấp về sau giữa khách hàng và nhà cung cấp. LifeLink có quyền sửa chữa hoặc thay đổi điều khoản và điều kiện sử dụng mà không thông báo trước. Hotline LifeLink : 1900 2065 Địa điểm sử dụng: https://docs.google.com/spreadsheets/d/1ErdtQi5FCClFIjOWs27EIjhuq0tAGmsG/edit?gid=829289209#gid=829289209","//cdn.lifelink.vn/img/s800x400/Voucher-Dui-ga-chien-truyen-thong_28072026171718.jpg?sign=5mQ1ewnUUXmKTog9T2FweQ","149000.00","145000.00","2026-08-01T00:00:00.000Z","2026-12-31T23:59:59.000Z","2026-08-01T00:00:00.000Z","2026-12-31T23:59:59.000Z","87","77","true","4","on_sale","2026-08-26T00:00:00.000Z","2026-08-26T00:00:00.000Z"
"59c390a3-19a1-42a4-aa33-93a0103d8dd1","53e81410-04eb-4df9-a9b6-a2a42cd0349a","1","Voucher Đùi gà sốt ngũ vị tại Chicken Plus","Nếu bạn đang tìm kiếm Voucher Đùi gà sốt ngũ vị tại Chicken Plus với mức giá ưu đãi, LifeLink là địa chỉ đáng tin cậy giúp bạn sở hữu voucher chính hãng nhanh chóng và tiện lợi. Với Voucher Đùi gà sốt ngũ vị tại Chicken Plus, bạn sẽ được thưởng thức những chiếc đùi gà giòn rụm phủ sốt ngũ vị đậm đà cùng các món ăn kèm hấp dẫn, mang đến trải nghiệm ẩm thực chuẩn Hàn Quốc ngay hôm nay. Khám Phá Voucher Đùi gà sốt ngũ vị tại Chicken Plus – Hương Vị Đậm Đà Chinh Phục Mọi Tín Đồ Gà Rán Đùi Gà Sốt Ngũ Vị – Giòn Rụm, Đậm Đà, Chuẩn Vị Hàn Quốc LifeLink mang đến Voucher Đùi gà sốt ngũ vị tại Chicken Plus, giúp bạn dễ dàng thưởng thức món đùi gà chiên phủ sốt ngũ vị nổi tiếng với mức giá ưu đãi. Đây là lựa chọn lý tưởng cho những bữa ăn gia đình, buổi gặp gỡ bạn bè hay các dịp liên hoan cuối tuần. Voucher bao gồm: 05 đùi gà sốt ngũ vị. Cơm nắm. Đu đủ ngâm. Xà lách. Sốt chua ngọt. Sốt ngũ vị. Những chiếc đùi gà được chiên vàng với lớp bột mỏng giòn tan, giữ trọn độ mềm mọng của phần thịt bên trong. Sau khi chiên, gà được phủ lớp sốt ngũ vị độc quyền mang hương vị hài hòa giữa vị ngọt, mặn, cay nhẹ và thơm đặc trưng, tạo nên sức hấp dẫn khó cưỡng trong từng miếng gà. Chicken Plus – Thương Hiệu Gà Rán Chuẩn Hàn Được Yêu Thích Chicken Plus là thương hiệu gà rán nổi tiếng đến từ Hàn Quốc và đã có mặt tại nhiều quốc gia như Malaysia, Thượng Hải và Việt Nam. Với nhiều năm kinh nghiệm cùng công nghệ chế biến hiện đại, Chicken Plus luôn mang đến những món gà chiên chất lượng, kết hợp hài hòa giữa hương vị truyền thống và phong cách ẩm thực hiện đại. Điểm nổi bật của Chicken Plus là công thức tẩm ướp độc quyền, lớp bột chiên mỏng giòn và hệ thống sốt phong phú như sốt ngũ vị, Creamy Onion cùng nhiều hương vị đặc sắc khác. Mỗi món ăn đều được chế biến kỹ lưỡng để mang đến trải nghiệm ẩm thực chuẩn Hàn và chinh phục khẩu vị của nhiều thực khách. Đặt Mua Ngay Tại LifeLink Đừng bỏ lỡ cơ hội sở hữu Voucher Đùi gà sốt ngũ vị tại Chicken Plus với nhiều ưu đãi hấp dẫn tại LifeLink . Hãy đặt mua ngay hôm nay để thưởng thức những chiếc đùi gà giòn rụm phủ sốt ngũ vị đậm đà cùng các món ăn kèm chuẩn Hàn Quốc. Voucher Đùi gà sốt ngũ vị tại Chicken Plus sẽ là lựa chọn hoàn hảo giúp bạn tận hưởng bữa ăn chất lượng, tiết kiệm chi phí và trải nghiệm dịch vụ mua voucher nhanh chóng, tiện lợi tại LifeLink. LifeLink | Mỗi voucher chỉ được sử dụng 01 lần có thể áp dụng được nhiều voucher cho 01 đơn hàng. Không có giá trị quy đổi thành tiền mặt, không được hoàn trả tiền thừa. Chỉ áp dụng cho một số sản phẩm nhất định. Không hoàn trả hoặc bán lại được. Nếu giá tiền đơn đặt hàng của khách hàng vượt quá giá trị của voucher thì khách hàng phải thanh toán thêm số tiền chênh lệch đó. LifeLink không xuất hoá đơn VAT cho khách hàng. Khách hàng có trách nhiệm bảo mật thông tin mã thẻ quà tặng sau khi đặt mua. LifeLink sẽ không chịu trách nhiệm hoàn trả các mã thẻ bị mất hoặc ở trạng thái ""Đã sử dụng"" với bất kỳ lý do gì. LifeLink sẽ không chịu trách nhiệm đối với chất lượng sản phẩm hoặc dịch vụ được cung cấp cũng như đối với các tranh chấp về sau giữa khách hàng và nhà cung cấp. LifeLink có quyền sửa chữa hoặc thay đổi điều khoản và điều kiện sử dụng mà không thông báo trước. Hotline LifeLink : 1900 2065 Địa điểm sử dụng: https://docs.google.com/spreadsheets/d/1ErdtQi5FCClFIjOWs27EIjhuq0tAGmsG/edit?gid=829289209#gid=829289209","//cdn.lifelink.vn/img/s800x400/Voucher-Dui-ga-sot-ngu-vi_28072026170715.jpg?sign=RWKWpP4M5eJPq_fztLn8Cw","159000.00","155000.00","2026-08-01T00:00:00.000Z","2026-12-31T23:59:59.000Z","2026-08-01T00:00:00.000Z","2026-12-31T23:59:59.000Z","66","56","true","4","on_sale","2026-08-26T00:00:00.000Z","2026-08-26T00:00:00.000Z"
"14f310ba-270c-43e4-82d2-c0d97ba44230","53e81410-04eb-4df9-a9b6-a2a42cd0349a","1","Voucher Đùi gà sốt Creamy Onion tại Chicken Plus","Nếu bạn yêu thích hương vị gà chiên Hàn Quốc béo thơm và đang tìm kiếm **Voucher Đùi gà sốt Creamy Onion tại Chicken Plus với mức giá ưu đãi, LifeLink chính là lựa chọn hoàn hảo dành cho bạn. Chỉ với vài thao tác đơn giản, bạn có thể sở hữu Voucher Đùi gà sốt Creamy Onion tại Chicken Plus chính hãng để thưởng thức những chiếc đùi gà giòn rụm phủ sốt Creamy Onion hấp dẫn cùng nhiều món ăn kèm thơm ngon. Khám Phá Voucher Đùi gà sốt Creamy Onion tại Chicken Plus – Trải Nghiệm Hương Vị Hàn Quốc Khó Quên Đùi Gà Sốt Creamy Onion – Béo Thơm, Giòn Rụm, Đậm Đà LifeLink mang đến Voucher Đùi gà sốt Creamy Onion tại Chicken Plus, giúp bạn dễ dàng thưởng thức món đùi gà chiên phủ sốt Creamy Onion nổi tiếng với mức giá ưu đãi. Đây là lựa chọn lý tưởng cho những bữa ăn cùng gia đình, bạn bè hoặc các buổi tụ họp cuối tuần. Voucher bao gồm: 05 đùi gà sốt Creamy Onion. Cơm nắm. Đu đủ ngâm. Xà lách. Sốt chua ngọt. Sốt ngũ vị. Những chiếc đùi gà được chiên với lớp bột mỏng vàng giòn, giữ trọn độ mềm ngọt của phần thịt bên trong. Phủ bên ngoài là lớp sốt Creamy Onion béo ngậy, thơm dịu vị hành tây, tạo nên sự hòa quyện hoàn hảo giữa vị giòn, béo và ngọt tự nhiên, mang đến trải nghiệm ẩm thực chuẩn Hàn đầy cuốn hút. Chicken Plus – Thương Hiệu Gà Rán Chuẩn Hàn Được Yêu Thích Chicken Plus là thương hiệu gà rán nổi tiếng đến từ Hàn Quốc và đã có mặt tại nhiều quốc gia như Malaysia, Thượng Hải và Việt Nam. Với nhiều năm kinh nghiệm cùng công nghệ chế biến hiện đại, Chicken Plus luôn mang đến những món gà chiên chất lượng, kết hợp hài hòa giữa hương vị truyền thống và phong cách ẩm thực hiện đại. Điểm nổi bật của Chicken Plus là công thức tẩm ướp độc quyền, lớp bột chiên mỏng giòn cùng hệ thống sốt đa dạng như Creamy Onion, sốt ngũ vị và nhiều hương vị đặc sắc khác. Mỗi món ăn đều được chế biến kỹ lưỡng nhằm mang đến trải nghiệm ẩm thực khác biệt và chinh phục mọi thực khách. Đặt Mua Ngay Tại LifeLink Đừng bỏ lỡ cơ hội sở hữu Voucher Đùi gà sốt Creamy Onion tại Chicken Plus với nhiều ưu đãi hấp dẫn tại LifeLink . Hãy đặt mua ngay hôm nay để thưởng thức những chiếc đùi gà giòn rụm phủ sốt Creamy Onion thơm béo cùng các món ăn kèm chuẩn Hàn. Voucher Đùi gà sốt Creamy Onion tại Chicken Plus sẽ là lựa chọn hoàn hảo giúp bạn tận hưởng bữa ăn chất lượng với mức giá tiết kiệm và trải nghiệm mua voucher nhanh chóng, tiện lợi tại LifeLink. LifeLink | Mỗi voucher chỉ được sử dụng 01 lần có thể áp dụng được nhiều voucher cho 01 đơn hàng. Không có giá trị quy đổi thành tiền mặt, không được hoàn trả tiền thừa. Chỉ áp dụng cho một số sản phẩm nhất định. Không hoàn trả hoặc bán lại được. Nếu giá tiền đơn đặt hàng của khách hàng vượt quá giá trị của voucher thì khách hàng phải thanh toán thêm số tiền chênh lệch đó. LifeLink không xuất hoá đơn VAT cho khách hàng. Khách hàng có trách nhiệm bảo mật thông tin mã thẻ quà tặng sau khi đặt mua. LifeLink sẽ không chịu trách nhiệm hoàn trả các mã thẻ bị mất hoặc ở trạng thái ""Đã sử dụng"" với bất kỳ lý do gì. LifeLink sẽ không chịu trách nhiệm đối với chất lượng sản phẩm hoặc dịch vụ được cung cấp cũng như đối với các tranh chấp về sau giữa khách hàng và nhà cung cấp. LifeLink có quyền sửa chữa hoặc thay đổi điều khoản và điều kiện sử dụng mà không thông báo trước. Hotline LifeLink : 1900 2065 Địa điểm sử dụng: https://docs.google.com/spreadsheets/d/1ErdtQi5FCClFIjOWs27EIjhuq0tAGmsG/edit?gid=829289209#gid=829289209","//cdn.lifelink.vn/img/s800x400/Voucher-Dui-ga-sot-Creamy-Onion_28072026165540.jpg?sign=5yQMiS8il1cLke3EaJaDgQ","169000.00","164000.00","2026-08-01T00:00:00.000Z","2026-12-31T23:59:59.000Z","2026-08-01T00:00:00.000Z","2026-12-31T23:59:59.000Z","16","6","true","4","on_sale","2026-08-26T00:00:00.000Z","2026-08-26T00:00:00.000Z"
"ac57d9ee-b441-4333-bcc9-528333c3a8ca","53e81410-04eb-4df9-a9b6-a2a42cd0349a","1","Voucher Cánh Gà Truyền Thống 10 miếng tại Chicken Plus","Bạn là tín đồ của những món gà rán giòn rụm chuẩn vị Hàn Quốc? Đừng bỏ lỡ cơ hội sở hữu Voucher Cánh Gà Truyền Thống (10 miếng) tại Chicken Plus_ trên LifeLink để thưởng thức 10 miếng cánh gà vàng giòn thơm ngon cùng các món ăn kèm hấp dẫn. Chỉ với vài thao tác đơn giản, bạn có thể mua voucher chính hãng với mức giá ưu đãi, tận hưởng bữa ăn chất lượng và chia sẻ hương vị tuyệt vời cùng gia đình, bạn bè. Khám Phá Voucher Cánh Gà Truyền Thống (10 miếng) tại Chicken Plus – Hương Vị Gà Chiên Nguyên Bản Khó Cưỡng Cánh Gà Truyền Thống – Giòn Tan Từng Miếng, Thơm Ngon Mỗi Lần Thưởng Thức LifeLink mang đến Voucher Cánh Gà Truyền Thống (10 miếng) tại Chicken Plus, giúp bạn dễ dàng thưởng thức món cánh gà chiên nổi tiếng với mức giá ưu đãi. Đây là lựa chọn lý tưởng cho những buổi họp mặt gia đình, gặp gỡ bạn bè hoặc những bữa ăn đổi vị đầy hấp dẫn. Voucher bao gồm: 10 miếng cánh gà truyền thống. Cơm nắm. Đu đủ ngâm. Xà lách. Những chiếc cánh gà được tẩm ướp theo công thức đặc trưng của Chicken Plus, sau đó chiên vàng với lớp bột mỏng giòn rụm. Phần thịt bên trong vẫn giữ được độ mềm, mọng nước và vị ngọt tự nhiên, tạo nên sức hấp dẫn cho mỗi lần thưởng thức. Kết hợp cùng cơm nắm, đu đủ ngâm và xà lách, bữa ăn trở nên hài hòa và trọn vị hơn. Chicken Plus – Thương Hiệu Gà Rán Chuẩn Hàn Quốc Được Yêu Thích Chicken Plus là thương hiệu gà rán nổi tiếng đến từ Hàn Quốc và đã có mặt tại nhiều quốc gia như Malaysia, Thượng Hải và Việt Nam. Với nhiều năm kinh nghiệm cùng công nghệ chế biến hiện đại, Chicken Plus mang đến những món gà chiên chất lượng, kết hợp hài hòa giữa hương vị truyền thống và phong cách ẩm thực hiện đại. Điểm nổi bật của Chicken Plus là công thức tẩm ướp độc quyền, lớp bột chiên mỏng giòn và quy trình chế biến kỹ lưỡng. Mỗi món ăn đều được chăm chút để mang đến trải nghiệm ẩm thực hấp dẫn, phù hợp với khẩu vị của nhiều thực khách. Đặt Mua Ngay Tại LifeLink Đừng bỏ lỡ cơ hội sở hữu Voucher Cánh Gà Truyền Thống (10 miếng) tại Chicken Plus với nhiều ưu đãi hấp dẫn tại LifeLink . Hãy đặt mua ngay hôm nay để thưởng thức những chiếc cánh gà vàng giòn, thơm ngon cùng các món ăn kèm hấp dẫn. Voucher Cánh Gà Truyền Thống (10 miếng) tại Chicken Plus sẽ là lựa chọn hoàn hảo giúp bạn tận hưởng hương vị gà rán chuẩn Hàn với mức giá tiết kiệm và trải nghiệm mua voucher nhanh chóng, tiện lợi tại LifeLink. LifeLink | Mỗi voucher chỉ được sử dụng 01 lần có thể áp dụng được nhiều voucher cho 01 đơn hàng. Không có giá trị quy đổi thành tiền mặt, không được hoàn trả tiền thừa. Chỉ áp dụng cho một số sản phẩm nhất định. Không hoàn trả hoặc bán lại được. Nếu giá tiền đơn đặt hàng của khách hàng vượt quá giá trị của voucher thì khách hàng phải thanh toán thêm số tiền chênh lệch đó. LifeLink không xuất hoá đơn VAT cho khách hàng. Khách hàng có trách nhiệm bảo mật thông tin mã thẻ quà tặng sau khi đặt mua. LifeLink sẽ không chịu trách nhiệm hoàn trả các mã thẻ bị mất hoặc ở trạng thái ""Đã sử dụng"" với bất kỳ lý do gì. LifeLink sẽ không chịu trách nhiệm đối với chất lượng sản phẩm hoặc dịch vụ được cung cấp cũng như đối với các tranh chấp về sau giữa khách hàng và nhà cung cấp. LifeLink có quyền sửa chữa hoặc thay đổi điều khoản và điều kiện sử dụng mà không thông báo trước. Hotline LifeLink : 1900 2065 Địa điểm sử dụng: https://docs.google.com/spreadsheets/d/1ErdtQi5FCClFIjOWs27EIjhuq0tAGmsG/edit?gid=829289209#gid=829289209","//cdn.lifelink.vn/img/s800x400/Voucher-Canh-Ga-Sot-truyen-thong_28072026160949.jpg?sign=bSFRmgztS4alNxiM0ylEHA","159000.00","155000.00","2026-08-01T00:00:00.000Z","2026-12-31T23:59:59.000Z","2026-08-01T00:00:00.000Z","2026-12-31T23:59:59.000Z","15","5","true","4","on_sale","2026-08-26T00:00:00.000Z","2026-08-26T00:00:00.000Z"
"453184be-0b02-407f-96cb-1fe0ceeeda47","53e81410-04eb-4df9-a9b6-a2a42cd0349a","1","Voucher Cánh Gà Sốt Ngũ Vị 10 miếng tại Chicken Plus","Nếu bạn đang tìm kiếm Voucher Cánh Gà Sốt Ngũ Vị (10 miếng) tại Chicken Plus với mức giá ưu đãi, LifeLink là lựa chọn hoàn hảo giúp bạn sở hữu voucher chính hãng nhanh chóng và tiện lợi. Với Voucher Cánh Gà Sốt Ngũ Vị (10 miếng) tại Chicken Plus, bạn sẽ được thưởng thức những chiếc cánh gà giòn rụm phủ sốt ngũ vị đậm đà cùng các món ăn kèm hấp dẫn, mang đến trải nghiệm ẩm thực chuẩn Hàn Quốc. Khám Phá Voucher Cánh Gà Sốt Ngũ Vị (10 miếng) tại Chicken Plus – Hương Vị Hàn Quốc Khó Cưỡng Cánh Gà Sốt Ngũ Vị – Giòn Rụm, Đậm Đà, Càng Ăn Càng Mê LifeLink mang đến Voucher Cánh Gà Sốt Ngũ Vị (10 miếng) tại Chicken Plus, giúp bạn dễ dàng thưởng thức món cánh gà chiên nổi tiếng với lớp sốt ngũ vị đặc trưng. Đây là lựa chọn lý tưởng cho những buổi tụ họp gia đình, gặp gỡ bạn bè hay những bữa ăn đổi vị đầy hấp dẫn. Voucher bao gồm: 10 miếng cánh gà sốt ngũ vị. Cơm nắm. Đu đủ ngâm. Xà lách. Sốt chua ngọt. Sốt ngũ vị. Những chiếc cánh gà được chiên vàng với lớp bột mỏng giòn tan, giữ trọn độ mềm ngọt của phần thịt bên trong. Sau khi chiên, cánh gà được phủ đều lớp sốt ngũ vị độc quyền, tạo nên sự hòa quyện hoàn hảo giữa vị ngọt, mặn, cay nhẹ và hương thơm đặc trưng, mang đến trải nghiệm ẩm thực khó quên. Chicken Plus – Thương Hiệu Gà Rán Chuẩn Hàn Được Yêu Thích Chicken Plus là thương hiệu gà rán nổi tiếng đến từ Hàn Quốc, hiện đã có mặt tại Malaysia, Thượng Hải và Việt Nam. Với nhiều năm kinh nghiệm cùng công nghệ chế biến hiện đại, Chicken Plus luôn mang đến những món gà chiên chất lượng, kết hợp hài hòa giữa hương vị truyền thống và phong cách ẩm thực hiện đại. Điểm khác biệt của Chicken Plus nằm ở công thức tẩm ướp độc quyền, lớp bột chiên mỏng giòn cùng hệ thống sốt đa dạng như sốt ngũ vị, Creamy Onion hay các loại sốt đặc trưng khác. Nhờ đó, mỗi món ăn đều mang đến trải nghiệm mới mẻ và chinh phục khẩu vị của nhiều thực khách. Đặt Mua Ngay Tại LifeLink Đừng bỏ lỡ cơ hội sở hữu Voucher Cánh Gà Sốt Ngũ Vị (10 miếng) tại Chicken Plus với nhiều ưu đãi hấp dẫn tại LifeLink . Hãy đặt mua ngay hôm nay để thưởng thức những chiếc cánh gà giòn rụm phủ sốt ngũ vị đặc trưng cùng các món ăn kèm thơm ngon. Voucher Cánh Gà Sốt Ngũ Vị (10 miếng) tại Chicken Plus sẽ là lựa chọn hoàn hảo giúp bạn tận hưởng hương vị gà rán chuẩn Hàn với sự tiện lợi và tiết kiệm khi mua voucher tại LifeLink. LifeLink | Mỗi voucher chỉ được sử dụng 01 lần có thể áp dụng được nhiều voucher cho 01 đơn hàng. Không có giá trị quy đổi thành tiền mặt, không được hoàn trả tiền thừa. Chỉ áp dụng cho một số sản phẩm nhất định. Không hoàn trả hoặc bán lại được. Nếu giá tiền đơn đặt hàng của khách hàng vượt quá giá trị của voucher thì khách hàng phải thanh toán thêm số tiền chênh lệch đó. LifeLink không xuất hoá đơn VAT cho khách hàng. Khách hàng có trách nhiệm bảo mật thông tin mã thẻ quà tặng sau khi đặt mua. LifeLink sẽ không chịu trách nhiệm hoàn trả các mã thẻ bị mất hoặc ở trạng thái ""Đã sử dụng"" với bất kỳ lý do gì. LifeLink sẽ không chịu trách nhiệm đối với chất lượng sản phẩm hoặc dịch vụ được cung cấp cũng như đối với các tranh chấp về sau giữa khách hàng và nhà cung cấp. LifeLink có quyền sửa chữa hoặc thay đổi điều khoản và điều kiện sử dụng mà không thông báo trước. Hotline LifeLink : 1900 2065 Địa điểm sử dụng: https://docs.google.com/spreadsheets/d/1ErdtQi5FCClFIjOWs27EIjhuq0tAGmsG/edit?gid=829289209#gid=829289209","//cdn.lifelink.vn/img/s800x400/Voucher-Canh-Ga-Sot-Ngu-Vi_28072026154641.jpg?sign=T433YlwSIx57CC18bNfFlg","169000.00","164000.00","2026-08-01T00:00:00.000Z","2026-12-31T23:59:59.000Z","2026-08-01T00:00:00.000Z","2026-12-31T23:59:59.000Z","23","13","true","4","on_sale","2026-08-26T00:00:00.000Z","2026-08-26T00:00:00.000Z"
"4be5ee4c-634b-4b50-bbdf-fe5efabe175f","53e81410-04eb-4df9-a9b6-a2a42cd0349a","1","Voucher Gà chiên truyền thống nửa con tại Chicken Plus","Nếu bạn đang tìm kiếm Voucher Gà chiên truyền thống nửa con tại Chicken Plus với mức giá ưu đãi, LifeLink là lựa chọn lý tưởng giúp bạn sở hữu voucher chính hãng chỉ trong vài thao tác. Với Voucher Gà chiên truyền thống nửa con tại Chicken Plus, bạn sẽ được thưởng thức món gà chiên giòn rụm chuẩn vị Hàn Quốc cùng nhiều món ăn kèm hấp dẫn, mang đến bữa ăn trọn vẹn cho gia đình và bạn bè. Khám Phá Voucher Gà chiên truyền thống nửa con tại Chicken Plus – Hương Vị Gà Rán Chuẩn Hàn Khó Cưỡng Gà Chiên Truyền Thống – Giòn Rụm Bên Ngoài, Mọng Ngọt Bên Trong LifeLink mang đến Voucher Gà chiên truyền thống nửa con tại Chicken Plus, giúp bạn dễ dàng trải nghiệm món gà chiên chuẩn Hàn với mức giá ưu đãi. Đây là lựa chọn lý tưởng cho những bữa ăn gia đình, những buổi gặp gỡ bạn bè hay các dịp tụ họp cuối tuần. Voucher bao gồm: Gà chiên truyền thống nửa con (650 gram). Cơm nắm. Đu đủ ngâm. Xà lách. Sốt chua ngọt. Sốt ngũ vị. Món gà được chế biến theo công thức truyền thống với lớp bột chiên mỏng, vàng óng và giòn rụm. Thịt gà bên trong vẫn giữ được độ mềm, mọng nước và vị ngọt tự nhiên. Khi kết hợp cùng cơm nắm, rau tươi, đu đủ ngâm và các loại sốt đặc trưng, bữa ăn trở nên cân bằng, hấp dẫn và đậm chất ẩm thực Hàn Quốc. Chicken Plus – Thương Hiệu Gà Rán Chuẩn Hàn Được Yêu Thích Chicken Plus là thương hiệu gà rán nổi tiếng đến từ Hàn Quốc, hiện đã có mặt tại nhiều quốc gia như Malaysia, Thượng Hải và Việt Nam. Với nhiều năm kinh nghiệm cùng công nghệ chế biến hiện đại, Chicken Plus luôn mang đến những món gà chiên chất lượng, đáp ứng khẩu vị của đông đảo thực khách. Điểm khác biệt của Chicken Plus nằm ở công thức tẩm ướp độc quyền, lớp bột chiên mỏng giòn và quy trình chế biến kỹ lưỡng. Không chỉ nổi bật với các loại sốt đặc trưng, món gà chiên truyền thống của Chicken Plus vẫn giữ được hương vị nguyên bản, phù hợp với những ai yêu thích sự đơn giản nhưng tinh tế. Đặt Mua Ngay Tại LifeLink Đừng bỏ lỡ cơ hội sở hữu Voucher Gà chiên truyền thống nửa con tại Chicken Plus với nhiều ưu đãi hấp dẫn tại LifeLink . Hãy đặt mua ngay hôm nay để thưởng thức món gà chiên giòn rụm chuẩn Hàn cùng các món ăn kèm thơm ngon, mang đến trải nghiệm ẩm thực trọn vẹn cho bạn và người thân. Voucher Gà chiên truyền thống nửa con tại Chicken Plus là lựa chọn hoàn hảo giúp bạn tận hưởng hương vị gà rán chất lượng với mức giá tiết kiệm và dịch vụ mua voucher tiện lợi tại LifeLink. LifeLink | Mỗi voucher chỉ được sử dụng 01 lần có thể áp dụng được nhiều voucher cho 01 đơn hàng. Không có giá trị quy đổi thành tiền mặt, không được hoàn trả tiền thừa. Chỉ áp dụng cho một số sản phẩm nhất định. Không hoàn trả hoặc bán lại được. Nếu giá tiền đơn đặt hàng của khách hàng vượt quá giá trị của voucher thì khách hàng phải thanh toán thêm số tiền chênh lệch đó. LifeLink không xuất hoá đơn VAT cho khách hàng. Khách hàng có trách nhiệm bảo mật thông tin mã thẻ quà tặng sau khi đặt mua. LifeLink sẽ không chịu trách nhiệm hoàn trả các mã thẻ bị mất hoặc ở trạng thái ""Đã sử dụng"" với bất kỳ lý do gì. LifeLink sẽ không chịu trách nhiệm đối với chất lượng sản phẩm hoặc dịch vụ được cung cấp cũng như đối với các tranh chấp về sau giữa khách hàng và nhà cung cấp. LifeLink có quyền sửa chữa hoặc thay đổi điều khoản và điều kiện sử dụng mà không thông báo trước. Hotline LifeLink : 1900 2065 Địa điểm sử dụng: https://docs.google.com/spreadsheets/d/1ErdtQi5FCClFIjOWs27EIjhuq0tAGmsG/edit?gid=829289209#gid=829289209","//cdn.lifelink.vn/img/s800x400/Voucher-Ga-chien-truyen-thong-nua-con_28072026152316.jpg?sign=k9tfuBgwl_RGQYUSIJhqsw","139000.00","135000.00","2026-08-01T00:00:00.000Z","2026-12-31T23:59:59.000Z","2026-08-01T00:00:00.000Z","2026-12-31T23:59:59.000Z","39","29","true","4","on_sale","2026-08-26T00:00:00.000Z","2026-08-26T00:00:00.000Z"
"0ff078c4-2ee0-4e51-b3fe-6381176ee44e","53e81410-04eb-4df9-a9b6-a2a42cd0349a","1","Voucher Gà chiên sốt ngũ vị nửa con tại Chicken Plus","Nếu bạn đang tìm kiếm Voucher Gà chiên sốt ngũ vị nửa con tại Chicken Plus với mức giá ưu đãi, LifeLink là địa chỉ đáng tin cậy giúp bạn sở hữu voucher chính hãng nhanh chóng và tiện lợi. Với Voucher Gà chiên sốt ngũ vị nửa con tại Chicken Plus, bạn sẽ được thưởng thức món gà chiên phủ sốt ngũ vị đậm đà cùng nhiều món ăn kèm hấp dẫn theo phong cách Hàn Quốc. Khám Phá Voucher Gà chiên sốt ngũ vị nửa con tại Chicken Plus – Hương Vị Đậm Đà Chinh Phục Mọi Tín Đồ Gà Rán Gà Chiên Sốt Ngũ Vị – Đậm Đà, Giòn Rụm, Khó Cưỡng LifeLink mang đến Voucher Gà chiên sốt ngũ vị nửa con tại Chicken Plus, giúp bạn dễ dàng thưởng thức món gà chiên chuẩn Hàn với mức giá ưu đãi. Đây là lựa chọn hoàn hảo cho những bữa ăn cùng gia đình, bạn bè hoặc các buổi tụ họp cuối tuần. Voucher bao gồm: Gà chiên sốt ngũ vị nửa con (650 gram). Cơm nắm. Đu đủ ngâm. Xà lách. Sốt chua ngọt. Sốt ngũ vị. Miếng gà được chiên vàng với lớp bột mỏng giòn rụm, giữ trọn độ mềm ngọt của thịt bên trong. Sau đó, gà được phủ đều lớp sốt ngũ vị đặc trưng, tạo nên sự hòa quyện tinh tế giữa nhiều tầng hương vị, giúp mỗi miếng gà đều hấp dẫn và đậm đà. Chicken Plus – Thương Hiệu Gà Rán Chuẩn Hàn Được Yêu Thích Chicken Plus là thương hiệu gà rán nổi tiếng đến từ Hàn Quốc và đã mở rộng thành công tại Malaysia, Thượng Hải và Việt Nam. Với nhiều năm kinh nghiệm cùng công nghệ chế biến hiện đại, Chicken Plus luôn mang đến những món gà chiên chất lượng, giữ trọn tinh hoa ẩm thực Hàn Quốc. Điểm khác biệt của Chicken Plus nằm ở công thức tẩm ướp độc quyền, lớp bột chiên mỏng giòn cùng hệ thống sốt đa dạng. Mỗi món ăn đều được chế biến tỉ mỉ để mang đến trải nghiệm vừa truyền thống, vừa hiện đại, đáp ứng khẩu vị của nhiều thực khách. Mua Voucher Tại LifeLink – Nhanh Chóng, Chính Hãng Và Tiện Lợi LifeLink – Địa Chỉ Mua Voucher Ăn Uống Uy Tín LifeLink là nền tảng cung cấp đa dạng voucher ăn uống, giải trí và mua sắm từ nhiều thương hiệu nổi tiếng. Khi mua Voucher Gà chiên sốt ngũ vị nửa con tại Chicken Plus, bạn sẽ nhận được nhiều lợi ích nổi bật như: Voucher chính hãng, đảm bảo chất lượng. Đặt mua trực tuyến nhanh chóng, thao tác đơn giản. Nhận voucher điện tử ngay sau khi thanh toán. Tiết kiệm chi phí khi thưởng thức món ăn yêu thích. Thường xuyên cập nhật nhiều chương trình ưu đãi hấp dẫn. Đặt Mua Ngay Tại LifeLink Đừng bỏ lỡ cơ hội sở hữu Voucher Gà chiên sốt ngũ vị nửa con tại Chicken Plus với nhiều ưu đãi hấp dẫn tại LifeLink . Hãy đặt mua ngay hôm nay để thưởng thức món gà chiên sốt ngũ vị thơm ngon cùng các món ăn kèm hấp dẫn một cách nhanh chóng và tiết kiệm. Voucher Gà chiên sốt ngũ vị nửa con tại Chicken Plus sẽ là lựa chọn hoàn hảo dành cho những tín đồ yêu thích ẩm thực Hàn Quốc và mong muốn trải nghiệm dịch vụ mua voucher uy tín tại LifeLink. LifeLink | Mỗi voucher chỉ được sử dụng 01 lần có thể áp dụng được nhiều voucher cho 01 đơn hàng. Không có giá trị quy đổi thành tiền mặt, không được hoàn trả tiền thừa. Chỉ áp dụng cho một số sản phẩm nhất định. Không hoàn trả hoặc bán lại được. Nếu giá tiền đơn đặt hàng của khách hàng vượt quá giá trị của voucher thì khách hàng phải thanh toán thêm số tiền chênh lệch đó. LifeLink không xuất hoá đơn VAT cho khách hàng. Khách hàng có trách nhiệm bảo mật thông tin mã thẻ quà tặng sau khi đặt mua. LifeLink sẽ không chịu trách nhiệm hoàn trả các mã thẻ bị mất hoặc ở trạng thái ""Đã sử dụng"" với bất kỳ lý do gì. LifeLink sẽ không chịu trách nhiệm đối với chất lượng sản phẩm hoặc dịch vụ được cung cấp cũng như đối với các tranh chấp về sau giữa khách hàng và nhà cung cấp. LifeLink có quyền sửa chữa hoặc thay đổi điều khoản và điều kiện sử dụng mà không thông báo trước. Hotline LifeLink : 1900 2065 Địa điểm sử dụng: https://docs.google.com/spreadsheets/d/1ErdtQi5FCClFIjOWs27EIjhuq0tAGmsG/edit?gid=829289209#gid=829289209","//cdn.lifelink.vn/img/s800x400/Voucher-Ga-chien-sot-ngu-vi-nua-con_28072026143656.jpg?sign=zjEwUVrdXlBPvejVOQN86g","149000.00","145000.00","2026-08-01T00:00:00.000Z","2026-12-31T23:59:59.000Z","2026-08-01T00:00:00.000Z","2026-12-31T23:59:59.000Z","41","31","true","4","on_sale","2026-08-26T00:00:00.000Z","2026-08-26T00:00:00.000Z"
"203a8540-0f2c-4454-a8e9-a17a03885442","53e81410-04eb-4df9-a9b6-a2a42cd0349a","1","Voucher Gà chiên sốt Creamy Onion nửa con tại Chicken Plus","Nếu bạn đang tìm kiếm Voucher Gà chiên sốt Creamy Onion nửa con tại Chicken Plus với mức giá ưu đãi, LifeLink là nền tảng đáng tin cậy giúp bạn sở hữu voucher chính hãng nhanh chóng và tiện lợi. Với Voucher Gà chiên sốt Creamy Onion nửa con tại Chicken Plus, bạn sẽ được thưởng thức món gà chiên phủ sốt Creamy Onion béo thơm đặc trưng cùng nhiều món ăn kèm hấp dẫn chuẩn phong cách Hàn Quốc. Khám Phá Voucher Gà chiên sốt Creamy Onion nửa con tại Chicken Plus – Hương Vị Hàn Quốc Đậm Đà Khó Cưỡng Gà Chiên Sốt Creamy Onion – Giòn Rụm, Béo Thơm, Đầy Cuốn Hút LifeLink mang đến Voucher Gà chiên sốt Creamy Onion nửa con tại Chicken Plus, giúp bạn dễ dàng thưởng thức món gà chiên nổi tiếng với lớp sốt Creamy Onion đặc trưng. Đây là lựa chọn hoàn hảo cho những bữa ăn cùng gia đình, bạn bè hoặc các buổi tụ họp cuối tuần. Voucher bao gồm: Gà chiên sốt Creamy Onion nửa con (650 gram). Cơm nắm. Đu đủ ngâm. Xà lách. Sốt chua ngọt. Sốt ngũ vị. Miếng gà được chiên với lớp bột mỏng vàng giòn, giữ trọn độ mềm ngọt của thịt bên trong. Lớp sốt Creamy Onion béo thơm, vị ngọt nhẹ kết hợp cùng hương hành đặc trưng tạo nên điểm nhấn khác biệt, mang đến trải nghiệm ẩm thực chuẩn Hàn Quốc đầy hấp dẫn. Chicken Plus – Thương Hiệu Gà Rán Chuẩn Hàn Được Yêu Thích Chicken Plus là thương hiệu gà rán nổi tiếng đến từ Hàn Quốc và đã có mặt tại nhiều quốc gia như Malaysia, Thượng Hải và Việt Nam. Với kinh nghiệm lâu năm cùng công nghệ chế biến hiện đại, Chicken Plus luôn mang đến những món gà chiên chất lượng, đáp ứng khẩu vị đa dạng của thực khách. Điểm nổi bật của Chicken Plus là công thức tẩm ướp độc quyền, lớp bột chiên mỏng giòn cùng nhiều loại sốt đặc sắc như Creamy Onion, sốt ngũ vị, sốt cay Hàn Quốc... Sự kết hợp giữa nguyên liệu chất lượng và quy trình chế biến chuyên nghiệp đã tạo nên sức hút riêng cho thương hiệu trên thị trường. Đặt Mua Ngay Tại LifeLink Đừng bỏ lỡ cơ hội sở hữu Voucher Gà chiên sốt Creamy Onion nửa con tại Chicken Plus với nhiều ưu đãi hấp dẫn tại LifeLink . Hãy đặt mua ngay hôm nay để thưởng thức món gà chiên phủ sốt Creamy Onion thơm béo cùng các món ăn kèm hấp dẫn với chi phí tiết kiệm. Voucher Gà chiên sốt Creamy Onion nửa con tại Chicken Plus là lựa chọn hoàn hảo dành cho những tín đồ yêu thích ẩm thực Hàn Quốc và mong muốn trải nghiệm dịch vụ mua voucher uy tín tại LifeLink. LifeLink | Mỗi voucher chỉ được sử dụng 01 lần có thể áp dụng được nhiều voucher cho 01 đơn hàng. Không có giá trị quy đổi thành tiền mặt, không được hoàn trả tiền thừa. Chỉ áp dụng cho một số sản phẩm nhất định. Không hoàn trả hoặc bán lại được. Nếu giá tiền đơn đặt hàng của khách hàng vượt quá giá trị của voucher thì khách hàng phải thanh toán thêm số tiền chênh lệch đó. LifeLink không xuất hoá đơn VAT cho khách hàng. Khách hàng có trách nhiệm bảo mật thông tin mã thẻ quà tặng sau khi đặt mua. LifeLink sẽ không chịu trách nhiệm hoàn trả các mã thẻ bị mất hoặc ở trạng thái ""Đã sử dụng"" với bất kỳ lý do gì. LifeLink sẽ không chịu trách nhiệm đối với chất lượng sản phẩm hoặc dịch vụ được cung cấp cũng như đối với các tranh chấp về sau giữa khách hàng và nhà cung cấp. LifeLink có quyền sửa chữa hoặc thay đổi điều khoản và điều kiện sử dụng mà không thông báo trước. Hotline LifeLink : 1900 2065 Địa điểm sử dụng: https://docs.google.com/spreadsheets/d/1ErdtQi5FCClFIjOWs27EIjhuq0tAGmsG/edit?gid=829289209#gid=829289209","//cdn.lifelink.vn/img/s800x400/Voucher-Ga-chien-sot-Creamy-Onion-nua-con_28072026135917.jpg?sign=AE_hT9uPf5tBxO6_H_le-w","159000.00","155000.00","2026-08-01T00:00:00.000Z","2026-12-31T23:59:59.000Z","2026-08-01T00:00:00.000Z","2026-12-31T23:59:59.000Z","76","66","true","4","on_sale","2026-08-26T00:00:00.000Z","2026-08-26T00:00:00.000Z"
"5ac18aba-a2c0-4bdb-b821-47f5de0d294e","53e81410-04eb-4df9-a9b6-a2a42cd0349a","1","Voucher Gà không xương truyền thống lớn tại Chicken Plus","Nếu bạn đang tìm kiếm Voucher Gà không xương truyền thống lớn tại Chicken Plus với mức giá ưu đãi, LifeLink là nền tảng đáng tin cậy giúp bạn sở hữu voucher chính hãng nhanh chóng và tiện lợi. Với Voucher Gà không xương truyền thống lớn tại Chicken Plus, bạn sẽ được thưởng thức món gà không xương giòn rụm cùng các món ăn kèm hấp dẫn, mang đậm hương vị Hàn Quốc. Khám Phá Voucher Gà không xương truyền thống lớn tại Chicken Plus – Hương Vị Gà Chiên Nguyên Bản Đầy Hấp Dẫn Gà Không Xương Truyền Thống – Giòn Rụm Bên Ngoài, Mềm Ngọt Bên Trong LifeLink mang đến Voucher Gà không xương truyền thống lớn tại Chicken Plus, giúp bạn dễ dàng trải nghiệm món gà chiên truyền thống chuẩn Hàn với mức giá ưu đãi. Đây là lựa chọn hoàn hảo cho những bữa ăn cùng gia đình, bạn bè hoặc những ai yêu thích món gà chiên chất lượng. Voucher bao gồm: Gà không xương truyền thống lớn (400 gram). Cơm nắm. Đu đủ ngâm. Xà lách. Sốt chua ngọt. Sốt ngũ vị. Những miếng gà không xương được tẩm ướp theo công thức đặc trưng, phủ lớp bột mỏng vàng giòn, mang đến cảm giác giòn tan khi thưởng thức. Phần thịt bên trong vẫn giữ được độ mềm, mọng nước và vị ngọt tự nhiên. Khi kết hợp cùng cơm nắm, rau tươi, đu đủ ngâm và các loại sốt đi kèm, bữa ăn trở nên hài hòa và trọn vẹn hơn. Chicken Plus – Thương Hiệu Gà Rán Chuẩn Hàn Được Yêu Thích Chicken Plus là thương hiệu gà rán nổi tiếng đến từ Hàn Quốc và đã có mặt tại nhiều quốc gia như Malaysia, Thượng Hải và Việt Nam. Với nhiều năm kinh nghiệm cùng công nghệ chế biến hiện đại, Chicken Plus mang đến những món gà chiên giữ trọn hương vị truyền thống nhưng vẫn phù hợp với khẩu vị của nhiều thực khách. Điểm khác biệt của Chicken Plus nằm ở công thức tẩm ướp độc quyền, lớp bột chiên mỏng giòn cùng các loại sốt đặc trưng. Nhờ đó, mỗi món ăn đều tạo nên trải nghiệm ẩm thực hấp dẫn, đáp ứng nhu cầu đa dạng của khách hàng yêu thích gà chiên phong cách Hàn Quốc. Đặt Mua Ngay Tại LifeLink Đừng bỏ lỡ cơ hội sở hữu Voucher Gà không xương truyền thống lớn tại Chicken Plus với nhiều ưu đãi hấp dẫn trên LifeLink . Hãy đặt mua ngay hôm nay để thưởng thức món gà không xương giòn rụm cùng các món ăn kèm thơm ngon một cách nhanh chóng và tiện lợi. Voucher Gà không xương truyền thống lớn tại Chicken Plus là lựa chọn hoàn hảo dành cho những tín đồ yêu thích gà chiên chuẩn Hàn và mong muốn trải nghiệm dịch vụ mua voucher uy tín tại LifeLink. LifeLink | Mỗi voucher chỉ được sử dụng 01 lần có thể áp dụng được nhiều voucher cho 01 đơn hàng. Không có giá trị quy đổi thành tiền mặt, không được hoàn trả tiền thừa. Chỉ áp dụng cho một số sản phẩm nhất định. Không hoàn trả hoặc bán lại được. Nếu giá tiền đơn đặt hàng của khách hàng vượt quá giá trị của voucher thì khách hàng phải thanh toán thêm số tiền chênh lệch đó. LifeLink không xuất hoá đơn VAT cho khách hàng. Khách hàng có trách nhiệm bảo mật thông tin mã thẻ quà tặng sau khi đặt mua. LifeLink sẽ không chịu trách nhiệm hoàn trả các mã thẻ bị mất hoặc ở trạng thái ""Đã sử dụng"" với bất kỳ lý do gì. LifeLink sẽ không chịu trách nhiệm đối với chất lượng sản phẩm hoặc dịch vụ được cung cấp cũng như đối với các tranh chấp về sau giữa khách hàng và nhà cung cấp. LifeLink có quyền sửa chữa hoặc thay đổi điều khoản và điều kiện sử dụng mà không thông báo trước. Hotline LifeLink : 1900 2065 Địa điểm sử dụng: https://docs.google.com/spreadsheets/d/1ErdtQi5FCClFIjOWs27EIjhuq0tAGmsG/edit?gid=829289209#gid=829289209","//cdn.lifelink.vn/img/s800x400/Ga-khong-xuong-truyen-thong-lon_28072026134054.jpg?sign=Brxm2h58CbqMM9SJ0C60sg","139000.00","136000.00","2026-08-01T00:00:00.000Z","2026-12-31T23:59:59.000Z","2026-08-01T00:00:00.000Z","2026-12-31T23:59:59.000Z","89","79","true","4","on_sale","2026-08-26T00:00:00.000Z","2026-08-26T00:00:00.000Z"
"e2bfd3c6-2c26-46d9-97af-cd5e35f440d7","53e81410-04eb-4df9-a9b6-a2a42cd0349a","1","Voucher Gà không xương sốt ngũ vị lớn tại Chicken Plus","Nếu bạn đang tìm kiếm Voucher Gà không xương sốt ngũ vị lớn tại Chicken Plus với mức giá ưu đãi, LifeLink là địa chỉ đáng tin cậy giúp bạn mua voucher chính hãng nhanh chóng và tiện lợi. Với Voucher Gà không xương sốt ngũ vị lớn tại Chicken Plus, bạn sẽ dễ dàng thưởng thức món gà không xương giòn ngon, đậm đà hương vị Hàn Quốc cùng nhiều món ăn kèm hấp dẫn. Khám Phá Voucher Gà không xương sốt ngũ vị lớn tại Chicken Plus – Trọn Vẹn Hương Vị Gà Hàn Quốc Gà Không Xương Sốt Ngũ Vị – Món Ngon Chinh Phục Mọi Tín Đồ Ẩm Thực LifeLink mang đến Voucher Gà không xương sốt ngũ vị lớn tại Chicken Plus, giúp bạn dễ dàng thưởng thức món gà chiên chuẩn Hàn với mức giá ưu đãi. Đây là lựa chọn hoàn hảo cho bữa trưa, bữa tối hoặc những buổi gặp gỡ bạn bè, người thân. Voucher bao gồm: Gà không xương sốt ngũ vị lớn (400 gram). Cơm nắm. Đu đủ ngâm. Xà lách. Sốt chua ngọt. Sốt ngũ vị. Những miếng gà không xương được chiên vàng với lớp bột mỏng giòn rụm, phần thịt bên trong mềm mọng và phủ đều lớp sốt ngũ vị đặc trưng. Khi kết hợp cùng cơm nắm, rau tươi, đu đủ ngâm và các loại sốt đi kèm, món ăn mang đến sự cân bằng về hương vị và trải nghiệm ẩm thực hấp dẫn. Chicken Plus – Thương Hiệu Gà Rán Chuẩn Hàn Được Yêu Thích Chicken Plus là thương hiệu gà rán nổi tiếng đến từ Hàn Quốc và đã chinh phục thực khách tại nhiều quốc gia như Malaysia, Thượng Hải và Việt Nam. Với kinh nghiệm lâu năm cùng công nghệ chế biến hiện đại, Chicken Plus mang đến những món gà chiên giữ trọn hương vị truyền thống nhưng vẫn phù hợp với khẩu vị hiện đại. Điểm nổi bật của Chicken Plus nằm ở công thức tẩm ướp độc quyền cùng các loại sốt đa dạng. Lớp bột chiên mỏng tạo độ giòn hoàn hảo, trong khi phần thịt gà bên trong vẫn giữ được độ mềm ngọt tự nhiên. Chính sự kết hợp này đã giúp Chicken Plus trở thành điểm đến yêu thích của nhiều tín đồ ẩm thực Hàn Quốc. Đặt Mua Ngay Tại LifeLink Đừng bỏ lỡ cơ hội sở hữu Voucher Gà không xương sốt ngũ vị lớn tại Chicken Plus với nhiều ưu đãi hấp dẫn tại LifeLink . Hãy đặt mua ngay hôm nay để thưởng thức món gà không xương chuẩn vị Hàn cùng các món ăn kèm thơm ngon một cách tiện lợi và tiết kiệm. Voucher Gà không xương sốt ngũ vị lớn tại Chicken Plus sẽ là lựa chọn hoàn hảo cho những ai yêu thích gà chiên và mong muốn trải nghiệm hương vị đặc sắc từ Chicken Plus. LifeLink | Mỗi voucher chỉ được sử dụng 01 lần có thể áp dụng được nhiều voucher cho 01 đơn hàng. Không có giá trị quy đổi thành tiền mặt, không được hoàn trả tiền thừa. Chỉ áp dụng cho một số sản phẩm nhất định. Không hoàn trả hoặc bán lại được. Nếu giá tiền đơn đặt hàng của khách hàng vượt quá giá trị của voucher thì khách hàng phải thanh toán thêm số tiền chênh lệch đó. LifeLink không xuất hoá đơn VAT cho khách hàng. Khách hàng có trách nhiệm bảo mật thông tin mã thẻ quà tặng sau khi đặt mua. LifeLink sẽ không chịu trách nhiệm hoàn trả các mã thẻ bị mất hoặc ở trạng thái ""Đã sử dụng"" với bất kỳ lý do gì. LifeLink sẽ không chịu trách nhiệm đối với chất lượng sản phẩm hoặc dịch vụ được cung cấp cũng như đối với các tranh chấp về sau giữa khách hàng và nhà cung cấp. LifeLink có quyền sửa chữa hoặc thay đổi điều khoản và điều kiện sử dụng mà không thông báo trước. Hotline LifeLink : 1900 2065 Địa điểm sử dụng: https://docs.google.com/spreadsheets/d/1ErdtQi5FCClFIjOWs27EIjhuq0tAGmsG/edit?gid=829289209#gid=829289209","//cdn.lifelink.vn/img/s800x400/Voucher-Ga-khong-xuong-sot-ngu-vi-lon_28072026133620.jpg?sign=pj4dCkhwuwCjPiJrnfrgFA","149000.00","145000.00","2026-08-01T00:00:00.000Z","2026-12-31T23:59:59.000Z","2026-08-01T00:00:00.000Z","2026-12-31T23:59:59.000Z","15","5","true","4","on_sale","2026-08-26T00:00:00.000Z","2026-08-26T00:00:00.000Z"
"b43a3ccb-bb0a-43f5-98c8-917bad013397","6dd36bff-3015-451c-8455-778d9e6d9b94","1","Voucher Shrimp Burger Set tại Lotteria","Nếu bạn đang tìm kiếm Voucher Shrimp Burger Set tại Lotteria với mức giá ưu đãi, LifeLink là điểm đến đáng tin cậy giúp bạn sở hữu voucher chính hãng nhanh chóng và tiện lợi. Với Voucher Shrimp Burger Set tại Lotteria, bạn sẽ dễ dàng thưởng thức burger tôm hấp dẫn cùng Pepsi mát lạnh từ thương hiệu thức ăn nhanh hàng đầu. Khám Phá Voucher Shrimp Burger Set tại Lotteria – Combo Burger Tôm Hấp Dẫn Khó Cưỡng Burger Tôm Giòn Ngon – Lựa Chọn Hoàn Hảo Cho Bữa Ăn Nhanh LifeLink mang đến Voucher Shrimp Burger Set tại Lotteria, giúp khách hàng dễ dàng trải nghiệm một trong những món burger được yêu thích của Lotteria với mức giá ưu đãi. Chỉ với vài thao tác đơn giản, bạn đã có thể sở hữu voucher chính hãng và tận hưởng bữa ăn chất lượng. Voucher bao gồm: 01 Burger Tôm. 01 Pepsi (M). Burger Tôm được chế biến từ phần nhân tôm thơm ngon, phủ lớp bột chiên vàng giòn kết hợp với rau tươi, nước sốt đặc trưng và bánh burger mềm xốp. Đi kèm là Pepsi (M) mát lạnh, mang đến bữa ăn trọn vẹn, cân bằng và hấp dẫn. Lotteria – Thương Hiệu Thức Ăn Nhanh Hàng Đầu Đến Từ Hàn Quốc Lotteria là chuỗi nhà hàng thức ăn nhanh trực thuộc Tập đoàn Lotte – một trong năm tập đoàn lớn nhất Hàn Quốc. Thương hiệu đã liên tục giữ vị trí số 1 về Brand Power trong 7 năm liền do Korea Management Association trao tặng, đồng thời được đánh giá cao với danh hiệu Brand Stock về năng lực cạnh tranh thương hiệu. Gia nhập thị trường Việt Nam từ năm 1998, Lotteria hiện có hơn 210 nhà hàng tại hơn 30 tỉnh, thành phố trên cả nước. Với thực đơn phong phú, chất lượng món ăn ổn định và dịch vụ chuyên nghiệp, Lotteria luôn là lựa chọn yêu thích của nhiều gia đình, giới trẻ và dân văn phòng. Mua Voucher Tại LifeLink – Nhanh Chóng, Chính Hãng, Tiện Lợi LifeLink – Nền Tảng Cung Cấp Voucher Uy Tín LifeLink là nền tảng cung cấp đa dạng voucher ăn uống, mua sắm và giải trí từ nhiều thương hiệu nổi tiếng. Khi mua Voucher Shrimp Burger Set tại Lotteria trên LifeLink, khách hàng sẽ nhận được nhiều lợi ích như: Voucher chính hãng, an tâm khi sử dụng. Quy trình mua đơn giản, nhanh chóng. Nhận voucher điện tử thuận tiện ngay sau khi thanh toán. Tiết kiệm chi phí khi thưởng thức món ăn yêu thích. Thường xuyên cập nhật các chương trình ưu đãi hấp dẫn. Đặt Mua Ngay Voucher Shrimp Burger Set tại Lotteria Trên LifeLink Đừng bỏ lỡ cơ hội sở hữu Voucher Shrimp Burger Set tại Lotteria với nhiều ưu đãi hấp dẫn tại LifeLink . Hãy đặt mua ngay hôm nay để thưởng thức Burger Tôm thơm ngon cùng Pepsi mát lạnh một cách nhanh chóng, tiện lợi và tiết kiệm. Voucher Shrimp Burger Set tại Lotteria sẽ là lựa chọn hoàn hảo giúp bạn tận hưởng bữa ăn chất lượng từ Lotteria với chi phí tối ưu. LifeLink | Voucher không áp dụng hình thức đổi trả/ hủy/ hoàn tiền. Được sử dụng tối đa 5 voucher/ ngày/ hóa đơn. Không áp dụng đổi hàng cho đơn hàng số lượng lớn (theo quy định của Lotteria). Mỗi voucher chỉ được sử dụng 01 lần. Chỉ áp dụng cho một số sản phẩm nhất định. Trong trường hợp sản phẩm được chỉ định không có sẵn, khách hàng có thể lựa chọn các sản phẩm có cùng giá t.rị. Không đổi được ra tiền mặt một phần hoặc toàn bộ. Không hoàn trả hoặc bán lại được. Nếu giá tiền đơn đặt hàng của khách hàng vượt quá giá trị của voucher thì khách hàng phải thanh toán thêm số tiền chênh lệch đó. Voucher không áp dụng cho các chương trình khuyến mãi khác. Khách hàng có trách nhiệm bảo mật thông tin mã thẻ quà tặng sau khi đặt mua. LifeLink sẽ không chịu trách nhiệm hoàn trả các mã thẻ bị mất hoặc ở trạng thái ""đã sử dụng"" với bất kỳ lý do gì. LifeLink sẽ không chịu trách nhiệm đối với chất lượng của sản phẩm được cung cấp cũng như đối với các tranh chấp về sau giữa khách hàng và nhà cung cấp. LifeLink có quyền sửa chữa hoặc thay đổi điều khoản và điều kiện sử dụng mà không thông báo trước. Hotline LifeLink: 1900 2065","//cdn.lifelink.vn/img/s800x400/Shrimp-Burger-Set_28072026100224.jpg?sign=a_0KEtCCoAHstbOFRwyisw","62000.00","58000.00","2026-08-01T00:00:00.000Z","2026-12-31T23:59:59.000Z","2026-08-01T00:00:00.000Z","2026-12-31T23:59:59.000Z","83","73","true","5","on_sale","2026-08-26T00:00:00.000Z","2026-08-26T00:00:00.000Z"
"ad831234-fda6-4899-a44c-6d0c99f16615","6dd36bff-3015-451c-8455-778d9e6d9b94","1","Voucher Bulgogi Burger Set tại Lotteria","Nếu bạn đang tìm kiếm Voucher Bulgogi Burger Set tại Lotteria với mức giá ưu đãi, LifeLink là lựa chọn lý tưởng giúp bạn sở hữu voucher chính hãng chỉ trong vài thao tác. Với Voucher Bulgogi Burger Set tại Lotteria, bạn sẽ dễ dàng thưởng thức combo burger thơm ngon cùng nước uống mát lạnh từ thương hiệu thức ăn nhanh nổi tiếng. Khám Phá Voucher Bulgogi Burger Set tại Lotteria – Combo Burger Hấp Dẫn Cho Mọi Tín Đồ Ẩm Thực Bulgogi Burger – Hương Vị Chuẩn Hàn Khó Cưỡng LifeLink mang đến Voucher Bulgogi Burger Set tại Lotteria, giúp khách hàng dễ dàng trải nghiệm một trong những món burger được yêu thích nhất của Lotteria với mức giá ưu đãi. Đây là lựa chọn lý tưởng dành cho những ai yêu thích hương vị đậm đà, tiện lợi và chất lượng. Voucher bao gồm: 01 Burger Bulgogi. 01 Pepsi (M). Burger Bulgogi được chế biến với lớp bánh mềm thơm, phần nhân thịt đậm vị kết hợp cùng sốt Bulgogi đặc trưng mang phong cách Hàn Quốc. Đi kèm là Pepsi (M) mát lạnh, tạo nên combo trọn vẹn cho bữa ăn nhanh nhưng vẫn đầy đủ hương vị. Lotteria – Thương Hiệu Thức Ăn Nhanh Được Tin Chọn Lotteria là chuỗi nhà hàng thức ăn nhanh trực thuộc Tập đoàn Lotte – một trong năm tập đoàn lớn nhất Hàn Quốc. Trong nhiều năm liên tiếp, Lotteria được vinh danh ở vị trí số 1 về Brand Power do Korea Management Association trao tặng và được đánh giá cao với danh hiệu Brand Stock về năng lực cạnh tranh thương hiệu. Gia nhập thị trường Việt Nam từ năm 1998, Lotteria hiện sở hữu hơn 210 nhà hàng tại hơn 30 tỉnh, thành trên cả nước. Với thực đơn đa dạng, nguyên liệu chất lượng và phong cách phục vụ chuyên nghiệp, Lotteria luôn là điểm đến quen thuộc của nhiều gia đình, giới trẻ và nhân viên văn phòng. Lựa Chọn LifeLink – Mua Voucher Nhanh, Nhận Ưu Đãi Dễ Dàng LifeLink – Nền Tảng Cung Cấp Voucher Chính Hãng Uy Tín LifeLink là nền tảng giúp khách hàng tiếp cận hàng loạt voucher ăn uống, giải trí và mua sắm từ các thương hiệu nổi tiếng. Khi mua Voucher Bulgogi Burger Set tại Lotteria trên LifeLink, bạn sẽ nhận được nhiều lợi ích nổi bật như: Voucher chính hãng, đảm bảo an tâm khi sử dụng. Quy trình mua nhanh chóng, thuận tiện trên nền tảng trực tuyến. Nhận voucher điện tử ngay sau khi hoàn tất giao dịch. Tiết kiệm chi phí khi thưởng thức món ăn yêu thích. Thường xuyên cập nhật nhiều chương trình ưu đãi hấp dẫn. Đặt Mua Ngay Tại LifeLink Đừng bỏ lỡ cơ hội sở hữu Voucher Bulgogi Burger Set tại Lotteria với nhiều ưu đãi hấp dẫn trên LifeLink. Hãy đặt mua ngay hôm nay để thưởng thức burger chuẩn vị Hàn cùng Pepsi mát lạnh một cách tiện lợi và tiết kiệm. Voucher Bulgogi Burger Set tại Lotteria sẽ là lựa chọn hoàn hảo cho những bữa ăn nhanh chất lượng và trải nghiệm mua voucher dễ dàng tại LifeLink. LifeLink | Voucher không áp dụng hình thức đổi trả/ hủy/ hoàn tiền. Được sử dụng tối đa 5 voucher/ ngày/ hóa đơn. Không áp dụng đổi hàng cho đơn hàng số lượng lớn (theo quy định của Lotteria). Mỗi voucher chỉ được sử dụng 01 lần. Chỉ áp dụng cho một số sản phẩm nhất định. Trong trường hợp sản phẩm được chỉ định không có sẵn, khách hàng có thể lựa chọn các sản phẩm có cùng giá t.rị. Không đổi được ra tiền mặt một phần hoặc toàn bộ. Không hoàn trả hoặc bán lại được. Nếu giá tiền đơn đặt hàng của khách hàng vượt quá giá trị của voucher thì khách hàng phải thanh toán thêm số tiền chênh lệch đó. Voucher không áp dụng cho các chương trình khuyến mãi khác. Khách hàng có trách nhiệm bảo mật thông tin mã thẻ quà tặng sau khi đặt mua. LifeLink sẽ không chịu trách nhiệm hoàn trả các mã thẻ bị mất hoặc ở trạng thái ""đã sử dụng"" với bất kỳ lý do gì. LifeLink sẽ không chịu trách nhiệm đối với chất lượng của sản phẩm được cung cấp cũng như đối với các tranh chấp về sau giữa khách hàng và nhà cung cấp. LifeLink có quyền sửa chữa hoặc thay đổi điều khoản và điều kiện sử dụng mà không thông báo trước. Hotline LifeLink: 1900 2065","//cdn.lifelink.vn/img/s800x400/Bulgogi-Burger-Set_28072026093610.jpg?sign=mF3Y-AIguB1VZBtTKYa8-A","62000.00","58000.00","2026-08-01T00:00:00.000Z","2026-12-31T23:59:59.000Z","2026-08-01T00:00:00.000Z","2026-12-31T23:59:59.000Z","37","27","true","5","on_sale","2026-08-26T00:00:00.000Z","2026-08-26T00:00:00.000Z"
"f20f5bb3-e31a-430a-ae63-43c612b21d51","6dd36bff-3015-451c-8455-778d9e6d9b94","1","Voucher Fried chicken tại Lotteria","Nếu bạn đang tìm kiếm Voucher Fried chicken tại Lotteria với mức giá ưu đãi, LifeLink là địa chỉ đáng tin cậy giúp bạn mua voucher nhanh chóng, an toàn và tiện lợi. Chỉ với vài thao tác đơn giản, bạn có thể sở hữu Voucher Fried chicken tại Lotteria để thưởng thức hương vị gà rán thơm ngon từ thương hiệu thức ăn nhanh nổi tiếng. Khám Phá Voucher Fried chicken tại Lotteria – Thưởng Thức Hương Vị Gà Rán Trứ Danh Gà Rán Giòn Rụm – Món Ăn Được Yêu Thích Tại Lotteria LifeLink cung cấp Voucher Fried chicken tại Lotteria, giúp khách hàng dễ dàng thưởng thức món gà rán nổi tiếng với chất lượng đảm bảo và mức giá hấp dẫn. Voucher được thiết kế thuận tiện, phù hợp cho những ai muốn trải nghiệm món ăn yêu thích mà vẫn tiết kiệm chi phí. Voucher bao gồm: 01 miếng Gà rán. Miếng gà rán được chế biến từ nguồn nguyên liệu chất lượng, phủ lớp bột chiên vàng giòn bên ngoài, trong khi phần thịt bên trong vẫn giữ được độ mềm, mọng nước và hương vị đặc trưng. Đây là lựa chọn lý tưởng cho bữa ăn nhẹ hoặc kết hợp cùng các món ăn khác tại Lotteria. Lotteria – Thương Hiệu Thức Ăn Nhanh Hàng Đầu Hàn Quốc Lotteria là chuỗi nhà hàng thức ăn nhanh trực thuộc Tập đoàn Lotte – một trong năm tập đoàn lớn nhất Hàn Quốc. Thương hiệu đã liên tục giữ vị trí số 1 về Brand Power trong nhiều năm và được đánh giá cao về năng lực cạnh tranh thương hiệu với danh hiệu Brand Stock. Có mặt tại Việt Nam từ năm 1998, Lotteria hiện sở hữu hơn 210 nhà hàng tại hơn 30 tỉnh, thành phố trên cả nước. Với thực đơn đa dạng, chất lượng món ăn ổn định và dịch vụ chuyên nghiệp, Lotteria đã trở thành điểm đến quen thuộc của nhiều gia đình, giới trẻ và nhân viên văn phòng. Vì Sao Nên Chọn Mua Voucher Tại LifeLink? LifeLink – Địa Chỉ Mua Voucher Nhanh Chóng, Uy Tín LifeLink là nền tảng cung cấp đa dạng voucher ăn uống, mua sắm và giải trí từ nhiều thương hiệu nổi tiếng. Khi mua Voucher Fried chicken tại Lotteria trên LifeLink, khách hàng sẽ nhận được nhiều lợi ích như: Voucher chính hãng, an tâm khi sử dụng. Đặt mua nhanh chóng với quy trình đơn giản. Nhận voucher điện tử tiện lợi, dễ dàng đổi món. Tiết kiệm chi phí khi thưởng thức món ăn yêu thích. Thường xuyên cập nhật nhiều chương trình ưu đãi hấp dẫn. Đặt Mua Ngay Tại LifeLink Đừng bỏ lỡ cơ hội sở hữu Voucher Fried chicken tại Lotteria với nhiều ưu đãi hấp dẫn trên LifeLink . Hãy đặt mua ngay hôm nay để thưởng thức món gà rán thơm ngon, giòn rụm từ Lotteria một cách thuận tiện và tiết kiệm. Voucher Fried chicken tại Lotteria là lựa chọn hoàn hảo dành cho những tín đồ yêu thích gà rán và mong muốn tận hưởng chất lượng từ thương hiệu hàng đầu. LifeLink | Voucher không áp dụng hình thức đổi trả/ hủy/ hoàn tiền. Được sử dụng tối đa 5 voucher/ ngày/ hóa đơn. Không áp dụng đổi hàng cho đơn hàng số lượng lớn (theo quy định của Lotteria). Mỗi voucher chỉ được sử dụng 01 lần. Chỉ áp dụng cho một số sản phẩm nhất định. Trong trường hợp sản phẩm được chỉ định không có sẵn, khách hàng có thể lựa chọn các sản phẩm có cùng giá t.rị. Không đổi được ra tiền mặt một phần hoặc toàn bộ. Không hoàn trả hoặc bán lại được. Nếu giá tiền đơn đặt hàng của khách hàng vượt quá giá trị của voucher thì khách hàng phải thanh toán thêm số tiền chênh lệch đó. Voucher không áp dụng cho các chương trình khuyến mãi khác. Khách hàng có trách nhiệm bảo mật thông tin mã thẻ quà tặng sau khi đặt mua. LifeLink sẽ không chịu trách nhiệm hoàn trả các mã thẻ bị mất hoặc ở trạng thái ""đã sử dụng"" với bất kỳ lý do gì. LifeLink sẽ không chịu trách nhiệm đối với chất lượng của sản phẩm được cung cấp cũng như đối với các tranh chấp về sau giữa khách hàng và nhà cung cấp. LifeLink có quyền sửa chữa hoặc thay đổi điều khoản và điều kiện sử dụng mà không thông báo trước. Hotline LifeLink: 1900 2065","//cdn.lifelink.vn/img/s800x400/Fried-chicken_28072026092515.jpg?sign=k6No9t-Eenk3EGPYJaORYw","35000.00","33000.00","2026-08-01T00:00:00.000Z","2026-12-31T23:59:59.000Z","2026-08-01T00:00:00.000Z","2026-12-31T23:59:59.000Z","103","93","true","5","on_sale","2026-08-26T00:00:00.000Z","2026-08-26T00:00:00.000Z"
"81daf0fb-16bf-47b7-b0d1-ea19959ec8bf","6dd36bff-3015-451c-8455-778d9e6d9b94","1","Voucher Soybean Chicken Rice Set tại Lotteria","Nếu bạn đang tìm kiếm Voucher Soybean Chicken Rice Set tại Lotteria với mức giá ưu đãi và thao tác mua nhanh chóng, LifeLink là lựa chọn đáng tin cậy dành cho bạn. Chỉ với vài bước đơn giản, bạn đã có thể sở hữu voucher chính hãng để thưởng thức bữa ăn thơm ngon từ Lotteria cùng nhiều ưu đãi hấp dẫn. Khám Phá Voucher Soybean Chicken Rice Set tại Lotteria – Bữa Ăn Ngon, Tiết Kiệm Hơn Mỗi Ngày Thưởng Thức Combo Hấp Dẫn Từ Lotteria LifeLink mang đến **Voucher Soybean Chicken Rice Set tại Lotteria giúp khách hàng dễ dàng trải nghiệm bữa ăn chất lượng với mức giá ưu đãi. Chỉ cần mua voucher trên LifeLink, bạn có thể nhanh chóng đổi món tại hệ thống Lotteria theo điều kiện áp dụng. Combo bao gồm: 01 Cơm sốt đậu 01 Pepsi M Sự kết hợp giữa cơm nóng hổi, sốt đậu thơm béo đặc trưng cùng ly Pepsi M mát lạnh tạo nên bữa ăn cân bằng, tiện lợi và đầy hương vị. Lotteria – Thương Hiệu Thức Ăn Nhanh Được Yêu Thích Lotteria là chuỗi nhà hàng thức ăn nhanh trực thuộc Tập đoàn Lotte – một trong những tập đoàn lớn của Hàn Quốc. Thương hiệu đã liên tục khẳng định vị thế khi nhiều năm liền được vinh danh về sức mạnh thương hiệu và năng lực cạnh tranh. Có mặt tại Việt Nam từ năm 1998, Lotteria hiện sở hữu hơn 210 nhà hàng tại hơn 30 tỉnh, thành phố trên cả nước. Với thực đơn phong phú, nguyên liệu được lựa chọn kỹ lưỡng cùng chất lượng dịch vụ chuyên nghiệp, Lotteria luôn là điểm đến quen thuộc của nhiều gia đình, học sinh, sinh viên và nhân viên văn phòng. Vì Sao Nên Mua Voucher Tại LifeLink? LifeLink – Nền Tảng Mua Voucher Nhanh Chóng Và Tiện Lợi LifeLink là nền tảng cung cấp đa dạng voucher ăn uống, giải trí và mua sắm từ nhiều thương hiệu uy tín. Khi lựa chọn **Voucher Soybean Chicken Rice Set tại Lotteria trên LifeLink, khách hàng nhận được nhiều lợi ích như: Voucher chính hãng, đảm bảo chất lượng. Quy trình đặt mua nhanh chóng, dễ thao tác. Nhận voucher điện tử thuận tiện để sử dụng. Tiết kiệm chi phí khi trải nghiệm các bữa ăn yêu thích. Thường xuyên cập nhật nhiều chương trình ưu đãi hấp dẫn. Đặt Mua Ngay Tại LifeLink Đừng bỏ lỡ cơ hội sở hữu Voucher Soybean Chicken Rice Set tại Lotteria với nhiều ưu đãi hấp dẫn tại LifeLink . Truy cập LifeLink ngay hôm nay để đặt mua nhanh chóng, nhận voucher tiện lợi và tận hưởng bữa ăn chất lượng từ Lotteria. Voucher Soybean Chicken Rice Set tại Lotteria sẽ là lựa chọn hoàn hảo giúp bạn thưởng thức món ngon với chi phí tiết kiệm và trải nghiệm dịch vụ thuận tiện. LifeLink | Voucher không áp dụng hình thức đổi trả/ hủy/ hoàn tiền. Được sử dụng tối đa 5 voucher/ ngày/ hóa đơn. Không áp dụng đổi hàng cho đơn hàng số lượng lớn (theo quy định của Lotteria). Mỗi voucher chỉ được sử dụng 01 lần. Chỉ áp dụng cho một số sản phẩm nhất định. Trong trường hợp sản phẩm được chỉ định không có sẵn, khách hàng có thể lựa chọn các sản phẩm có cùng giá t.rị. Không đổi được ra tiền mặt một phần hoặc toàn bộ. Không hoàn trả hoặc bán lại được. Nếu giá tiền đơn đặt hàng của khách hàng vượt quá giá trị của voucher thì khách hàng phải thanh toán thêm số tiền chênh lệch đó. Voucher không áp dụng cho các chương trình khuyến mãi khác. Khách hàng có trách nhiệm bảo mật thông tin mã thẻ quà tặng sau khi đặt mua. LifeLink sẽ không chịu trách nhiệm hoàn trả các mã thẻ bị mất hoặc ở trạng thái ""đã sử dụng"" với bất kỳ lý do gì. LifeLink sẽ không chịu trách nhiệm đối với chất lượng của sản phẩm được cung cấp cũng như đối với các tranh chấp về sau giữa khách hàng và nhà cung cấp. LifeLink có quyền sửa chữa hoặc thay đổi điều khoản và điều kiện sử dụng mà không thông báo trước. Hotline LifeLink: 1900 2065","//cdn.lifelink.vn/img/s800x400/Soy-Bean-Chicken-Set_28072026091613.jpg?sign=iq5WeW6jfZ_nAdGpupkkFg","59000.00","55000.00","2026-08-01T00:00:00.000Z","2026-12-31T23:59:59.000Z","2026-08-01T00:00:00.000Z","2026-12-31T23:59:59.000Z","95","85","true","5","on_sale","2026-08-26T00:00:00.000Z","2026-08-26T00:00:00.000Z"
"c5dfcb53-c5bb-4412-a0ab-96988906b22e","6dd36bff-3015-451c-8455-778d9e6d9b94","1","Voucher HS Chicken Rice Set tại Lotteria","Voucher HS Chicken Rice Set tại Lotteria là lựa chọn lý tưởng cho những ai yêu thích bữa ăn đầy đủ dinh dưỡng với hương vị gà sốt đặc trưng của Lotteria. Được LifeLink cung cấp chính hãng, voucher giúp bạn thưởng thức 01 Cơm gà sốt HS và 01 Pepsi (M) với mức giá ưu đãi, mang đến trải nghiệm ẩm thực tiện lợi, thơm ngon và tiết kiệm. Khám Phá Voucher HS Chicken Rice Set tại Lotteria Và Thương Hiệu Lotteria Lotteria – Thương Hiệu Thức Ăn Nhanh Được Hàng Triệu Khách Hàng Tin Chọn Lotteria là chuỗi nhà hàng thức ăn nhanh trực thuộc Tập đoàn Lotte – một trong năm tập đoàn lớn nhất Hàn Quốc. Suốt 7 năm liên tiếp, Lotteria giữ vị trí số 1 về ""Brand Power"" do Korea Management Association bình chọn và được vinh danh với danh hiệu ""Brand Stock"", khẳng định chất lượng và uy tín của thương hiệu. Có mặt tại Việt Nam từ năm 1998, Lotteria hiện sở hữu hơn 210 nhà hàng tại hơn 30 tỉnh, thành phố trên cả nước. Với thực đơn phong phú gồm burger, gà rán, cơm, mì Ý và nhiều món ăn kèm hấp dẫn, Lotteria luôn mang đến những bữa ăn chất lượng và phù hợp với nhiều đối tượng khách hàng. HS Chicken Rice Set – Bữa Cơm Đậm Đà, Đủ Chất Và Tiện Lợi Voucher HS Chicken Rice Set tại Lotteria bao gồm: 01 Cơm gà sốt HS. 01 Pepsi (M). Phần cơm nóng dẻo kết hợp với gà sốt HS được chế biến theo công thức đặc trưng của Lotteria, mang đến hương vị thơm ngon, đậm đà và hấp dẫn. Đi kèm Pepsi (M) mát lạnh, combo tạo nên bữa ăn hoàn chỉnh, vừa ngon miệng vừa bổ sung năng lượng cho cả ngày. Trải Nghiệm Voucher HS Chicken Rice Set tại Lotteria Với Nhiều Ưu Đãi Tận Hưởng Bữa Cơm Gà Chuẩn Vị Mọi Lúc Nếu bạn đang tìm kiếm một bữa ăn vừa ngon, vừa tiện lợi thì Voucher HS Chicken Rice Set tại Lotteria là lựa chọn đáng cân nhắc. Hương vị gà sốt HS đậm đà kết hợp với cơm nóng và Pepsi mát lạnh sẽ mang đến trải nghiệm ẩm thực trọn vẹn, phù hợp cho dân văn phòng, học sinh, sinh viên và mọi thành viên trong gia đình. Đặt Voucher Nhanh Trên LifeLink Chỉ với vài thao tác đơn giản, bạn đã có thể sở hữu voucher chính hãng trên LifeLink và sử dụng tại hệ thống Lotteria trên toàn quốc. LifeLink luôn đồng hành cùng bạn với nhiều ưu đãi hấp dẫn, giúp mỗi bữa ăn trở nên ngon miệng và tiết kiệm hơn. LifeLink | Voucher không áp dụng hình thức đổi trả/ hủy/ hoàn tiền. Được sử dụng tối đa 5 voucher/ ngày/ hóa đơn. Không áp dụng đổi hàng cho đơn hàng số lượng lớn (theo quy định của Lotteria). Mỗi voucher chỉ được sử dụng 01 lần. Chỉ áp dụng cho một số sản phẩm nhất định. Trong trường hợp sản phẩm được chỉ định không có sẵn, khách hàng có thể lựa chọn các sản phẩm có cùng giá t.rị. Không đổi được ra tiền mặt một phần hoặc toàn bộ. Không hoàn trả hoặc bán lại được. Nếu giá tiền đơn đặt hàng của khách hàng vượt quá giá trị của voucher thì khách hàng phải thanh toán thêm số tiền chênh lệch đó. Voucher không áp dụng cho các chương trình khuyến mãi khác. Khách hàng có trách nhiệm bảo mật thông tin mã thẻ quà tặng sau khi đặt mua. LifeLink sẽ không chịu trách nhiệm hoàn trả các mã thẻ bị mất hoặc ở trạng thái ""đã sử dụng"" với bất kỳ lý do gì. LifeLink sẽ không chịu trách nhiệm đối với chất lượng của sản phẩm được cung cấp cũng như đối với các tranh chấp về sau giữa khách hàng và nhà cung cấp. LifeLink có quyền sửa chữa hoặc thay đổi điều khoản và điều kiện sử dụng mà không thông báo trước. Hotline LifeLink: 1900 2065","//cdn.lifelink.vn/img/s800x400/HS-Chicken-Rice-Set_27072026171748.jpg?sign=rKVj7-yC7VCZv1lWHdkuTA","59000.00","55000.00","2026-08-01T00:00:00.000Z","2026-12-31T23:59:59.000Z","2026-08-01T00:00:00.000Z","2026-12-31T23:59:59.000Z","101","91","true","5","on_sale","2026-08-26T00:00:00.000Z","2026-08-26T00:00:00.000Z"
"e10a3202-c1c9-490d-808e-29aab6dedae5","6dd36bff-3015-451c-8455-778d9e6d9b94","1","Voucher HS Chicken Set tại Lotteria","Voucher HS Chicken Set tại Lotteria là lựa chọn hoàn hảo dành cho những tín đồ yêu thích gà rán giòn tan với hương vị truyền thống đặc trưng của Lotteria. Được LifeLink cung cấp chính hãng, voucher mang đến combo gồm 02 miếng gà H&S và 01 Pepsi (M), giúp bạn tận hưởng bữa ăn thơm ngon, tiện lợi với mức giá ưu đãi hấp dẫn. Khám Phá Voucher HS Chicken Set tại Lotteria Và Thương Hiệu Lotteria Lotteria – Thương Hiệu Thức Ăn Nhanh Được Yêu Thích Hàng Đầu Lotteria là chuỗi nhà hàng thức ăn nhanh trực thuộc Tập đoàn Lotte – một trong năm tập đoàn lớn nhất Hàn Quốc. Suốt 7 năm liên tiếp, Lotteria được vinh danh là thương hiệu số 1 về ""Brand Power"" bởi Korea Management Association và đạt danh hiệu ""Brand Stock"", khẳng định vị thế dẫn đầu trong ngành thức ăn nhanh. Có mặt tại Việt Nam từ năm 1998, Lotteria hiện sở hữu hơn 210 nhà hàng tại hơn 30 tỉnh, thành phố trên cả nước. Với thực đơn đa dạng từ burger, gà rán, cơm, mì Ý đến các món ăn kèm hấp dẫn, Lotteria luôn mang đến những trải nghiệm ẩm thực chất lượng, đáp ứng nhu cầu của nhiều đối tượng khách hàng. HS Chicken Set – Combo Gà Rán Giòn Ngon Đậm Chất Lotteria Voucher HS Chicken Set tại Lotteria bao gồm: 02 miếng gà H&S. 01 Pepsi (M). Hai miếng gà H&S được chiên vàng giòn với lớp vỏ hấp dẫn, giữ trọn độ mềm và mọng nước của thịt gà bên trong. Hương vị đậm đà đặc trưng kết hợp cùng Pepsi (M) mát lạnh tạo nên một combo cân bằng, phù hợp cho những bữa ăn nhanh nhưng vẫn đầy đủ hương vị và năng lượng. Trải Nghiệm Voucher HS Chicken Set tại Lotteria Với Nhiều Ưu Đãi Thưởng Thức Combo Gà H&S Giòn Rụm Mọi Lúc Nếu bạn yêu thích gà rán truyền thống với lớp da giòn tan và thịt gà mềm ngọt, Voucher HS Chicken Set tại Lotteria sẽ là lựa chọn không thể bỏ qua. Đây là combo phù hợp cho bữa ăn cá nhân, giờ nghỉ trưa hay những buổi gặp gỡ bạn bè, mang đến trải nghiệm ẩm thực thơm ngon và tiện lợi. Đặt Voucher Dễ Dàng Trên LifeLink Chỉ với vài thao tác đơn giản trên LifeLink , bạn đã có thể sở hữu voucher và sử dụng tại hệ thống Lotteria trên toàn quốc. LifeLink luôn cập nhật nhiều ưu đãi hấp dẫn, giúp bạn tiết kiệm chi phí mà vẫn tận hưởng trọn vẹn hương vị gà rán yêu thích. LifeLink | Voucher không áp dụng hình thức đổi trả/ hủy/ hoàn tiền. Được sử dụng tối đa 5 voucher/ ngày/ hóa đơn. Không áp dụng đổi hàng cho đơn hàng số lượng lớn (theo quy định của Lotteria). Mỗi voucher chỉ được sử dụng 01 lần. Chỉ áp dụng cho một số sản phẩm nhất định. Trong trường hợp sản phẩm được chỉ định không có sẵn, khách hàng có thể lựa chọn các sản phẩm có cùng giá t.rị. Không đổi được ra tiền mặt một phần hoặc toàn bộ. Không hoàn trả hoặc bán lại được. Nếu giá tiền đơn đặt hàng của khách hàng vượt quá giá trị của voucher thì khách hàng phải thanh toán thêm số tiền chênh lệch đó. Voucher không áp dụng cho các chương trình khuyến mãi khác. Khách hàng có trách nhiệm bảo mật thông tin mã thẻ quà tặng sau khi đặt mua. LifeLink sẽ không chịu trách nhiệm hoàn trả các mã thẻ bị mất hoặc ở trạng thái ""đã sử dụng"" với bất kỳ lý do gì. LifeLink sẽ không chịu trách nhiệm đối với chất lượng của sản phẩm được cung cấp cũng như đối với các tranh chấp về sau giữa khách hàng và nhà cung cấp. LifeLink có quyền sửa chữa hoặc thay đổi điều khoản và điều kiện sử dụng mà không thông báo trước. Hotline LifeLink: 1900 2065","//cdn.lifelink.vn/img/s800x400/HS-Chicken-Set_27072026165604.jpg?sign=iTEffDtOAb5EI8Uw5S_AsA","94000.00","88000.00","2026-08-01T00:00:00.000Z","2026-12-31T23:59:59.000Z","2026-08-01T00:00:00.000Z","2026-12-31T23:59:59.000Z","81","71","true","5","on_sale","2026-08-26T00:00:00.000Z","2026-08-26T00:00:00.000Z"
"3a789fb6-508f-4cbe-b51d-a8e5e66a7102","6dd36bff-3015-451c-8455-778d9e6d9b94","1","Voucher Soybean Chicken tại Lotteria","Voucher Soybean Chicken tại Lotteria là lựa chọn hoàn hảo dành cho những tín đồ yêu thích hương vị gà rán kết hợp cùng sốt đậu đậm đà chuẩn phong cách Hàn Quốc. Được LifeLink cung cấp chính hãng, voucher giúp bạn dễ dàng thưởng thức 01 miếng Gà Sốt Đậu thơm ngon với mức giá ưu đãi, mang đến trải nghiệm ẩm thực tiện lợi, hấp dẫn và tiết kiệm. Khám Phá Voucher Soybean Chicken tại Lotteria Và Thương Hiệu Lotteria Lotteria – Thương Hiệu Thức Ăn Nhanh Được Hàng Triệu Thực Khách Tin Yêu Lotteria là chuỗi nhà hàng thức ăn nhanh trực thuộc Tập đoàn Lotte – một trong năm tập đoàn lớn nhất Hàn Quốc. Suốt 7 năm liên tiếp, Lotteria được vinh danh là thương hiệu số 1 về ""Brand Power"" bởi Korea Management Association và đạt danh hiệu ""Brand Stock"", khẳng định vị thế hàng đầu trong ngành thức ăn nhanh. Gia nhập thị trường Việt Nam từ năm 1998, Lotteria hiện có hơn 210 nhà hàng tại hơn 30 tỉnh, thành phố trên cả nước. Với thực đơn đa dạng từ burger, gà rán, cơm, mì Ý đến các món ăn kèm hấp dẫn, Lotteria luôn mang đến những trải nghiệm ẩm thực chất lượng cho mọi khách hàng. Gà Sốt Đậu – Hương Vị Hàn Quốc Đậm Đà Trong Từng Miếng Gà Voucher Soybean Chicken tại Lotteria bao gồm: 01 miếng Gà Sốt Đậu. Miếng gà được chiên vàng giòn, giữ trọn độ mềm mọng bên trong và phủ lớp sốt đậu đặc trưng có vị mặn ngọt hài hòa. Hương thơm quyến rũ cùng lớp sốt sánh mịn giúp món ăn trở nên hấp dẫn ngay từ lần thưởng thức đầu tiên, phù hợp với những ai yêu thích hương vị gà kiểu Hàn Quốc. Trải Nghiệm Voucher Soybean Chicken tại Lotteria Với Nhiều Ưu Đãi Thưởng Thức Gà Sốt Đậu Chuẩn Vị Hàn Quốc Nếu bạn yêu thích những món gà mang hương vị mới lạ, Voucher Soybean Chicken tại Lotteria chắc chắn sẽ là lựa chọn đáng thử. Lớp da giòn rụm kết hợp cùng sốt đậu đậm đà tạo nên món ăn hấp dẫn, thích hợp để thưởng thức riêng hoặc kết hợp với các món khác trong thực đơn Lotteria. Đặt Voucher Nhanh Chóng Trên LifeLink Chỉ với vài thao tác đơn giản, bạn đã có thể sở hữu voucher chính hãng trên LifeLink và sử dụng tại hệ thống Lotteria trên toàn quốc. LifeLink luôn mang đến trải nghiệm mua sắm tiện lợi cùng nhiều chương trình ưu đãi hấp dẫn, giúp bạn thưởng thức món ngon với chi phí tiết kiệm. LifeLink | Voucher không áp dụng hình thức đổi trả/ hủy/ hoàn tiền. Được sử dụng tối đa 5 voucher/ ngày/ hóa đơn. Không áp dụng đổi hàng cho đơn hàng số lượng lớn (theo quy định của Lotteria). Mỗi voucher chỉ được sử dụng 01 lần. Chỉ áp dụng cho một số sản phẩm nhất định. Trong trường hợp sản phẩm được chỉ định không có sẵn, khách hàng có thể lựa chọn các sản phẩm có cùng giá t.rị. Không đổi được ra tiền mặt một phần hoặc toàn bộ. Không hoàn trả hoặc bán lại được. Nếu giá tiền đơn đặt hàng của khách hàng vượt quá giá trị của voucher thì khách hàng phải thanh toán thêm số tiền chênh lệch đó. Voucher không áp dụng cho các chương trình khuyến mãi khác. Khách hàng có trách nhiệm bảo mật thông tin mã thẻ quà tặng sau khi đặt mua. LifeLink sẽ không chịu trách nhiệm hoàn trả các mã thẻ bị mất hoặc ở trạng thái ""đã sử dụng"" với bất kỳ lý do gì. LifeLink sẽ không chịu trách nhiệm đối với chất lượng của sản phẩm được cung cấp cũng như đối với các tranh chấp về sau giữa khách hàng và nhà cung cấp. LifeLink có quyền sửa chữa hoặc thay đổi điều khoản và điều kiện sử dụng mà không thông báo trước. Hotline LifeLink: 1900 2065","//cdn.lifelink.vn/img/s800x400/Soybean-Chicken_27072026163020.jpg?sign=0t9H1Cos9tzSXkDELLkVwg","40000.00","38000.00","2026-08-01T00:00:00.000Z","2026-12-31T23:59:59.000Z","2026-08-01T00:00:00.000Z","2026-12-31T23:59:59.000Z","65","55","true","5","on_sale","2026-08-26T00:00:00.000Z","2026-08-26T00:00:00.000Z"
"9b4731d6-24cd-4030-9704-09b4dcf13d91","6dd36bff-3015-451c-8455-778d9e6d9b94","1","Voucher Cheese Chicken Rice Set tại Lotteria","Nếu bạn đang tìm kiếm một bữa ăn vừa đủ đầy vừa đậm đà hương vị, Voucher Cheese Chicken Rice Set tại Lotteria chính là lựa chọn không nên bỏ lỡ. LifeLink mang đến voucher chính hãng giúp bạn dễ dàng thưởng thức cơm gà phô mai nổi tiếng của Lotteria với nhiều ưu đãi hấp dẫn. Khám Phá Voucher Cheese Chicken Rice Set tại Lotteria Và Thương Hiệu Lotteria Lotteria – Thương Hiệu Thức Ăn Nhanh Được Yêu Thích Hàng Đầu Lotteria là chuỗi nhà hàng thức ăn nhanh trực thuộc Tập đoàn Lotte – một trong năm tập đoàn lớn nhất Hàn Quốc. Trong nhiều năm liên tiếp, Lotteria được vinh danh với các giải thưởng về sức mạnh thương hiệu và năng lực cạnh tranh, khẳng định vị thế hàng đầu trong ngành thức ăn nhanh. Gia nhập thị trường Việt Nam từ năm 1998, Lotteria hiện sở hữu hơn 210 nhà hàng tại hơn 30 tỉnh, thành phố trên cả nước. Với thực đơn phong phú từ burger, gà rán, cơm, mì Ý đến các món ăn kèm hấp dẫn, Lotteria luôn mang đến những bữa ăn chất lượng, phù hợp với nhiều đối tượng khách hàng. Chicken Rice Set – Bữa Ăn Đầy Đủ, Đậm Đà Hương Vị Voucher Cheese Chicken Rice Set tại Lotteria bao gồm: 01 Cơm Gà Phô Mai. 01 Pepsi (M). Cơm trắng nóng hổi kết hợp cùng phần gà chiên vàng giòn được phủ lớp sốt phô mai béo thơm tạo nên hương vị hài hòa và hấp dẫn. Món ăn không chỉ mang đến cảm giác no bụng mà còn chinh phục thực khách bởi vị ngon đậm đà trong từng miếng gà. Khi dùng kèm Pepsi (M) mát lạnh, bữa ăn càng trở nên trọn vẹn và sảng khoái. Trải Nghiệm Voucher Cheese Chicken Rice Set tại Lotteria Với Nhiều Ưu Đãi Combo Cơm Gà Phô Mai Cho Bữa Ăn Trọn Vẹn Nếu bạn đang tìm kiếm một bữa ăn vừa ngon miệng vừa đầy đủ năng lượng, Voucher Cheese Chicken Rice Set tại Lotteria là lựa chọn không thể bỏ qua. Sự kết hợp giữa cơm nóng, gà sốt phô mai béo ngậy và Pepsi mát lạnh mang đến trải nghiệm ẩm thực hấp dẫn, phù hợp cho dân văn phòng, học sinh, sinh viên hay cả gia đình. Đặt Voucher Nhanh Chóng Trên LifeLink Chỉ với vài thao tác đơn giản trên LifeLink , bạn có thể sở hữu voucher và sử dụng ngay tại hệ thống Lotteria trên toàn quốc. Quy trình mua nhanh gọn, thanh toán thuận tiện cùng nhiều chương trình khuyến mãi giúp bạn dễ dàng tận hưởng bữa ăn chất lượng với chi phí tiết kiệm. LifeLink | Voucher không áp dụng hình thức đổi trả/ hủy/ hoàn tiền. Được sử dụng tối đa 5 voucher/ ngày/ hóa đơn. Không áp dụng đổi hàng cho đơn hàng số lượng lớn (theo quy định của Lotteria). Mỗi voucher chỉ được sử dụng 01 lần. Chỉ áp dụng cho một số sản phẩm nhất định. Trong trường hợp sản phẩm được chỉ định không có sẵn, khách hàng có thể lựa chọn các sản phẩm có cùng giá t.rị. Không đổi được ra tiền mặt một phần hoặc toàn bộ. Không hoàn trả hoặc bán lại được. Nếu giá tiền đơn đặt hàng của khách hàng vượt quá giá trị của voucher thì khách hàng phải thanh toán thêm số tiền chênh lệch đó. Voucher không áp dụng cho các chương trình khuyến mãi khác. Khách hàng có trách nhiệm bảo mật thông tin mã thẻ quà tặng sau khi đặt mua. LifeLink sẽ không chịu trách nhiệm hoàn trả các mã thẻ bị mất hoặc ở trạng thái ""đã sử dụng"" với bất kỳ lý do gì. LifeLink sẽ không chịu trách nhiệm đối với chất lượng của sản phẩm được cung cấp cũng như đối với các tranh chấp về sau giữa khách hàng và nhà cung cấp. LifeLink có quyền sửa chữa hoặc thay đổi điều khoản và điều kiện sử dụng mà không thông báo trước. Hotline LifeLink: 1900 2065","//cdn.lifelink.vn/img/s800x400/Cheese-Chicken-Rice-Set_27072026162709.jpg?sign=VMrHx9MjnwciFUPYzzXvSA","59000.00","55000.00","2026-08-01T00:00:00.000Z","2026-12-31T23:59:59.000Z","2026-08-01T00:00:00.000Z","2026-12-31T23:59:59.000Z","40","30","true","5","on_sale","2026-08-26T00:00:00.000Z","2026-08-26T00:00:00.000Z"
"dad0f5eb-e9fb-47f8-9c9e-44378eed5b8a","6dd36bff-3015-451c-8455-778d9e6d9b94","1","Voucher Beef Teriyaki Burger tại Lotteria","Voucher Beef Teriyaki Burger tại Lotteria là lựa chọn hoàn hảo dành cho những tín đồ yêu thích burger với hương vị bò đậm đà hòa quyện cùng sốt Teriyaki đặc trưng. Được LifeLink cung cấp chính hãng, voucher giúp bạn dễ dàng thưởng thức món burger nổi tiếng của Lotteria với mức giá ưu đãi, mang đến trải nghiệm ẩm thực thơm ngon, tiện lợi và tiết kiệm. Khám Phá Voucher Beef Teriyaki Burger tại Lotteria Và Thương Hiệu Lotteria Lotteria – Thương Hiệu Thức Ăn Nhanh Được Hàng Triệu Thực Khách Tin Yêu Lotteria là chuỗi nhà hàng thức ăn nhanh trực thuộc Tập đoàn Lotte – một trong năm tập đoàn lớn nhất Hàn Quốc. Suốt 7 năm liên tiếp, Lotteria được vinh danh là thương hiệu số 1 về ""Brand Power"" bởi Korea Management Association và đạt danh hiệu ""Brand Stock"", khẳng định vị thế hàng đầu trong lĩnh vực thức ăn nhanh. Có mặt tại Việt Nam từ năm 1998, Lotteria hiện sở hữu hơn 210 nhà hàng tại hơn 30 tỉnh, thành phố trên cả nước. Với thực đơn đa dạng từ burger, gà rán, cơm, mì Ý đến các món ăn vặt hấp dẫn, Lotteria luôn không ngừng mang đến những trải nghiệm ẩm thực chất lượng cho khách hàng. Beef Teriyaki Burger – Hương Vị Bò Đậm Đà Kết Hợp Sốt Teriyaki Đặc Trưng Voucher Beef Teriyaki Burger tại Lotteria bao gồm: 01 Beef Teriyaki Burger. Burger được chế biến từ phần thịt bò thơm mềm, kết hợp cùng sốt Teriyaki ngọt thanh, đậm vị và lớp bánh burger mềm xốp. Rau tươi cùng nước sốt đặc trưng giúp cân bằng hương vị, tạo nên món ăn hấp dẫn, phù hợp với mọi bữa ăn trong ngày. Tận Hưởng Voucher Beef Teriyaki Burger tại Lotteria Với Nhiều Ưu Đãi Burger Bò Teriyaki – Lựa Chọn Hoàn Hảo Cho Mọi Tín Đồ Burger Nếu bạn yêu thích sự kết hợp giữa thịt bò mềm thơm và sốt Teriyaki đậm đà, Voucher Beef Teriyaki Burger tại Lotteria chắc chắn sẽ làm hài lòng vị giác. Mỗi chiếc burger đều được chế biến từ nguyên liệu chất lượng, mang đến hương vị hài hòa và trải nghiệm ẩm thực đáng nhớ. Đặt Voucher Nhanh Chóng Trên LifeLink Chỉ với vài thao tác đơn giản trên LifeLink , bạn đã có thể sở hữu voucher và sử dụng tại hệ thống Lotteria trên toàn quốc. LifeLink luôn mang đến trải nghiệm mua sắm thuận tiện cùng nhiều chương trình khuyến mãi hấp dẫn, giúp bạn thưởng thức món ngon với chi phí tối ưu. LifeLink | Voucher không áp dụng hình thức đổi trả/ hủy/ hoàn tiền. Được sử dụng tối đa 5 voucher/ ngày/ hóa đơn. Không áp dụng đổi hàng cho đơn hàng số lượng lớn (theo quy định của Lotteria). Mỗi voucher chỉ được sử dụng 01 lần. Chỉ áp dụng cho một số sản phẩm nhất định. Trong trường hợp sản phẩm được chỉ định không có sẵn, khách hàng có thể lựa chọn các sản phẩm có cùng giá t.rị. Không đổi được ra tiền mặt một phần hoặc toàn bộ. Không hoàn trả hoặc bán lại được. Nếu giá tiền đơn đặt hàng của khách hàng vượt quá giá trị của voucher thì khách hàng phải thanh toán thêm số tiền chênh lệch đó. Voucher không áp dụng cho các chương trình khuyến mãi khác. Khách hàng có trách nhiệm bảo mật thông tin mã thẻ quà tặng sau khi đặt mua. LifeLink sẽ không chịu trách nhiệm hoàn trả các mã thẻ bị mất hoặc ở trạng thái ""đã sử dụng"" với bất kỳ lý do gì. LifeLink sẽ không chịu trách nhiệm đối với chất lượng của sản phẩm được cung cấp cũng như đối với các tranh chấp về sau giữa khách hàng và nhà cung cấp. LifeLink có quyền sửa chữa hoặc thay đổi điều khoản và điều kiện sử dụng mà không thông báo trước. Hotline LifeLink: 1900 2065","//cdn.lifelink.vn/img/s800x400/Beef-Teriyaki-Burger_27072026161038.jpg?sign=Wy9xVHDgHmfaeJ93nCndXA","43000.00","40000.00","2026-08-01T00:00:00.000Z","2026-12-31T23:59:59.000Z","2026-08-01T00:00:00.000Z","2026-12-31T23:59:59.000Z","69","59","true","5","on_sale","2026-08-26T00:00:00.000Z","2026-08-26T00:00:00.000Z"
"fc0a70d4-586b-4bbd-b506-53d0f19a6771","6dd36bff-3015-451c-8455-778d9e6d9b94","1","Voucher Shrimp Burger tại Lotteria","Nếu bạn đang tìm kiếm một bữa ăn vừa thơm ngon, vừa khác biệt, Voucher Shrimp Burger tại Lotteria chính là lựa chọn không nên bỏ lỡ. Được LifeLink phân phối chính hãng, voucher mang đến cơ hội thưởng thức Burger Tôm với lớp tôm chiên vàng giòn, vị ngọt tự nhiên hòa quyện cùng rau tươi và nước sốt đặc trưng của Lotteria. Mỗi chiếc burger là sự kết hợp tinh tế giữa nguyên liệu chất lượng và công thức chế biến hấp dẫn, mang đến trải nghiệm ẩm thực trọn vẹn. Hãy để mỗi bữa ăn trở nên thú vị hơn với ưu đãi hấp dẫn từ LifeLink. Khám Phá Voucher Shrimp Burger tại Lotteria Và Thương Hiệu Lotteria Lotteria – Thương Hiệu Thức Ăn Nhanh Được Yêu Thích Hàng Đầu Lotteria là chuỗi nhà hàng thức ăn nhanh trực thuộc Tập đoàn Lotte – một trong năm tập đoàn lớn nhất Hàn Quốc. Suốt 7 năm liên tiếp, Lotteria được vinh danh là thương hiệu số 1 về ""Brand Power"" bởi Korea Management Association và đạt danh hiệu ""Brand Stock"", khẳng định chất lượng và uy tín hàng đầu trong ngành thức ăn nhanh. Có mặt tại Việt Nam từ năm 1998, Lotteria hiện sở hữu hơn 210 nhà hàng tại hơn 30 tỉnh, thành phố trên cả nước. Với thực đơn đa dạng từ burger, gà rán, cơm, mì Ý đến các món ăn hấp dẫn, Lotteria luôn mang đến những trải nghiệm ẩm thực chất lượng cho hàng triệu thực khách. Shrimp Burger – Hương Vị Hải Sản Giòn Ngon Khó Cưỡng Voucher Shrimp Burger tại Lotteria bao gồm: 01 Burger Tôm. Burger Tôm là một trong những món ăn được yêu thích tại Lotteria nhờ phần nhân tôm chiên vàng giòn, giữ được vị ngọt tự nhiên của hải sản. Kết hợp cùng bánh burger mềm xốp, rau tươi và nước sốt đặc trưng, món ăn mang đến hương vị hài hòa, thơm ngon và phù hợp với nhiều khẩu vị. Tận Hưởng Voucher Shrimp Burger tại Lotteria Với Nhiều Ưu Đãi Burger Tôm Hấp Dẫn Cho Mọi Bữa Ăn Nếu bạn yêu thích những món burger mang hương vị hải sản tươi ngon, Voucher Shrimp Burger tại Lotteria sẽ là lựa chọn không thể bỏ qua. Phần nhân tôm giòn rụm kết hợp cùng bánh mềm và nước sốt đậm đà tạo nên bữa ăn vừa ngon miệng vừa tiện lợi, phù hợp cho mọi thời điểm trong ngày. Đặt Voucher Nhanh Chóng Trên LifeLink Chỉ với vài thao tác đơn giản trên LifeLink , bạn đã có thể sở hữu voucher và sử dụng tại hệ thống Lotteria trên toàn quốc. Không chỉ tiết kiệm thời gian, LifeLink còn thường xuyên cập nhật nhiều chương trình ưu đãi mới, giúp bạn thưởng thức món ngon với chi phí tối ưu. LifeLink | Voucher không áp dụng hình thức đổi trả/ hủy/ hoàn tiền. Được sử dụng tối đa 5 voucher/ ngày/ hóa đơn. Không áp dụng đổi hàng cho đơn hàng số lượng lớn (theo quy định của Lotteria). Mỗi voucher chỉ được sử dụng 01 lần. Chỉ áp dụng cho một số sản phẩm nhất định. Trong trường hợp sản phẩm được chỉ định không có sẵn, khách hàng có thể lựa chọn các sản phẩm có cùng giá t.rị. Không đổi được ra tiền mặt một phần hoặc toàn bộ. Không hoàn trả hoặc bán lại được. Nếu giá tiền đơn đặt hàng của khách hàng vượt quá giá trị của voucher thì khách hàng phải thanh toán thêm số tiền chênh lệch đó. Voucher không áp dụng cho các chương trình khuyến mãi khác. Khách hàng có trách nhiệm bảo mật thông tin mã thẻ quà tặng sau khi đặt mua. LifeLink sẽ không chịu trách nhiệm hoàn trả các mã thẻ bị mất hoặc ở trạng thái ""đã sử dụng"" với bất kỳ lý do gì. LifeLink sẽ không chịu trách nhiệm đối với chất lượng của sản phẩm được cung cấp cũng như đối với các tranh chấp về sau giữa khách hàng và nhà cung cấp. LifeLink có quyền sửa chữa hoặc thay đổi điều khoản và điều kiện sử dụng mà không thông báo trước. Hotline LifeLink: 1900 2065","//cdn.lifelink.vn/img/s800x400/Shrimp-Burger_27072026155340.jpg?sign=aqib9PzwFJ2iGc3zEvhItA","48000.00","45000.00","2026-08-01T00:00:00.000Z","2026-12-31T23:59:59.000Z","2026-08-01T00:00:00.000Z","2026-12-31T23:59:59.000Z","87","77","true","5","on_sale","2026-08-26T00:00:00.000Z","2026-08-26T00:00:00.000Z"
"eefba29d-d78a-4866-8808-1ec19e5c1691","6dd36bff-3015-451c-8455-778d9e6d9b94","1","Voucher Soy Bean Chicken Set tại Lotteria","Voucher Soy Bean Chicken Set tại Lotteria là lựa chọn tuyệt vời dành cho những ai yêu thích hương vị gà rán kết hợp cùng sốt đậu đậm đà chuẩn phong cách Hàn Quốc. Được LifeLink cung cấp chính hãng, voucher giúp bạn thưởng thức combo gồm 02 miếng gà sốt đậu và 01 Pepsi (M) với mức giá ưu đãi, mang đến bữa ăn thơm ngon, tiện lợi và tiết kiệm. Khám Phá Voucher Soy Bean Chicken Set tại Lotteria Và Thương Hiệu Lotteria Lotteria – Thương Hiệu Thức Ăn Nhanh Hàng Đầu Được Hàng Triệu Khách Hàng Tin Chọn Lotteria là chuỗi nhà hàng thức ăn nhanh trực thuộc Tập đoàn Lotte – một trong năm tập đoàn lớn nhất Hàn Quốc. Suốt 7 năm liên tiếp, Lotteria được vinh danh là thương hiệu số 1 về ""Brand Power"" bởi Korea Management Association và đạt danh hiệu ""Brand Stock"", khẳng định chất lượng cùng vị thế hàng đầu trong ngành thức ăn nhanh. Có mặt tại Việt Nam từ năm 1998, Lotteria hiện sở hữu hơn 210 nhà hàng tại hơn 30 tỉnh, thành phố trên cả nước. Với thực đơn đa dạng từ burger, gà rán, cơm, mì Ý đến các món ăn vặt hấp dẫn, Lotteria luôn mang đến những trải nghiệm ẩm thực chất lượng và phù hợp với khẩu vị của nhiều thực khách. Soy Bean Chicken Set – Hương Vị Gà Sốt Đậu Chuẩn Hàn Khó Cưỡng Voucher Soy Bean Chicken Set tại Lotteria bao gồm: 02 miếng gà sốt đậu. 01 Pepsi (M). Hai miếng gà được chiên vàng giòn, giữ trọn độ mềm mọng bên trong và phủ lớp sốt đậu đậm đà, thơm lừng theo phong cách Hàn Quốc. Vị mặn ngọt hài hòa của sốt đậu kết hợp cùng lớp da giòn rụm tạo nên hương vị độc đáo, dùng kèm Pepsi (M) mát lạnh càng làm bữa ăn thêm trọn vẹn và hấp dẫn. Tận Hưởng Voucher Soy Bean Chicken Set tại Lotteria Với Nhiều Ưu Đãi Trải Nghiệm Combo Gà Sốt Đậu Đậm Đà Chuẩn Vị Nếu bạn yêu thích những món gà mang hương vị mới lạ, Voucher Soy Bean Chicken Set tại Lotteria sẽ là lựa chọn không thể bỏ qua. Lớp sốt đậu thơm ngon phủ đều trên từng miếng gà giòn rụm kết hợp cùng Pepsi mát lạnh tạo nên một combo hấp dẫn, phù hợp cho bữa ăn cá nhân hoặc những phút thư giãn sau giờ làm việc. Đặt Voucher Nhanh Chóng Trên LifeLink Chỉ với vài thao tác đơn giản trên LifeLink , bạn đã có thể sở hữu voucher và sử dụng tại hệ thống Lotteria trên toàn quốc. LifeLink luôn mang đến quy trình đặt mua thuận tiện cùng nhiều chương trình ưu đãi hấp dẫn, giúp bạn thưởng thức món ngon với chi phí tối ưu. LifeLink | Voucher không áp dụng hình thức đổi trả/ hủy/ hoàn tiền. Được sử dụng tối đa 5 voucher/ ngày/ hóa đơn. Không áp dụng đổi hàng cho đơn hàng số lượng lớn (theo quy định của Lotteria). Mỗi voucher chỉ được sử dụng 01 lần. Chỉ áp dụng cho một số sản phẩm nhất định. Trong trường hợp sản phẩm được chỉ định không có sẵn, khách hàng có thể lựa chọn các sản phẩm có cùng giá t.rị. Không đổi được ra tiền mặt một phần hoặc toàn bộ. Không hoàn trả hoặc bán lại được. Nếu giá tiền đơn đặt hàng của khách hàng vượt quá giá trị của voucher thì khách hàng phải thanh toán thêm số tiền chênh lệch đó. Voucher không áp dụng cho các chương trình khuyến mãi khác. Khách hàng có trách nhiệm bảo mật thông tin mã thẻ quà tặng sau khi đặt mua. LifeLink sẽ không chịu trách nhiệm hoàn trả các mã thẻ bị mất hoặc ở trạng thái ""đã sử dụng"" với bất kỳ lý do gì. LifeLink sẽ không chịu trách nhiệm đối với chất lượng của sản phẩm được cung cấp cũng như đối với các tranh chấp về sau giữa khách hàng và nhà cung cấp. LifeLink có quyền sửa chữa hoặc thay đổi điều khoản và điều kiện sử dụng mà không thông báo trước. Hotline LifeLink: 1900 2065","//cdn.lifelink.vn/img/s800x400/Soy-Bean-Chicken-Set_27072026154426.jpg?sign=rbo-9X4rVdno4jsiWwOkHw","94000.00","88000.00","2026-08-01T00:00:00.000Z","2026-12-31T23:59:59.000Z","2026-08-01T00:00:00.000Z","2026-12-31T23:59:59.000Z","47","37","true","5","on_sale","2026-08-26T00:00:00.000Z","2026-08-26T00:00:00.000Z"
"8bcaf372-0c1c-4d59-834d-d969e048e8ba","6dd36bff-3015-451c-8455-778d9e6d9b94","1","Voucher Cheese Chicken Set tại Lotteria","Voucher Cheese Chicken Set tại Lotteria là lựa chọn lý tưởng dành cho những tín đồ yêu thích gà rán giòn rụm kết hợp cùng sốt phô mai béo ngậy. Được LifeLink cung cấp chính hãng, voucher mang đến combo gồm 02 miếng gà sốt phô mai và 01 Pepsi (M), giúp bạn tận hưởng bữa ăn hấp dẫn với mức giá ưu đãi, tiện lợi và tiết kiệm hơn bao giờ hết. Khám Phá Voucher Cheese Chicken Set tại Lotteria Và Thương Hiệu Lotteria Lotteria – Thương Hiệu Thức Ăn Nhanh Hàng Đầu Được Yêu Thích Lotteria là chuỗi nhà hàng thức ăn nhanh trực thuộc Tập đoàn Lotte – một trong năm tập đoàn lớn nhất Hàn Quốc. Suốt 7 năm liên tiếp, Lotteria được vinh danh là thương hiệu số 1 về ""Brand Power"" bởi Korea Management Association và đạt danh hiệu ""Brand Stock"", khẳng định vị thế dẫn đầu trong ngành thức ăn nhanh. Có mặt tại Việt Nam từ năm 1998, Lotteria hiện sở hữu hơn 210 nhà hàng tại hơn 30 tỉnh, hành phố trên cả nước. Với thực đơn phong phú từ burger, gà rán, cơm, mì Ý đến các món ăn vặt đặc sắc, Lotteria luôn mang đến những trải nghiệm ẩm thực chất lượng và phù hợp với nhiều đối tượng khách hàng. Cheese Chicken Set – Combo Gà Sốt Phô Mai Thơm Ngon, Khó Cưỡng Voucher Cheese Chicken Set tại Lotteria bao gồm: 02 miếng gà sốt phô mai. 01 Pepsi (M). Hai miếng gà rán được chiên vàng giòn, phủ lớp sốt phô mai béo ngậy, thơm lừng và đậm vị, kết hợp cùng Pepsi (M) mát lạnh tạo nên một combo hài hòa cả về hương vị lẫn cảm giác thưởng thức. Đây là lựa chọn hoàn hảo cho những ai yêu thích món gà rán được biến tấu với hương vị phô mai hấp dẫn. Tận Hưởng Voucher Cheese Chicken Set tại Lotteria Với Nhiều Ưu Đãi Combo Hoàn Hảo Cho Tín Đồ Gà Rán Và Phô Mai Nếu bạn yêu thích sự kết hợp giữa gà rán giòn rụm và sốt phô mai béo thơm, Voucher Cheese Chicken Set tại Lotteria chắc chắn sẽ mang đến trải nghiệm ẩm thực đáng nhớ. Hai miếng gà nóng hổi hòa quyện cùng lớp sốt phô mai đậm đà và Pepsi mát lạnh sẽ khiến mỗi bữa ăn trở nên hấp dẫn hơn bao giờ hết. Đặt Voucher Dễ Dàng Trên LifeLink Chỉ với vài thao tác đơn giản trên LifeLink , bạn đã có thể sở hữu voucher và sử dụng tại hệ thống Lotteria trên toàn quốc. LifeLink luôn cập nhật nhiều chương trình ưu đãi mới, giúp bạn thưởng thức những món ăn yêu thích với chi phí tiết kiệm và trải nghiệm mua sắm thuận tiện. LifeLink | Voucher không áp dụng hình thức đổi trả/ hủy/ hoàn tiền. Được sử dụng tối đa 5 voucher/ ngày/ hóa đơn. Không áp dụng đổi hàng cho đơn hàng số lượng lớn (theo quy định của Lotteria). Mỗi voucher chỉ được sử dụng 01 lần. Chỉ áp dụng cho một số sản phẩm nhất định. Trong trường hợp sản phẩm được chỉ định không có sẵn, khách hàng có thể lựa chọn các sản phẩm có cùng giá t.rị. Không đổi được ra tiền mặt một phần hoặc toàn bộ. Không hoàn trả hoặc bán lại được. Nếu giá tiền đơn đặt hàng của khách hàng vượt quá giá trị của voucher thì khách hàng phải thanh toán thêm số tiền chênh lệch đó. Voucher không áp dụng cho các chương trình khuyến mãi khác. Khách hàng có trách nhiệm bảo mật thông tin mã thẻ quà tặng sau khi đặt mua. LifeLink sẽ không chịu trách nhiệm hoàn trả các mã thẻ bị mất hoặc ở trạng thái ""đã sử dụng"" với bất kỳ lý do gì. LifeLink sẽ không chịu trách nhiệm đối với chất lượng của sản phẩm được cung cấp cũng như đối với các tranh chấp về sau giữa khách hàng và nhà cung cấp. LifeLink có quyền sửa chữa hoặc thay đổi điều khoản và điều kiện sử dụng mà không thông báo trước. Hotline LifeLink: 1900 2065","//cdn.lifelink.vn/img/s800x400/Cheese-Chicken-Set_28072026102340.jpg?sign=agsj0lRuTH-Wx8qzFzc7OA","94000.00","88000.00","2026-08-01T00:00:00.000Z","2026-12-31T23:59:59.000Z","2026-08-01T00:00:00.000Z","2026-12-31T23:59:59.000Z","12","2","true","5","on_sale","2026-08-26T00:00:00.000Z","2026-08-26T00:00:00.000Z"
"25519e9a-c9c4-445f-ac14-548e00433cc2","6dd36bff-3015-451c-8455-778d9e6d9b94","1","Voucher Cheese Stick Set tại Lotteria","Có những món ăn chỉ cần thưởng thức một lần cũng đủ để nhớ mãi, và Voucher Cheese Stick Set tại Lotteria chính là một trong số đó. Được LifeLink cung cấp chính hãng, voucher giúp bạn tận hưởng Cheese Stick giòn rụm với phần phô mai béo ngậy, kết hợp cùng Pepsi (M) mát lạnh tạo nên một combo đầy hấp dẫn. Đây là lựa chọn lý tưởng cho những buổi hẹn cùng bạn bè, giờ nghỉ giữa ngày hay đơn giản là khi bạn muốn tự thưởng cho mình một món ăn ngon. Khám Phá Voucher Cheese Stick Set tại Lotteria Và Thương Hiệu Lotteria Lotteria – Thương Hiệu Thức Ăn Nhanh Được Hàng Triệu Khách Hàng Tin Yêu Lotteria là chuỗi nhà hàng thức ăn nhanh trực thuộc Tập đoàn Lotte – một trong năm tập đoàn lớn nhất Hàn Quốc. Suốt 7 năm liên tiếp, Lotteria được vinh danh là thương hiệu số 1 về ""Brand Power"" bởi Korea Management Association và đạt danh hiệu ""Brand Stock"", khẳng định chất lượng cùng uy tín trong ngành thức ăn nhanh. Có mặt tại Việt Nam từ năm 1998, Lotteria hiện sở hữu hơn 210 nhà hàng tại hơn 30 tỉnh, thành phố trên cả nước. Với thực đơn đa dạng từ burger, gà rán, cơm, mì Ý đến các món ăn vặt hấp dẫn, Lotteria luôn mang đến những trải nghiệm ẩm thực chất lượng và tiện lợi cho mọi khách hàng. Cheese Stick Set – Combo Ăn Vặt Giòn Ngon, Béo Thơm Voucher Cheese Stick Set tại Lotteria bao gồm: Cheese Stick. 01 Pepsi (M). Cheese Stick là món ăn vặt được nhiều thực khách yêu thích nhờ lớp vỏ chiên vàng giòn kết hợp cùng phần nhân phô mai thơm béo, kéo sợi hấp dẫn. Khi dùng kèm Pepsi (M) mát lạnh, bạn sẽ có một combo vừa ngon miệng vừa sảng khoái, phù hợp để thưởng thức vào bất kỳ thời điểm nào trong ngày. Tận Hưởng Voucher Cheese Stick Set tại Lotteria Với Nhiều Ưu Đãi Combo Hoàn Hảo Cho Những Tín Đồ Phô Mai Nếu bạn yêu thích hương vị béo ngậy của phô mai và những món ăn giòn rụm, Voucher Cheese Stick Set tại Lotteria chắc chắn sẽ khiến bạn hài lòng. Cheese Stick nóng hổi kết hợp cùng Pepsi (M) mát lạnh tạo nên một combo cân bằng hương vị, phù hợp cho bữa ăn nhẹ, giờ nghỉ giữa ngày hay những buổi gặp gỡ bạn bè. Đặt Voucher Dễ Dàng Trên LifeLink Chỉ với vài thao tác đơn giản trên LifeLink , bạn đã có thể sở hữu voucher và sử dụng tại hệ thống Lotteria trên toàn quốc. Không chỉ tiết kiệm thời gian, LifeLink còn mang đến nhiều chương trình ưu đãi hấp dẫn, giúp bạn thưởng thức các món ăn yêu thích với chi phí tối ưu. LifeLink | Voucher không áp dụng hình thức đổi trả/ hủy/ hoàn tiền. Được sử dụng tối đa 5 voucher/ ngày/ hóa đơn. Không áp dụng đổi hàng cho đơn hàng số lượng lớn (theo quy định của Lotteria). Mỗi voucher chỉ được sử dụng 01 lần. Chỉ áp dụng cho một số sản phẩm nhất định. Trong trường hợp sản phẩm được chỉ định không có sẵn, khách hàng có thể lựa chọn các sản phẩm có cùng giá t.rị. Không đổi được ra tiền mặt một phần hoặc toàn bộ. Không hoàn trả hoặc bán lại được. Nếu giá tiền đơn đặt hàng của khách hàng vượt quá giá trị của voucher thì khách hàng phải thanh toán thêm số tiền chênh lệch đó. Voucher không áp dụng cho các chương trình khuyến mãi khác. Khách hàng có trách nhiệm bảo mật thông tin mã thẻ quà tặng sau khi đặt mua. LifeLink sẽ không chịu trách nhiệm hoàn trả các mã thẻ bị mất hoặc ở trạng thái ""đã sử dụng"" với bất kỳ lý do gì. LifeLink sẽ không chịu trách nhiệm đối với chất lượng của sản phẩm được cung cấp cũng như đối với các tranh chấp về sau giữa khách hàng và nhà cung cấp. LifeLink có quyền sửa chữa hoặc thay đổi điều khoản và điều kiện sử dụng mà không thông báo trước. Hotline LifeLink: 1900 2065","//cdn.lifelink.vn/img/s800x400/Cheese-Stick-Set_27072026150841.jpg?sign=XpfyEfUsFBBD7eL2a_d9dw","49000.00","46000.00","2026-08-01T00:00:00.000Z","2026-12-31T23:59:59.000Z","2026-08-01T00:00:00.000Z","2026-12-31T23:59:59.000Z","109","99","true","5","on_sale","2026-08-26T00:00:00.000Z","2026-08-26T00:00:00.000Z"
"91f45c35-26ee-483d-a55e-7dc11343e8ef","6dd36bff-3015-451c-8455-778d9e6d9b94","1","Voucher Squid Ring Set tại Lotteria","Voucher Squid Ring Set tại Lotteria là lựa chọn hoàn hảo dành cho những tín đồ yêu thích món mực rán giòn rụm kết hợp cùng Pepsi mát lạnh. Được LifeLink cung cấp chính hãng, voucher giúp bạn dễ dàng thưởng thức combo hấp dẫn với mức giá ưu đãi, mang đến trải nghiệm ẩm thực tiện lợi, ngon miệng và tiết kiệm cho mọi bữa ăn. Khám Phá Voucher Squid Ring Set tại Lotteria Và Thương Hiệu Lotteria Lotteria – Thương Hiệu Thức Ăn Nhanh Được Yêu Thích Trên Toàn Châu Á Lotteria là chuỗi nhà hàng thức ăn nhanh trực thuộc Tập đoàn Lotte – một trong năm tập đoàn lớn nhất Hàn Quốc. Suốt 7 năm liên tiếp, Lotteria được vinh danh là thương hiệu số 1 về ""Brand Power"" bởi Korea Management Association và đạt danh hiệu ""Brand Stock"", khẳng định chất lượng cùng uy tín hàng đầu trong lĩnh vực thức ăn nhanh. Gia nhập thị trường Việt Nam từ năm 1998, Lotteria hiện có hơn 210 nhà hàng tại hơn 30 tỉnh, thành phố trên cả nước. Với thực đơn phong phú từ burger, gà rán, cơm, mì Ý đến các món ăn vặt hấp dẫn, Lotteria luôn mang đến những trải nghiệm ẩm thực chất lượng cho hàng triệu khách hàng. Squid Ring Set – Sự Kết Hợp Hoàn Hảo Giữa Hải Sản Và Nước Uống Voucher Squid Ring Set tại Lotteria bao gồm: 05 miếng mực rán. 01 Pepsi (M). Những khoanh mực được tẩm bột và chiên vàng giòn, giữ trọn vị dai ngọt tự nhiên của hải sản, kết hợp cùng Pepsi (M) mát lạnh tạo nên một combo vừa ngon miệng vừa sảng khoái. Đây là lựa chọn phù hợp cho bữa ăn nhẹ, bữa xế hoặc dùng kèm với burger và gà rán để có trải nghiệm ẩm thực phong phú hơn. Tận Hưởng Voucher Squid Ring Set tại Lotteria Với Nhiều Ưu Đãi Combo Lý Tưởng Cho Những Tín Đồ Món Chiên Nếu bạn yêu thích các món hải sản chiên giòn, Voucher Squid Ring Set tại Lotteria sẽ là lựa chọn không thể bỏ qua. Mực rán vàng giòn kết hợp cùng Pepsi mát lạnh tạo nên sự cân bằng hoàn hảo về hương vị, giúp mỗi lần thưởng thức đều trở nên thú vị và trọn vẹn hơn. Đặt Voucher Dễ Dàng Trên LifeLink Chỉ với vài thao tác đơn giản, bạn có thể sở hữu voucher trên LifeLink và sử dụng tại hệ thống Lotteria trên toàn quốc. Không chỉ giúp tiết kiệm thời gian, LifeLink còn thường xuyên cập nhật nhiều ưu đãi mới, mang đến cơ hội trải nghiệm những món ăn yêu thích với chi phí tối ưu. LifeLink | Voucher không áp dụng hình thức đổi trả/ hủy/ hoàn tiền. Được sử dụng tối đa 5 voucher/ ngày/ hóa đơn. Không áp dụng đổi hàng cho đơn hàng số lượng lớn (theo quy định của Lotteria). Mỗi voucher chỉ được sử dụng 01 lần. Chỉ áp dụng cho một số sản phẩm nhất định. Trong trường hợp sản phẩm được chỉ định không có sẵn, khách hàng có thể lựa chọn các sản phẩm có cùng giá t.rị. Không đổi được ra tiền mặt một phần hoặc toàn bộ. Không hoàn trả hoặc bán lại được. Nếu giá tiền đơn đặt hàng của khách hàng vượt quá giá trị của voucher thì khách hàng phải thanh toán thêm số tiền chênh lệch đó. Voucher không áp dụng cho các chương trình khuyến mãi khác. Khách hàng có trách nhiệm bảo mật thông tin mã thẻ quà tặng sau khi đặt mua. LifeLink sẽ không chịu trách nhiệm hoàn trả các mã thẻ bị mất hoặc ở trạng thái ""đã sử dụng"" với bất kỳ lý do gì. LifeLink sẽ không chịu trách nhiệm đối với chất lượng của sản phẩm được cung cấp cũng như đối với các tranh chấp về sau giữa khách hàng và nhà cung cấp. LifeLink có quyền sửa chữa hoặc thay đổi điều khoản và điều kiện sử dụng mà không thông báo trước. Hotline LifeLink: 1900 2065","//cdn.lifelink.vn/img/s800x400/Squid-Ring-Set_27072026144630.jpg?sign=BmdgRHFD0qLfQudkAJPc7w","49000.00","46000.00","2026-08-01T00:00:00.000Z","2026-12-31T23:59:59.000Z","2026-08-01T00:00:00.000Z","2026-12-31T23:59:59.000Z","32","22","true","5","on_sale","2026-08-26T00:00:00.000Z","2026-08-26T00:00:00.000Z"
"506f7073-17d8-4812-b890-fca3238929c2","6dd36bff-3015-451c-8455-778d9e6d9b94","1","Voucher Squid Ring 5pcs tại Lotteria","Bạn đã sẵn sàng để cảm nhận tiếng giòn tan trong từng miếng mực và hương vị hải sản tươi ngon lan tỏa ngay từ lần cắn đầu tiên? Voucher Squid Ring (5pcs) tại Lotteria trên LifeLink mang đến cơ hội thưởng thức món mực rán được yêu thích với lớp vỏ giòn rụm, phần mực dai ngọt tự nhiên và mức giá vô cùng hấp dẫn. Một món ăn nhỏ nhưng đủ để đánh thức mọi giác quan. Khám Phá Voucher Squid Ring (5pcs) tại Lotteria Và Thương Hiệu Thức Ăn Nhanh Hàng Đầu Lotteria – Thương Hiệu Thức Ăn Nhanh Được Hàng Triệu Khách Hàng Tin Chọn Lotteria là chuỗi nhà hàng thức ăn nhanh trực thuộc Tập đoàn Lotte – một trong năm tập đoàn lớn nhất Hàn Quốc. Suốt 7 năm liên tiếp, Lotteria được vinh danh là thương hiệu số 1 về ""Brand Power"" do Korea Management Association trao tặng và đạt danh hiệu ""Brand Stock"", khẳng định chất lượng và uy tín trên thị trường quốc tế. Có mặt tại Việt Nam từ năm 1998, Lotteria hiện sở hữu hơn 210 nhà hàng tại hơn 30 tỉnh, thành phố trên cả nước. Với thực đơn phong phú từ burger, gà rán, cơm, mì Ý đến các món ăn vặt đặc sắc, Lotteria luôn mang đến những trải nghiệm ẩm thực chất lượng cho mọi khách hàng. Squid Ring (5pcs) – Mực Rán Giòn Rụm, Đậm Đà Hương Vị Voucher Squid Ring (5pcs) tại Lotteria bao gồm: 05 miếng mực rán. Những khoanh mực tươi được tẩm lớp bột mỏng và chiên vàng giòn, tạo nên lớp vỏ giòn rụm bên ngoài nhưng vẫn giữ được độ dai ngọt tự nhiên bên trong. Đây là món ăn vặt được nhiều thực khách yêu thích nhờ hương vị thơm ngon, dễ thưởng thức và phù hợp với nhiều độ tuổi. Bạn có thể dùng riêng hoặc kết hợp cùng burger, khoai tây chiên và nước uống để có một bữa ăn trọn vẹn hơn. Trải Nghiệm Voucher Squid Ring (5pcs) tại Lotteria Với Nhiều Ưu Đãi Món Ăn Vặt Hấp Dẫn Cho Mọi Dịp Nếu bạn yêu thích các món hải sản chiên giòn, Voucher Squid Ring (5pcs) tại Lotteria sẽ là lựa chọn không thể bỏ qua. Từng khoanh mực vàng giòn, thơm ngon sẽ mang đến trải nghiệm vị giác thú vị, thích hợp cho bữa xế, buổi gặp gỡ bạn bè hoặc dùng kèm các combo yêu thích tại Lotteria. Đặt Voucher Dễ Dàng Trên LifeLink Chỉ với vài thao tác đơn giản trên LifeLink , bạn đã có thể sở hữu voucher và sử dụng tại hệ thống Lotteria trên toàn quốc. Không chỉ giúp tiết kiệm thời gian, LifeLink còn thường xuyên cập nhật nhiều chương trình ưu đãi mới, mang đến cơ hội thưởng thức những món ăn hấp dẫn với chi phí tối ưu. LifeLink | Voucher không áp dụng hình thức đổi trả/ hủy/ hoàn tiền. Được sử dụng tối đa 5 voucher/ ngày/ hóa đơn. Không áp dụng đổi hàng cho đơn hàng số lượng lớn (theo quy định của Lotteria). Mỗi voucher chỉ được sử dụng 01 lần. Chỉ áp dụng cho một số sản phẩm nhất định. Trong trường hợp sản phẩm được chỉ định không có sẵn, khách hàng có thể lựa chọn các sản phẩm có cùng giá t.rị. Không đổi được ra tiền mặt một phần hoặc toàn bộ. Không hoàn trả hoặc bán lại được. Nếu giá tiền đơn đặt hàng của khách hàng vượt quá giá trị của voucher thì khách hàng phải thanh toán thêm số tiền chênh lệch đó. Voucher không áp dụng cho các chương trình khuyến mãi khác. Khách hàng có trách nhiệm bảo mật thông tin mã thẻ quà tặng sau khi đặt mua. LifeLink sẽ không chịu trách nhiệm hoàn trả các mã thẻ bị mất hoặc ở trạng thái ""đã sử dụng"" với bất kỳ lý do gì. LifeLink sẽ không chịu trách nhiệm đối với chất lượng của sản phẩm được cung cấp cũng như đối với các tranh chấp về sau giữa khách hàng và nhà cung cấp. LifeLink có quyền sửa chữa hoặc thay đổi điều khoản và điều kiện sử dụng mà không thông báo trước. Hotline LifeLink: 1900 2065","//cdn.lifelink.vn/img/s800x400/Squid-Ring--5pcs-_27072026143835.jpg?sign=0U0ObpyD19YMTxPs_dHYEg","35000.00","33000.00","2026-08-01T00:00:00.000Z","2026-12-31T23:59:59.000Z","2026-08-01T00:00:00.000Z","2026-12-31T23:59:59.000Z","101","91","true","5","on_sale","2026-08-26T00:00:00.000Z","2026-08-26T00:00:00.000Z"
"e9e4ce9b-6044-4702-8352-219bd0360de0","6dd36bff-3015-451c-8455-778d9e6d9b94","1","Voucher Cheese Chicken tại Lotteria","Voucher Cheese Chicken tại Lotteria là lựa chọn hoàn hảo dành cho những tín đồ yêu thích sự kết hợp giữa gà rán giòn rụm và sốt phô mai béo ngậy. Được LifeLink cung cấp chính hãng, voucher giúp bạn dễ dàng thưởng thức món Gà sốt phô mai trứ danh của Lotteria với mức giá ưu đãi, mang đến trải nghiệm ẩm thực hấp dẫn, tiện lợi và tiết kiệm hơn mỗi ngày. Khám Phá Voucher Cheese Chicken tại Lotteria Và Thương Hiệu Lotteria Lotteria – Thương Hiệu Thức Ăn Nhanh Được Yêu Thích Hàng Đầu Lotteria là chuỗi nhà hàng thức ăn nhanh trực thuộc Tập đoàn Lotte – một trong năm tập đoàn lớn nhất Hàn Quốc. Suốt 7 năm liên tiếp, Lotteria giữ vị trí số 1 về ""Brand Power"" do Korea Management Association trao tặng và được vinh danh với danh hiệu ""Brand Stock"", khẳng định vị thế của một trong những thương hiệu thức ăn nhanh hàng đầu châu Á. Có mặt tại Việt Nam từ năm 1998, Lotteria hiện sở hữu hơn 210 nhà hàng tại hơn 30 tỉnh, thành phố trên cả nước. Với thực đơn phong phú từ burger, gà rán, cơm, mì Ý đến các món ăn vặt hấp dẫn, Lotteria luôn đáp ứng nhu cầu ẩm thực đa dạng của khách hàng ở mọi lứa tuổi. Cheese Chicken – Gà Rán Phủ Sốt Phô Mai Đậm Đà, Khó Cưỡng Voucher Cheese Chicken tại Lotteria bao gồm: 01 miếng Gà sốt phô mai. Cheese Chicken là sự kết hợp giữa lớp gà rán vàng giòn bên ngoài, phần thịt mềm mọng bên trong và lớp sốt phô mai béo ngậy phủ đều trên bề mặt. Hương vị đậm đà, thơm béo nhưng không ngấy giúp món ăn trở thành lựa chọn yêu thích của nhiều thực khách, đặc biệt là những ai yêu thích phô mai. Trải Nghiệm Voucher Cheese Chicken tại Lotteria Với Nhiều Ưu Đãi Hương Vị Phô Mai Hấp Dẫn Cho Mọi Khoảnh Khắc Nếu bạn yêu thích những món gà rán được biến tấu độc đáo, Voucher Cheese Chicken tại Lotteria sẽ mang đến trải nghiệm khó quên. Lớp sốt phô mai thơm béo hòa quyện cùng miếng gà giòn rụm tạo nên hương vị hấp dẫn, thích hợp để thưởng thức vào bữa xế, bữa ăn nhẹ hoặc kết hợp cùng burger và nước uống. Đặt Voucher Nhanh Chóng Trên LifeLink Chỉ với vài thao tác đơn giản trên LifeLink, bạn đã có thể sở hữu voucher và sử dụng tại hệ thống Lotteria trên toàn quốc. Bên cạnh sự tiện lợi, LifeLink còn thường xuyên cập nhật nhiều chương trình ưu đãi mới, giúp bạn tiết kiệm chi phí và dễ dàng trải nghiệm nhiều món ăn hấp dẫn. LifeLink | Voucher không áp dụng hình thức đổi trả/ hủy/ hoàn tiền. Được sử dụng tối đa 5 voucher/ ngày/ hóa đơn. Không áp dụng đổi hàng cho đơn hàng số lượng lớn (theo quy định của Lotteria). Mỗi voucher chỉ được sử dụng 01 lần. Chỉ áp dụng cho một số sản phẩm nhất định. Trong trường hợp sản phẩm được chỉ định không có sẵn, khách hàng có thể lựa chọn các sản phẩm có cùng giá t.rị. Không đổi được ra tiền mặt một phần hoặc toàn bộ. Không hoàn trả hoặc bán lại được. Nếu giá tiền đơn đặt hàng của khách hàng vượt quá giá trị của voucher thì khách hàng phải thanh toán thêm số tiền chênh lệch đó. Voucher không áp dụng cho các chương trình khuyến mãi khác. Khách hàng có trách nhiệm bảo mật thông tin mã thẻ quà tặng sau khi đặt mua. LifeLink sẽ không chịu trách nhiệm hoàn trả các mã thẻ bị mất hoặc ở trạng thái ""đã sử dụng"" với bất kỳ lý do gì. LifeLink sẽ không chịu trách nhiệm đối với chất lượng của sản phẩm được cung cấp cũng như đối với các tranh chấp về sau giữa khách hàng và nhà cung cấp. LifeLink có quyền sửa chữa hoặc thay đổi điều khoản và điều kiện sử dụng mà không thông báo trước. Hotline LifeLink: 1900 2065","//cdn.lifelink.vn/img/s800x400/Cheese-Chicken_27072026140239.jpg?sign=Kb0rTx_6417OBUFGuFhddQ","40000.00","38000.00","2026-08-01T00:00:00.000Z","2026-12-31T23:59:59.000Z","2026-08-01T00:00:00.000Z","2026-12-31T23:59:59.000Z","66","56","true","5","on_sale","2026-08-26T00:00:00.000Z","2026-08-26T00:00:00.000Z"
"24269f58-1d21-455c-be1c-22a00a3646db","6dd36bff-3015-451c-8455-778d9e6d9b94","1","Voucher Cheese Stick tại Lotteria","Không gì hấp dẫn hơn cảm giác cắn vào lớp vỏ giòn rụm và nhìn những sợi phô mai nóng chảy kéo dài đầy cuốn hút. Voucher Cheese Stick tại Lotteria do LifeLink phân phối chính hãng mang đến cơ hội thưởng thức món ăn vặt nổi tiếng với chi phí tiết kiệm, giúp mỗi lần ghé Lotteria trở thành một trải nghiệm ngon miệng và đáng nhớ. Khám Phá Voucher Cheese Stick tại Lotteria Và Thương Hiệu Lotteria Lotteria – Thương Hiệu Thức Ăn Nhanh Được Yêu Thích Hàng Đầu Lotteria là chuỗi nhà hàng thức ăn nhanh trực thuộc Tập đoàn Lotte – một trong năm tập đoàn lớn nhất Hàn Quốc. Suốt 7 năm liên tiếp, Lotteria giữ vị trí số 1 về ""Brand Power"" do Korea Management Association trao tặng và được vinh danh với danh hiệu ""Brand Stock"", khẳng định vị thế của một thương hiệu thức ăn nhanh hàng đầu. Có mặt tại Việt Nam từ năm 1998, Lotteria hiện sở hữu hơn 210 nhà hàng tại hơn 30 tỉnh, thành phố trên cả nước. Với thực đơn đa dạng từ burger, gà rán, cơm, mì Ý đến các món ăn vặt hấp dẫn, Lotteria luôn mang đến những trải nghiệm ẩm thực chất lượng cho mọi khách hàng. heese Stick – Món Ăn Vặt Giòn Rụm, Kéo Sợi Hấp Dẫn Voucher Cheese Stick tại Lotteria bao gồm: 02 thanh phô mai que. Cheese Stick là món ăn được nhiều khách hàng yêu thích nhờ lớp vỏ chiên vàng giòn bên ngoài cùng phần nhân phô mai béo ngậy, mềm mịn và kéo sợi hấp dẫn bên trong. Đây là món ăn lý tưởng để thưởng thức riêng, dùng kèm burger, gà rán hoặc chia sẻ cùng bạn bè trong những buổi gặp gỡ. Trải Nghiệm Voucher Cheese Stick tại Lotteria Với Nhiều Ưu Đãi Món Ăn Vặt Không Thể Bỏ Lỡ Cho Mọi Cuộc Hẹn Nếu bạn yêu thích những món ăn giòn rụm, thơm béo và dễ thưởng thức, Voucher Cheese Stick tại Lotteria chắc chắn sẽ là lựa chọn lý tưởng. Hai thanh phô mai que nóng hổi với lớp nhân kéo sợi hấp dẫn sẽ mang đến những phút giây thưởng thức đầy thú vị, phù hợp cho mọi lứa tuổi. Đặt Voucher Dễ Dàng Trên LifeLink Chỉ với vài thao tác đơn giản trên LifeLink , bạn đã có thể sở hữu voucher và sử dụng tại hệ thống Lotteria trên toàn quốc. LifeLink còn thường xuyên cập nhật nhiều chương trình ưu đãi, giúp bạn tiết kiệm chi phí và dễ dàng khám phá thêm nhiều món ăn hấp dẫn khác. LifeLink | Voucher không áp dụng hình thức đổi trả/ hủy/ hoàn tiền. Được sử dụng tối đa 5 voucher/ ngày/ hóa đơn. Không áp dụng đổi hàng cho đơn hàng số lượng lớn (theo quy định của Lotteria). Mỗi voucher chỉ được sử dụng 01 lần. Chỉ áp dụng cho một số sản phẩm nhất định. Trong trường hợp sản phẩm được chỉ định không có sẵn, khách hàng có thể lựa chọn các sản phẩm có cùng giá t.rị. Không đổi được ra tiền mặt một phần hoặc toàn bộ. Không hoàn trả hoặc bán lại được. Nếu giá tiền đơn đặt hàng của khách hàng vượt quá giá trị của voucher thì khách hàng phải thanh toán thêm số tiền chênh lệch đó. Voucher không áp dụng cho các chương trình khuyến mãi khác. Khách hàng có trách nhiệm bảo mật thông tin mã thẻ quà tặng sau khi đặt mua. LifeLink sẽ không chịu trách nhiệm hoàn trả các mã thẻ bị mất hoặc ở trạng thái ""đã sử dụng"" với bất kỳ lý do gì. LifeLink sẽ không chịu trách nhiệm đối với chất lượng của sản phẩm được cung cấp cũng như đối với các tranh chấp về sau giữa khách hàng và nhà cung cấp. LifeLink có quyền sửa chữa hoặc thay đổi điều khoản và điều kiện sử dụng mà không thông báo trước. Hotline LifeLink: 1900 2065","//cdn.lifelink.vn/img/s800x400/Cheese-Stick_27072026135443.jpg?sign=rVF1WuAjUbIjAgmxaGn3-w","35000.00","33000.00","2026-08-01T00:00:00.000Z","2026-12-31T23:59:59.000Z","2026-08-01T00:00:00.000Z","2026-12-31T23:59:59.000Z","55","45","true","5","on_sale","2026-08-26T00:00:00.000Z","2026-08-26T00:00:00.000Z"
"46331fe3-6081-4b27-b926-67a0c5a4652a","6dd36bff-3015-451c-8455-778d9e6d9b94","1","Voucher Shake Chicken tại Lotteria","Một món ăn ngon sẽ càng hấp dẫn hơn khi đi kèm mức giá hợp lý. Voucher Shake Chicken tại Lotteria do LifeLink phân phối chính hãng giúp bạn dễ dàng thưởng thức phần Gà Lắc giòn rụm, đậm đà hương vị với chi phí tiết kiệm. Mua nhanh, sử dụng tiện lợi và tận hưởng ưu đãi hấp dẫn để mỗi lần ghé Lotteria đều trở thành một trải nghiệm đáng nhớ. Khám Phá Voucher Shake Chicken tại Lotteria Và Thương Hiệu Thức Ăn Nhanh Hàng Đầu Lotteria – Thương Hiệu Thức Ăn Nhanh Được Hàng Triệu Khách Hàng Tin Chọn Lotteria là chuỗi nhà hàng thức ăn nhanh trực thuộc Tập đoàn Lotte – một trong năm tập đoàn lớn nhất Hàn Quốc. Suốt 7 năm liên tiếp, Lotteria giữ vị trí số 1 về ""Brand Power"" do Korea Management Association trao tặng và được vinh danh với danh hiệu ""Brand Stock"", khẳng định uy tín và giá trị thương hiệu trên thị trường. Có mặt tại Việt Nam từ năm 1998, Lotteria hiện sở hữu hơn 210 nhà hàng tại hơn 30 tỉnh, thành phố trên cả nước. Với thực đơn đa dạng từ burger, gà rán, cơm đến các món ăn vặt hấp dẫn, Lotteria luôn là điểm đến quen thuộc của nhiều gia đình, giới trẻ và nhân viên văn phòng. Shake Chicken – Món Gà Lắc Giòn Rụm, Đậm Đà Khó Cưỡng Voucher Shake Chicken tại Lotteria bao gồm: 01 phần Gà Lắc. Shake Chicken là món ăn được nhiều thực khách yêu thích nhờ lớp gà rán giòn bên ngoài, thịt mềm mọng bên trong và lớp bột gia vị lắc phủ đều, tạo nên hương vị thơm ngon đặc trưng. Đây là lựa chọn hoàn hảo cho những bữa ăn nhẹ, bữa xế hoặc dùng kèm với burger, khoai tây chiên và nước uống để có trải nghiệm ẩm thực phong phú hơn. Trải Nghiệm Voucher Shake Chicken tại Lotteria Với Nhiều Ưu Đãi Món Ăn Vặt Hấp Dẫn Cho Mọi Khoảnh Khắc Dù là giờ nghỉ giữa buổi, buổi gặp gỡ bạn bè hay những lúc muốn thưởng thức món ăn yêu thích, Voucher Shake Chicken tại Lotteria đều là lựa chọn lý tưởng. Hương vị gà lắc giòn thơm, đậm đà sẽ mang đến trải nghiệm ẩm thực hấp dẫn, phù hợp với nhiều đối tượng khách hàng. Đặt Voucher Dễ Dàng Trên LifeLink Chỉ với vài thao tác đơn giản trên LifeLink , bạn đã có thể sở hữu voucher và sử dụng tại hệ thống Lotteria trên toàn quốc. Bên cạnh sự tiện lợi, LifeLink còn thường xuyên cập nhật nhiều chương trình ưu đãi mới, giúp khách hàng tiết kiệm chi phí và tận hưởng nhiều giá trị hơn khi trải nghiệm ẩm thực. LifeLink | Voucher không áp dụng hình thức đổi trả/ hủy/ hoàn tiền. Được sử dụng tối đa 5 voucher/ ngày/ hóa đơn. Không áp dụng đổi hàng cho đơn hàng số lượng lớn (theo quy định của Lotteria). Mỗi voucher chỉ được sử dụng 01 lần. Chỉ áp dụng cho một số sản phẩm nhất định. Trong trường hợp sản phẩm được chỉ định không có sẵn, khách hàng có thể lựa chọn các sản phẩm có cùng giá t.rị. Không đổi được ra tiền mặt một phần hoặc toàn bộ. Không hoàn trả hoặc bán lại được. Nếu giá tiền đơn đặt hàng của khách hàng vượt quá giá trị của voucher thì khách hàng phải thanh toán thêm số tiền chênh lệch đó. Voucher không áp dụng cho các chương trình khuyến mãi khác. Khách hàng có trách nhiệm bảo mật thông tin mã thẻ quà tặng sau khi đặt mua. LifeLink sẽ không chịu trách nhiệm hoàn trả các mã thẻ bị mất hoặc ở trạng thái ""đã sử dụng"" với bất kỳ lý do gì. LifeLink sẽ không chịu trách nhiệm đối với chất lượng của sản phẩm được cung cấp cũng như đối với các tranh chấp về sau giữa khách hàng và nhà cung cấp. LifeLink có quyền sửa chữa hoặc thay đổi điều khoản và điều kiện sử dụng mà không thông báo trước. Hotline LifeLink: 1900 2065","//cdn.lifelink.vn/img/s800x400/Shake-Chicken_27072026134648.jpg?sign=foH0lPicjaVUyOYCVzWEyw","43000.00","40000.00","2026-08-01T00:00:00.000Z","2026-12-31T23:59:59.000Z","2026-08-01T00:00:00.000Z","2026-12-31T23:59:59.000Z","47","37","true","5","on_sale","2026-08-26T00:00:00.000Z","2026-08-26T00:00:00.000Z"
"faeb360c-69be-4949-828a-d8f37241cafb","6dd36bff-3015-451c-8455-778d9e6d9b94","1","Voucher Beef Rice Set tại Lotteria","Bạn đang tìm kiếm một bữa ăn vừa no bụng, vừa thơm ngon cho ngày bận rộn? Voucher Beef Rice Set tại Lotteria trên LifeLink sẽ mang đến sự kết hợp hấp dẫn giữa phần Cơm Thịt Bò đậm vị và Pepsi (M) mát lạnh. Không chỉ giúp tiết kiệm chi phí, voucher còn mang đến trải nghiệm ẩm thực tiện lợi từ thương hiệu thức ăn nhanh được yêu thích hàng đầu. Khám Phá Voucher Beef Rice Set tại Lotteria Và Thương Hiệu Lotteria Lotteria – Thương Hiệu Thức Ăn Nhanh Được Hàng Triệu Khách Hàng Tin Yêu Lotteria là chuỗi nhà hàng thức ăn nhanh trực thuộc Tập đoàn Lotte – một trong năm tập đoàn lớn nhất Hàn Quốc. Suốt 7 năm liên tiếp, Lotteria được vinh danh là thương hiệu số 1 về ""Brand Power"" do Korea Management Association trao tặng và đạt danh hiệu ""Brand Stock"", khẳng định uy tín cũng như năng lực cạnh tranh trên thị trường. Có mặt tại Việt Nam từ năm 1998, Lotteria hiện sở hữu hơn 210 nhà hàng tại hơn 30 tỉnh, thành phố trên cả nước. Với thực đơn đa dạng từ burger, gà rán, cơm đến mỳ Ý, Lotteria luôn đáp ứng nhu cầu ẩm thực của nhiều đối tượng khách hàng, từ học sinh, sinh viên đến nhân viên văn phòng và các gia đình. Beef Rice Set – Bữa Cơm Đậm Đà, Đầy Đủ Dinh Dưỡng Voucher Beef Rice Set tại Lotteria bao gồm: 01 phần Cơm Thịt Bò. 01 Pepsi (M). Phần Cơm Thịt Bò được chế biến từ thịt bò mềm, đậm vị kết hợp cùng cơm trắng nóng hổi, mang đến bữa ăn vừa ngon miệng vừa giàu năng lượng. Ly Pepsi (M) mát lạnh đi kèm giúp cân bằng hương vị và tạo nên một combo hoàn chỉnh, phù hợp cho những ai muốn thưởng thức bữa ăn nhanh nhưng vẫn đảm bảo sự no bụng và tiện lợi. Trải Nghiệm Voucher Beef Rice Set tại Lotteria Với Nhiều Ưu Đãi Lựa Chọn Hoàn Hảo Cho Bữa Ăn Nhanh Mỗi Ngày Nếu bạn đang tìm kiếm một bữa ăn vừa thơm ngon, vừa đầy đủ dinh dưỡng mà không mất nhiều thời gian chờ đợi, Voucher Beef Rice Set tại Lotteria sẽ là lựa chọn đáng cân nhắc. Sự kết hợp giữa cơm nóng, thịt bò đậm đà và Pepsi (M) mát lạnh mang đến trải nghiệm ẩm thực trọn vẹn cho những ngày bận rộn. Đặt Voucher Dễ Dàng Trên LifeLink Chỉ với vài thao tác đơn giản trên LifeLink , bạn đã có thể sở hữu voucher và sử dụng tại hệ thống Lotteria trên toàn quốc. Không chỉ giúp tiết kiệm thời gian, LifeLink còn thường xuyên triển khai nhiều chương trình ưu đãi hấp dẫn, giúp bạn tận hưởng những bữa ăn chất lượng với chi phí tối ưu. LifeLink | Voucher không áp dụng hình thức đổi trả/ hủy/ hoàn tiền. Được sử dụng tối đa 5 voucher/ ngày/ hóa đơn. Không áp dụng đổi hàng cho đơn hàng số lượng lớn (theo quy định của Lotteria). Mỗi voucher chỉ được sử dụng 01 lần. Chỉ áp dụng cho một số sản phẩm nhất định. Trong trường hợp sản phẩm được chỉ định không có sẵn, khách hàng có thể lựa chọn các sản phẩm có cùng giá t.rị. Không đổi được ra tiền mặt một phần hoặc toàn bộ. Không hoàn trả hoặc bán lại được. Nếu giá tiền đơn đặt hàng của khách hàng vượt quá giá trị của voucher thì khách hàng phải thanh toán thêm số tiền chênh lệch đó. Voucher không áp dụng cho các chương trình khuyến mãi khác. Khách hàng có trách nhiệm bảo mật thông tin mã thẻ quà tặng sau khi đặt mua. LifeLink sẽ không chịu trách nhiệm hoàn trả các mã thẻ bị mất hoặc ở trạng thái ""đã sử dụng"" với bất kỳ lý do gì. LifeLink sẽ không chịu trách nhiệm đối với chất lượng của sản phẩm được cung cấp cũng như đối với các tranh chấp về sau giữa khách hàng và nhà cung cấp. LifeLink có quyền sửa chữa hoặc thay đổi điều khoản và điều kiện sử dụng mà không thông báo trước. Hotline LifeLink: 1900 2065","//cdn.lifelink.vn/img/s800x400/Beef-Rice-Set_27072026120306.jpg?sign=7OlGjAjCBez8py269fRhcg","59000.00","55000.00","2026-08-01T00:00:00.000Z","2026-12-31T23:59:59.000Z","2026-08-01T00:00:00.000Z","2026-12-31T23:59:59.000Z","31","21","true","5","on_sale","2026-08-26T00:00:00.000Z","2026-08-26T00:00:00.000Z"
"f7ae2085-0396-4704-9fd3-0459da08e650","6dd36bff-3015-451c-8455-778d9e6d9b94","3","Voucher Combo Beef Spaghetti tại Lotteria","Bạn muốn đổi vị với một bữa ăn vừa ngon miệng, vừa đầy đủ mà vẫn tiết kiệm? Voucher Combo Beef Spaghetti tại Lotteria trên LifeLink sẽ mang đến trải nghiệm thưởng thức Mỳ Ý thịt bò sốt đậm đà kết hợp Pepsi (M) sảng khoái trong một combo hấp dẫn. Đây là lựa chọn lý tưởng cho bữa trưa, bữa tối hoặc những ngày bận rộn cần một bữa ăn nhanh nhưng vẫn trọn vẹn hương vị. Khám Phá Voucher Combo Beef Spaghetti tại Lotteria Và Thương Hiệu Lotteria Lotteria – Thương Hiệu Thức Ăn Nhanh Được Yêu Thích Hàng Đầu Lotteria là chuỗi nhà hàng thức ăn nhanh trực thuộc Tập đoàn Lotte – một trong năm tập đoàn lớn nhất Hàn Quốc. Suốt 7 năm liên tiếp, Lotteria giữ vị trí số 1 về ""Brand Power"" do Korea Management Association trao tặng và được vinh danh với danh hiệu ""Brand Stock"", khẳng định uy tín và sức mạnh thương hiệu trên thị trường. Có mặt tại Việt Nam từ năm 1998, Lotteria hiện sở hữu hơn 210 nhà hàng tại hơn 30 tỉnh, thành phố trên cả nước. Với thực đơn phong phú từ burger, gà rán đến mỳ Ý, cùng chất lượng món ăn ổn định và dịch vụ chuyên nghiệp, Lotteria luôn là điểm đến quen thuộc của nhiều gia đình và giới trẻ. Combo Beef Spaghetti – Bữa Ăn Đậm Đà Chuẩn Vị Ý Voucher Combo Beef Spaghetti tại Lotteria bao gồm: 01 Mỳ Ý thịt bò (S) 01 Pepsi (M) Mỳ Ý thịt bò nổi bật với sợi mì mềm dai hòa quyện cùng sốt thịt bò đậm đà, được nêm nếm vừa vị và thơm ngon. Kết hợp cùng Pepsi (M) mát lạnh, combo mang đến trải nghiệm ẩm thực cân bằng, thích hợp cho những ai muốn đổi vị ngoài các món burger hay gà rán truyền thống. Tận Hưởng Voucher Combo Beef Spaghetti tại Lotteria Với Nhiều Ưu Đãi Lựa Chọn Hoàn Hảo Cho Bữa Ăn Tiện Lợi Nếu bạn yêu thích hương vị mỳ Ý và muốn có một bữa ăn nhanh nhưng vẫn đầy đủ hương vị, Voucher Combo Beef Spaghetti tại Lotteria sẽ là lựa chọn đáng cân nhắc. Sự kết hợp giữa mỳ Ý thịt bò thơm ngon và Pepsi mát lạnh mang đến bữa ăn vừa tiện lợi, vừa phù hợp cho giờ nghỉ trưa, bữa tối hoặc những ngày bận rộn. Đặt Voucher Dễ Dàng Trên LifeLink Chỉ với vài thao tác đơn giản, bạn có thể sở hữu voucher trên LifeLink và sử dụng tại hệ thống Lotteria trên toàn quốc. Ngoài sự thuận tiện, LifeLink còn thường xuyên cập nhật các chương trình ưu đãi mới, giúp khách hàng tiết kiệm chi phí và có thêm nhiều cơ hội thưởng thức các món ăn yêu thích. LifeLink | Voucher không áp dụng hình thức đổi trả/ hủy/ hoàn tiền. Được sử dụng tối đa 5 voucher/ ngày/ hóa đơn. Không áp dụng đổi hàng cho đơn hàng số lượng lớn (theo quy định của Lotteria). Mỗi voucher chỉ được sử dụng 01 lần. Chỉ áp dụng cho một số sản phẩm nhất định. Trong trường hợp sản phẩm được chỉ định không có sẵn, khách hàng có thể lựa chọn các sản phẩm có cùng giá t.rị. Không đổi được ra tiền mặt một phần hoặc toàn bộ. Không hoàn trả hoặc bán lại được. Nếu giá tiền đơn đặt hàng của khách hàng vượt quá giá trị của voucher thì khách hàng phải thanh toán thêm số tiền chênh lệch đó. Voucher không áp dụng cho các chương trình khuyến mãi khác. Khách hàng có trách nhiệm bảo mật thông tin mã thẻ quà tặng sau khi đặt mua. LifeLink sẽ không chịu trách nhiệm hoàn trả các mã thẻ bị mất hoặc ở trạng thái ""đã sử dụng"" với bất kỳ lý do gì. LifeLink sẽ không chịu trách nhiệm đối với chất lượng của sản phẩm được cung cấp cũng như đối với các tranh chấp về sau giữa khách hàng và nhà cung cấp. LifeLink có quyền sửa chữa hoặc thay đổi điều khoản và điều kiện sử dụng mà không thông báo trước. Hotline LifeLink: 1900 2065","//cdn.lifelink.vn/img/s800x400/Beef-Spaghetti_27072026113336.jpg?sign=egRVpgZ0K0kHbgSmXUswow","56000.00","53000.00","2026-08-01T00:00:00.000Z","2026-12-31T23:59:59.000Z","2026-08-01T00:00:00.000Z","2026-12-31T23:59:59.000Z","39","29","true","5","on_sale","2026-08-26T00:00:00.000Z","2026-08-26T00:00:00.000Z"
"ec2fa653-d0a8-46ee-bea8-b54cb47913ff","6dd36bff-3015-451c-8455-778d9e6d9b94","1","Voucher Burger Set tại Lotteria","Khám phá sự kết hợp hoàn hảo của những món ăn được yêu thích nhất tại Lotteria với Voucher Burger Set tại Lotteria từ LifeLink. Không chỉ giúp tiết kiệm chi phí, voucher còn mang đến trải nghiệm ẩm thực chất lượng với burger thơm ngon, khoai tây lắc giòn rụm và Pepsi mát lạnh. Đặt mua ngay để tận hưởng ưu đãi hấp dẫn và bữa ăn đầy năng lượng. Khám Phá Voucher Burger Set tại Lotteria Và Thương Hiệu Thức Ăn Nhanh Hàng Đầu Lotteria – Thương Hiệu Thức Ăn Nhanh Được Yêu Thích Suốt Nhiều Năm Lotteria là chuỗi nhà hàng thức ăn nhanh trực thuộc Tập đoàn Lotte – một trong năm tập đoàn lớn nhất Hàn Quốc. Trong suốt 7 năm liên tiếp, Lotteria giữ vị trí số 1 về ""Brand Power"" do Korea Management Association bình chọn và được vinh danh với danh hiệu ""Brand Stock"", khẳng định vị thế của một thương hiệu thức ăn nhanh hàng đầu châu Á. Có mặt tại Việt Nam từ năm 1998, Lotteria hiện sở hữu hơn 210 nhà hàng tại hơn 30 tỉnh, thành phố trên cả nước. Với thực đơn đa dạng, chất lượng món ăn đồng đều và dịch vụ chuyên nghiệp, Lotteria luôn là điểm đến quen thuộc của hàng triệu khách hàng ở mọi lứa tuổi. Burger Set – Combo Đa Dạng Hương Vị Cho Hai Người Voucher Burger Set tại Lotteria bao gồm: 01 Burger Tôm 01 Burger Bulgogi 01 Khoai Tây Lắc 02 Pepsi (M) Combo là sự kết hợp hoàn hảo giữa Burger Tôm với lớp nhân tôm giòn thơm và Burger Bulgogi đậm đà hương vị Hàn Quốc. Đi kèm là Khoai Tây Lắc giòn rụm cùng hai ly Pepsi (M) mát lạnh, tạo nên bữa ăn đầy đủ, cân bằng và hấp dẫn. Đây là lựa chọn phù hợp cho các cặp đôi, bạn bè hoặc đồng nghiệp muốn cùng nhau thưởng thức những món ăn đặc trưng của Lotteria. Tận Hưởng Voucher Burger Set tại Lotteria Với Nhiều Ưu Đãi Hấp Dẫn Combo Lý Tưởng Cho Những Buổi Gặp Gỡ Và Chia Sẻ Nếu bạn đang tìm kiếm một combo vừa ngon miệng vừa đầy đủ cho hai người, Voucher Burger Set tại Lotteria sẽ là lựa chọn đáng cân nhắc. Hai chiếc burger với hương vị khác nhau kết hợp cùng khoai tây lắc và Pepsi giúp bữa ăn trở nên phong phú hơn, phù hợp cho bữa trưa, bữa tối hoặc những buổi gặp gỡ cuối tuần. Đặt Voucher Nhanh Chóng Trên LifeLink Chỉ với vài thao tác đơn giản trên LifeLink, bạn đã có thể sở hữu voucher và sử dụng tại hệ thống Lotteria trên toàn quốc. Ngoài sự tiện lợi, LifeLink còn thường xuyên cập nhật các chương trình ưu đãi mới, giúp khách hàng tiết kiệm chi phí và có thêm nhiều cơ hội trải nghiệm những combo hấp dẫn. | Voucher không áp dụng hình thức đổi trả/ hủy/ hoàn tiền. Được sử dụng tối đa 5 voucher/ ngày/ hóa đơn. Không áp dụng đổi hàng cho đơn hàng số lượng lớn (theo quy định của Lotteria). Mỗi voucher chỉ được sử dụng 01 lần. Chỉ áp dụng cho một số sản phẩm nhất định. Trong trường hợp sản phẩm được chỉ định không có sẵn, khách hàng có thể lựa chọn các sản phẩm có cùng giá t.rị. Không đổi được ra tiền mặt một phần hoặc toàn bộ. Không hoàn trả hoặc bán lại được. Nếu giá tiền đơn đặt hàng của khách hàng vượt quá giá trị của voucher thì khách hàng phải thanh toán thêm số tiền chênh lệch đó. Voucher không áp dụng cho các chương trình khuyến mãi khác. Khách hàng có trách nhiệm bảo mật thông tin mã thẻ quà tặng sau khi đặt mua. LifeLink sẽ không chịu trách nhiệm hoàn trả các mã thẻ bị mất hoặc ở trạng thái ""đã sử dụng"" với bất kỳ lý do gì. LifeLink sẽ không chịu trách nhiệm đối với chất lượng của sản phẩm được cung cấp cũng như đối với các tranh chấp về sau giữa khách hàng và nhà cung cấp. LifeLink có quyền sửa chữa hoặc thay đổi điều khoản và điều kiện sử dụng mà không thông báo trước. Hotline LifeLink: 1900 2065","//cdn.lifelink.vn/img/s800x400/Burger-Set_27072026112400.jpg?sign=tKDtrIf6F4aGPNaN1pmmpw","163000.00","153000.00","2026-08-01T00:00:00.000Z","2026-12-31T23:59:59.000Z","2026-08-01T00:00:00.000Z","2026-12-31T23:59:59.000Z","109","99","true","4","on_sale","2026-08-26T00:00:00.000Z","2026-08-26T00:00:00.000Z"
"7dbceca3-7a33-4849-8e90-200f020715fd","6dd36bff-3015-451c-8455-778d9e6d9b94","1","Voucher Cheese Burger Set tại Lotteria","Voucher Cheese Burger Set tại Lotteria là lựa chọn hoàn hảo dành cho những ai yêu thích sự kết hợp giữa burger phô mai béo ngậy và Pepsi mát lạnh. Được LifeLink cung cấp chính hãng, voucher giúp bạn dễ dàng thưởng thức combo hấp dẫn của Lotteria với mức giá ưu đãi, quy trình mua nhanh chóng và trải nghiệm tiện lợi mọi lúc, mọi nơi. Khám Phá Voucher Cheese Burger Set tại Lotteria Và Thương Hiệu Lotteria Lotteria – Thương Hiệu Thức Ăn Nhanh Hàng Đầu Được Hàng Triệu Khách Hàng Tin Chọn Lotteria là chuỗi nhà hàng thức ăn nhanh trực thuộc Tập đoàn Lotte – một trong năm tập đoàn lớn nhất Hàn Quốc. Thương hiệu đã liên tục giữ vị trí số 1 về ""Brand Power"" trong suốt 7 năm do Korea Management Association bình chọn và được vinh danh với danh hiệu ""Brand Stock"", khẳng định năng lực cạnh tranh và giá trị thương hiệu trên thị trường. Có mặt tại Việt Nam từ năm 1998, Lotteria hiện sở hữu hơn 210 nhà hàng tại hơn 30 tỉnh, thành phố. Với thực đơn phong phú, nguyên liệu chất lượng và dịch vụ chuyên nghiệp, Lotteria luôn là điểm đến yêu thích của nhiều gia đình, giới trẻ và nhân viên văn phòng. Cheese Burger Set – Combo Đơn Giản Nhưng Đầy Hấp Dẫn Voucher Cheese Burger Set tại Lotteria bao gồm: 01 Burger Cheese. 01 Pepsi (M). Burger Cheese chinh phục thực khách với phần bánh mềm, nhân thịt thơm ngon kết hợp lớp phô mai béo ngậy tan chảy, tạo nên hương vị hài hòa và hấp dẫn. Ly Pepsi (M) mát lạnh đi kèm giúp cân bằng vị giác, mang đến một bữa ăn nhanh trọn vẹn, phù hợp cho mọi thời điểm trong ngày. Trải Nghiệm Voucher Cheese Burger Set tại Lotteria Với Nhiều Ưu Đãi Bữa Ăn Nhanh Hoàn Hảo Cho Mọi Thời Điểm Nếu bạn đang tìm kiếm một bữa ăn vừa ngon miệng vừa tiện lợi, Voucher Cheese Burger Set tại Lotteria là lựa chọn không nên bỏ lỡ. Sự kết hợp giữa Burger Cheese thơm ngon và Pepsi (M) sảng khoái sẽ mang đến nguồn năng lượng cho ngày học tập, làm việc hoặc những buổi gặp gỡ bạn bè. Mua Voucher Dễ Dàng Trên LifeLink Chỉ với vài thao tác đơn giản trên LifeLink , bạn đã có thể sở hữu voucher và sử dụng tại hệ thống Lotteria trên toàn quốc. Ngoài việc tiết kiệm thời gian, LifeLink còn thường xuyên cập nhật các chương trình ưu đãi mới, giúp khách hàng tận hưởng nhiều giá trị hơn trong mỗi lần mua sắm. LifeLink | Voucher không áp dụng hình thức đổi trả/ hủy/ hoàn tiền. Được sử dụng tối đa 5 voucher/ ngày/ hóa đơn. Không áp dụng đổi hàng cho đơn hàng số lượng lớn (theo quy định của Lotteria). Mỗi voucher chỉ được sử dụng 01 lần. Chỉ áp dụng cho một số sản phẩm nhất định. Trong trường hợp sản phẩm được chỉ định không có sẵn, khách hàng có thể lựa chọn các sản phẩm có cùng giá t.rị. Không đổi được ra tiền mặt một phần hoặc toàn bộ. Không hoàn trả hoặc bán lại được. Nếu giá tiền đơn đặt hàng của khách hàng vượt quá giá trị của voucher thì khách hàng phải thanh toán thêm số tiền chênh lệch đó. Voucher không áp dụng cho các chương trình khuyến mãi khác. Khách hàng có trách nhiệm bảo mật thông tin mã thẻ quà tặng sau khi đặt mua. LifeLink sẽ không chịu trách nhiệm hoàn trả các mã thẻ bị mất hoặc ở trạng thái ""đã sử dụng"" với bất kỳ lý do gì. LifeLink sẽ không chịu trách nhiệm đối với chất lượng của sản phẩm được cung cấp cũng như đối với các tranh chấp về sau giữa khách hàng và nhà cung cấp. LifeLink có quyền sửa chữa hoặc thay đổi điều khoản và điều kiện sử dụng mà không thông báo trước. Hotline LifeLink: 1900 2065","//cdn.lifelink.vn/img/s800x400/Cheese-Burger-Set_27072026111819.jpg?sign=YjWg540tkVUnKjUDPWJQvA","59000.00","55000.00","2026-08-01T00:00:00.000Z","2026-12-31T23:59:59.000Z","2026-08-01T00:00:00.000Z","2026-12-31T23:59:59.000Z","55","45","true","5","on_sale","2026-08-26T00:00:00.000Z","2026-08-26T00:00:00.000Z"
"4add622b-fd27-47db-8969-08173bfe2961","6dd36bff-3015-451c-8455-778d9e6d9b94","1","Voucher L-Chicken Burger Set tại Lotteria","Bạn yêu thích burger gà giòn nhưng vẫn muốn tiết kiệm chi phí? Voucher L-Chicken Burger Set tại Lotteria trên LifeLink sẽ mang đến cơ hội thưởng thức Burger L-Chicken kết hợp Pepsi (M) với mức giá ưu đãi. Chỉ cần sở hữu voucher, bạn đã có thể tận hưởng bữa ăn thơm ngon, nhanh gọn và trọn vẹn tại hệ thống Lotteria trên toàn quốc. Khám Phá Voucher L-Chicken Burger Set tại Lotteria Và Thương Hiệu Lotteria Lotteria – Thương Hiệu Thức Ăn Nhanh Hàng Đầu Đến Từ Hàn Quốc Lotteria là chuỗi nhà hàng thức ăn nhanh trực thuộc Tập đoàn Lotte – một trong năm tập đoàn lớn nhất Hàn Quốc. Suốt 7 năm liền, Lotteria giữ vị trí số 1 về ""Brand Power"" do Korea Management Association trao tặng và được vinh danh với danh hiệu ""Brand Stock"", khẳng định giá trị thương hiệu và năng lực cạnh tranh trên thị trường. Có mặt tại Việt Nam từ năm 1998, Lotteria đã không ngừng phát triển và hiện sở hữu hơn 210 nhà hàng tại hơn 30 tỉnh, thành phố trên cả nước. Với thực đơn phong phú, nguyên liệu chất lượng và dịch vụ chuyên nghiệp, Lotteria luôn là điểm đến quen thuộc của những tín đồ yêu thích thức ăn nhanh. L-Chicken Burger Set – Sự Kết Hợp Hoàn Hảo Giữa Burger Và Pepsi Voucher L-Chicken Burger Set tại Lotteria bao gồm: 01 Burger L-Chicken 01 Pepsi (M) Burger L-Chicken nổi bật với phần gà rán giòn rụm, thịt mềm mọng, kết hợp cùng rau tươi, bánh burger mềm và nước sốt đặc trưng tạo nên hương vị hài hòa, hấp dẫn. Đi kèm là Pepsi (M) mát lạnh, giúp bữa ăn thêm trọn vẹn và mang đến cảm giác sảng khoái sau mỗi lần thưởng thức. Trải Nghiệm Voucher L-Chicken Burger Set tại Lotteria Với Nhiều Ưu Đãi Lựa Chọn Hoàn Hảo Cho Bữa Ăn Nhanh Nếu bạn cần một bữa ăn vừa ngon, vừa tiện lợi thì Voucher L-Chicken Burger Set tại Lotteria là lựa chọn không thể bỏ qua. Sự kết hợp giữa burger gà giòn và Pepsi (M) mang đến bữa ăn đầy đủ hương vị, phù hợp cho học sinh, sinh viên, nhân viên văn phòng hoặc những người bận rộn. Mua Voucher Nhanh Chóng Trên LifeLink Chỉ với vài thao tác đơn giản, bạn đã có thể sở hữu voucher trên LifeLink và sử dụng tại hệ thống Lotteria trên toàn quốc. Ngoài sự tiện lợi, LifeLink còn thường xuyên cập nhật nhiều chương trình khuyến mãi, giúp khách hàng tiết kiệm chi phí và tận hưởng nhiều ưu đãi hấp dẫn hơn khi trải nghiệm ẩm thực. LifeLink | Voucher không áp dụng hình thức đổi trả/ hủy/ hoàn tiền. Được sử dụng tối đa 5 voucher/ ngày/ hóa đơn. Không áp dụng đổi hàng cho đơn hàng số lượng lớn (theo quy định của Lotteria). Mỗi voucher chỉ được sử dụng 01 lần. Chỉ áp dụng cho một số sản phẩm nhất định. Trong trường hợp sản phẩm được chỉ định không có sẵn, khách hàng có thể lựa chọn các sản phẩm có cùng giá t.rị. Không đổi được ra tiền mặt một phần hoặc toàn bộ. Không hoàn trả hoặc bán lại được. Nếu giá tiền đơn đặt hàng của khách hàng vượt quá giá trị của voucher thì khách hàng phải thanh toán thêm số tiền chênh lệch đó. Voucher không áp dụng cho các chương trình khuyến mãi khác. Khách hàng có trách nhiệm bảo mật thông tin mã thẻ quà tặng sau khi đặt mua. LifeLink sẽ không chịu trách nhiệm hoàn trả các mã thẻ bị mất hoặc ở trạng thái ""đã sử dụng"" với bất kỳ lý do gì. LifeLink sẽ không chịu trách nhiệm đối với chất lượng của sản phẩm được cung cấp cũng như đối với các tranh chấp về sau giữa khách hàng và nhà cung cấp. LifeLink có quyền sửa chữa hoặc thay đổi điều khoản và điều kiện sử dụng mà không thông báo trước. Hotline LifeLink: 1900 2065","//cdn.lifelink.vn/img/s800x400/L-Chicken-Burger-Set_27072026110226.jpg?sign=7eFmP3EMqVcDHshnx38qog","64000.00","60000.00","2026-08-01T00:00:00.000Z","2026-12-31T23:59:59.000Z","2026-08-01T00:00:00.000Z","2026-12-31T23:59:59.000Z","25","15","true","5","on_sale","2026-08-26T00:00:00.000Z","2026-08-26T00:00:00.000Z"
"f41ef6c3-a09e-4afd-a126-4206c3098045","6dd36bff-3015-451c-8455-778d9e6d9b94","1","Voucher HS Chicken tại Lotteria","Voucher HS Chicken tại Lotteria là lựa chọn hoàn hảo dành cho những tín đồ yêu thích gà rán với hương vị thơm ngon, lớp vỏ giòn rụm và thịt gà mềm mọng. Tại LifeLink, bạn có thể dễ dàng sở hữu voucher chính hãng để thưởng thức món gà HS nổi tiếng của Lotteria với mức giá ưu đãi, quy trình mua nhanh chóng và sử dụng vô cùng tiện lợi. Khám Phá Voucher HS Chicken tại Lotteria Và Thương Hiệu Thức Ăn Nhanh Hàng Đầu Lotteria – Thương Hiệu Thức Ăn Nhanh Được Yêu Thích Từ Hàn Quốc Lotteria là chuỗi nhà hàng thức ăn nhanh trực thuộc Tập đoàn Lotte – một trong năm tập đoàn lớn nhất Hàn Quốc. Suốt 7 năm liên tiếp, Lotteria được vinh danh ở vị trí số 1 về ""Brand Power"" do Korea Management Association trao tặng và đạt danh hiệu ""Brand Stock"", khẳng định năng lực cạnh tranh thương hiệu trên thị trường. Gia nhập Việt Nam từ năm 1998, Lotteria đã không ngừng phát triển và hiện sở hữu hơn 210 nhà hàng tại hơn 30 tỉnh, thành phố trên cả nước. Với thực đơn đa dạng, chất lượng ổn định và dịch vụ chuyên nghiệp, Lotteria luôn là điểm đến quen thuộc của hàng triệu khách hàng yêu thích thức ăn nhanh. Gà HS – Hương Vị Gà Rán Đậm Đà, Giòn Ngon Khó Cưỡng Voucher HS Chicken tại Lotteria bao gồm: 01 miếng gà HS Gà HS nổi bật với lớp vỏ vàng giòn hấp dẫn, được tẩm ướp gia vị vừa ăn và chiên ở nhiệt độ thích hợp để giữ trọn độ giòn bên ngoài cùng phần thịt mềm, mọng nước bên trong. Đây là lựa chọn hoàn hảo cho bữa ăn nhẹ hoặc kết hợp cùng burger, khoai tây chiên và nước uống để tạo nên bữa ăn đầy đủ, tiện lợi. Trải Nghiệm Voucher HS Chicken tại Lotteria Với Nhiều Ưu Đãi Hấp Dẫn Thưởng Thức Gà Rán Mọi Lúc, Mọi Nơi Dù là bữa ăn nhẹ giữa ngày, bữa xế hay khi muốn thưởng thức món gà rán yêu thích, Voucher HS Chicken tại Lotteria đều mang đến sự tiện lợi và tiết kiệm. Chỉ với một voucher, bạn có thể nhanh chóng tận hưởng hương vị gà rán đặc trưng của Lotteria tại bất kỳ cửa hàng nào trong hệ thống. Đặt Voucher Nhanh Trên LifeLink LifeLink giúp bạn mua voucher trực tuyến dễ dàng chỉ trong vài bước. Sau khi sở hữu voucher, bạn có thể sử dụng tại các nhà hàng Lotteria trên toàn quốc và tận hưởng trải nghiệm ẩm thực chất lượng. Ngoài ra, LifeLink còn thường xuyên cập nhật các chương trình ưu đãi mới, giúp khách hàng tiết kiệm hơn trong mỗi lần sử dụng. LifeLink | Voucher không áp dụng hình thức đổi trả/ hủy/ hoàn tiền. Được sử dụng tối đa 5 voucher/ ngày/ hóa đơn. Không áp dụng đổi hàng cho đơn hàng số lượng lớn (theo quy định của Lotteria). Mỗi voucher chỉ được sử dụng 01 lần. Chỉ áp dụng cho một số sản phẩm nhất định. Trong trường hợp sản phẩm được chỉ định không có sẵn, khách hàng có thể lựa chọn các sản phẩm có cùng giá t.rị. Không đổi được ra tiền mặt một phần hoặc toàn bộ. Không hoàn trả hoặc bán lại được. Nếu giá tiền đơn đặt hàng của khách hàng vượt quá giá trị của voucher thì khách hàng phải thanh toán thêm số tiền chênh lệch đó. Voucher không áp dụng cho các chương trình khuyến mãi khác. Khách hàng có trách nhiệm bảo mật thông tin mã thẻ quà tặng sau khi đặt mua. LifeLink sẽ không chịu trách nhiệm hoàn trả các mã thẻ bị mất hoặc ở trạng thái ""đã sử dụng"" với bất kỳ lý do gì. LifeLink sẽ không chịu trách nhiệm đối với chất lượng của sản phẩm được cung cấp cũng như đối với các tranh chấp về sau giữa khách hàng và nhà cung cấp. LifeLink có quyền sửa chữa hoặc thay đổi điều khoản và điều kiện sử dụng mà không thông báo trước. Hotline LifeLink: 1900 2065","//cdn.lifelink.vn/img/s800x400/HS-Chicken_27072026104733.jpg?sign=cNwWQUiuXU7g9WHT4qr1FA","40000.00","38000.00","2026-08-01T00:00:00.000Z","2026-12-31T23:59:59.000Z","2026-08-01T00:00:00.000Z","2026-12-31T23:59:59.000Z","23","13","true","5","on_sale","2026-08-26T00:00:00.000Z","2026-08-26T00:00:00.000Z"
"55bde508-6635-4a0e-ae04-3d805a4b57c2","5e03f083-accf-4dfe-a0d7-15936dc5b6a4","1","E-voucher - Hộp bánh trung thu Trăng Trường Thọ","Mùa Trung Thu là thời điểm những món quà trở thành lời chúc yêu thương, sức khỏe và bình an dành cho gia đình, khách hàng hay đối tác. E-voucher - Hộp bánh trung thu Trăng Trường Thọ được LifeLink giới thiệu như một lựa chọn quà tặng chỉn chu, kết hợp bánh Trung Thu đa dạng cùng các sản phẩm Đông Trùng Hạ Thảo. Lấy cảm hứng từ lời chúc “Trường Thọ”, hộp quà BioFun mang đến sự kết hợp hài hòa giữa hương vị truyền thống và những sản phẩm chăm sóc sức khỏe, tạo nên món quà vừa tinh tế vừa giàu ý nghĩa. BioFun – Tinh hoa vị bánh, gửi trọn lời chúc Trường Thọ Bốn hương vị đặc sắc – Đủ đầy sắc vị mùa trăng Điểm nhấn của E-voucher - Hộp bánh trung thu Trăng Trường Thọ nằm ở sự kết hợp phong phú giữa những dòng bánh mang dấu ấn riêng. Bánh nướng sen Đông Trùng Hạ Thảo mang vị sen thanh nhẹ, kết hợp cùng Đông Trùng Hạ Thảo tạo nên trải nghiệm khác biệt. Bánh nướng sen yến kỳ tử mè đen tiếp tục tạo điểm nhấn với sự hòa quyện của các nguyên liệu, đem đến hương vị hài hòa và tinh tế. Nếu yêu thích sự hiện đại, bánh nướng matira cafe là lựa chọn thú vị với sắc vị cà phê đặc trưng. Trong khi đó, bánh dẻo thập cẩm cao cấp giữ lại nét thân quen của bánh Trung Thu truyền thống, giúp tổng thể hộp quà trở nên cân bằng hơn. Không chỉ có bánh, hộp quà còn đi kèm 1 lọ Đông Trùng Hạ Thảo Sinh Khối Khô 5g và Nước uống Đông Trùng Hạ Thảo BIOK hộp trung 10 gói, góp phần tăng thêm giá trị cho món quà. Hộp quà chỉn chu – Trao lời chúc, gửi tâm ý Bao bì hộp và khay định hình giúp sản phẩm có diện mạo gọn gàng, trang trọng, phù hợp để làm quà biếu trong nhiều dịp. Với gia đình, đây là món quà gửi gắm lời chúc sức khỏe và trường thọ. Với khách hàng, đối tác hay đồng nghiệp, hộp quà thể hiện sự quan tâm và trân trọng một cách tinh tế. LifeLink – Trao quà Trung Thu dễ dàng, kết nối yêu thương LifeLink cung cấp E-voucher - Hộp bánh trung thu Trăng Trường Thọ như một giải pháp quà tặng thuận tiện cho cá nhân và doanh nghiệp. Sự kết hợp giữa bánh Trung Thu, Đông Trùng Hạ Thảo và nước uống BIOK giúp hộp quà vừa đa dạng về trải nghiệm vừa phù hợp với thông điệp chăm sóc và gắn kết. Nếu đang tìm một món quà Trung Thu đẹp mắt, ý nghĩa và khác biệt, E-voucher - Hộp bánh trung thu Trăng Trường Thọ là lựa chọn đáng cân nhắc để gửi trao lời chúc bình an, sức khỏe và trường thọ. LifeLink | Ngày áp dụng: Thứ 2 - Thứ 6 Giờ áp dụng: 9h00 -17h00 Thông tin liên hệ đặt dịch vụ Hotline lifelink (9h00-20h00): 1900 2065 Hotline BioFun: 0355983628 Địa chỉ lấy bánh Số 10 ngõ 102 Trần Phú,Mỗ Lao, Hà Đông, Hà Nội Điều kiện áp dụng: Áp dụng 01 E-Voucher cho 01 hộp Một khách hàng được mua nhiều E-Voucher E-Voucher không có giá trị quy đổi thành tiền mặt, không trả lại tiền thừa. Không áp dụng đồng thời với chương trình khuyến mại khác Giá đã bao gồm VAT, chưa bao gồm phí ship","//cdn.lifelink.vn/img/s800x400/ADD-Trung-Thu-Trang-Truong-Tho_21082026114325.jpg?sign=DGCtPAwXnzfP1qVfNBsqdw","1760400.00","1584000.00","2026-08-01T00:00:00.000Z","2026-12-31T23:59:59.000Z","2026-08-01T00:00:00.000Z","2026-12-31T23:59:59.000Z","60","50","false","1","on_sale","2026-08-26T00:00:00.000Z","2026-08-26T00:00:00.000Z"
"aa183dc2-a0d1-47ea-ad85-418b54bf9f33","5e03f083-accf-4dfe-a0d7-15936dc5b6a4","1","E-voucher - Hộp bánh trung thu Giao Hảo Hữu","Mùa Trung Thu là thời điểm những món quà trở thành lời chúc ý nghĩa dành cho gia đình, bạn bè, khách hàng và đối tác. E-voucher - Hộp bánh trung thu Giao Hảo Hữu được LifeLink giới thiệu như một lựa chọn quà tặng chỉn chu, kết hợp hương vị bánh Trung Thu đa dạng cùng Rượu Đông Trùng Hạ Thảo 700ml Standard. Mang tinh thần “Giao Hảo Hữu” – trân trọng tình thân, gắn kết bằng những điều tốt đẹp, hộp quà là sự hòa quyện giữa nét truyền thống và phong cách quà tặng hiện đại. BioFun – Tinh hoa hương vị, trọn vẹn mùa đoàn viên Đa dạng hương vị – Mỗi chiếc bánh, một sắc vị Trung Thu Điểm nhấn của E-voucher - Hộp bánh trung thu Giao Hảo Hữu là sự kết hợp của nhiều hương vị đặc sắc: Bánh nướng thập cẩm đặc biệt trứng – đậm đà, tròn vị truyền thống. Bánh nướng sen trà ô long trứng – thanh tao, tinh tế với hương sen và trà. Bánh nướng mơ tây – mới lạ, tạo điểm nhấn thú vị cho hộp quà. Bánh dẻo cốm dừa – mềm dẻo, ngọt dịu, gợi nét thân quen của mùa trăng. Rượu Đông Trùng Hạ Thảo 700ml Standard – điểm nhấn giúp hộp quà thêm sang trọng. Sự đa dạng trong từng thành phần giúp người nhận có thể khám phá nhiều cung bậc hương vị, biến mỗi lần thưởng thức thành một khoảnh khắc đáng nhớ. Thiết kế trang trọng – Trao quà đẹp, gửi tâm ý sâu Bao bì hộp và khay định hình được hoàn thiện đồng bộ, tạo nên tổng thể gọn gàng, sang trọng và phù hợp cho nhiều mục đích trao tặng. Dù là quà dành cho ông bà, cha mẹ, người thân hay lời tri ân gửi đến khách hàng, đồng nghiệp và đối tác, E-voucher - Hộp bánh trung thu Giao Hảo Hữu đều giúp người tặng thể hiện sự quan tâm theo cách tinh tế. LifeLink – Quà Trung Thu chỉn chu, trao gửi thật dễ dàng LifeLink mang đến E-voucher - Hộp bánh trung thu Giao Hảo Hữu như một giải pháp quà tặng tiện lợi cho cả cá nhân và doanh nghiệp. Một hộp quà đủ đầy hương vị, đẹp mắt về hình thức và giàu giá trị kết nối. Trung Thu không chỉ là mùa của bánh và trăng, mà còn là mùa của đoàn viên và sẻ chia. Một món quà được lựa chọn bằng sự chân thành sẽ giúp lời chúc trở nên đáng nhớ hơn. LifeLink | Ngày áp dụng: Thứ 2 - Thứ 6 Giờ áp dụng: 9h00 -17h00 Thông tin liên hệ đặt dịch vụ Hotline lifelink (9h00-20h00): 1900 2065 Hotline BioFun: 0355983628 Địa chỉ lấy bánh Số 10 ngõ 102 Trần Phú,Mỗ Lao, Hà Đông, Hà Nội Điều kiện áp dụng: Áp dụng 01 E-Voucher cho 01 hộp Một khách hàng được mua nhiều E-Voucher E-Voucher không có giá trị quy đổi thành tiền mặt, không trả lại tiền thừa. Không áp dụng đồng thời với chương trình khuyến mại khác Giá đã bao gồm VAT, chưa bao gồm phí ship","//cdn.lifelink.vn/img/s800x400/ADD-Giao-Hao-Huu_21082026113751.jpg?sign=WziBpYPmyALjGsT2DxLBBw","1522800.00","1370000.00","2026-08-01T00:00:00.000Z","2026-12-31T23:59:59.000Z","2026-08-01T00:00:00.000Z","2026-12-31T23:59:59.000Z","24","14","true","2","on_sale","2026-08-26T00:00:00.000Z","2026-08-26T00:00:00.000Z"
"fce0e14e-5fed-42ba-98a4-949813031b11","5e03f083-accf-4dfe-a0d7-15936dc5b6a4","1","E-voucher - Hộp bánh trung thu Trăng Tinh Hoa","Mùa Trung Thu là dịp để những món quà thay lời yêu thương, gửi gắm sự trân trọng và những lời chúc tốt đẹp đến người thân, bạn bè, khách hàng hay đối tác. E-voucher - Hộp bánh trung thu Trăng Tinh Hoa được LifeLink giới thiệu như một lựa chọn quà tặng chỉn chu, kết hợp hương vị bánh Trung Thu đặc sắc cùng các sản phẩm Đông Trùng Hạ Thảo. Mang tên gọi “Tinh Hoa”, hộp quà là sự hòa quyện giữa nét truyền thống của bánh Trung Thu và những sản phẩm hiện đại, tạo nên một lựa chọn quà tặng vừa đẹp mắt, vừa phù hợp với không khí đoàn viên. Thương hiệu BioFun – Tinh hoa hương vị, trọn vẹn quà Trung Thu Bánh Trung Thu truyền thống kết hợp nét tinh tế hiện đại Điểm nổi bật của E-voucher - Hộp bánh trung thu Trăng Tinh Hoa nằm ở cách kết hợp hài hòa giữa những hương vị quen thuộc của mùa trăng với sản phẩm Đông Trùng Hạ Thảo. Hộp quà gồm hai dòng bánh nướng mang phong vị khác nhau, đem đến trải nghiệm thưởng thức đa dạng và hấp dẫn. Bánh nướng sen Đông Trùng Hạ Thảo là điểm nhấn đặc biệt của hộp quà. Hương vị sen vốn gắn liền với sự thanh tao, nhẹ nhàng, khi kết hợp cùng Đông Trùng Hạ Thảo tạo nên một lựa chọn khác biệt, phù hợp với những người yêu thích sự mới mẻ nhưng vẫn muốn giữ nét truyền thống trong món quà Trung Thu. Bên cạnh đó, bánh nướng thập cẩm đặc biệt trứng mang đến hương vị quen thuộc của mùa đoàn viên. Phần bánh và nhân tạo nên cảm giác đậm đà, gợi nhớ những buổi sum họp gia đình bên tách trà và ánh trăng. Thiết kế chỉn chu – Món quà nổi bật trong mọi dịp trao tặng Không chỉ chú trọng vào thành phần bên trong, E-voucher - Hộp bánh trung thu Trăng Tinh Hoa còn được hoàn thiện với bao bì hộp và khay định hình. Thiết kế đồng bộ giúp tổng thể sản phẩm trở nên gọn gàng, trang trọng và phù hợp khi sử dụng làm quà biếu. Một hộp quà Trung Thu đẹp không chỉ tạo ấn tượng ngay từ ánh nhìn đầu tiên mà còn góp phần thể hiện sự trân trọng của người tặng. Vì vậy, sản phẩm phù hợp để trao gửi đến nhiều đối tượng, từ ông bà, cha mẹ, người thân đến bạn bè, đồng nghiệp, khách hàng và đối tác. Đặc biệt, với doanh nghiệp, một hộp quà được lựa chọn chỉn chu có thể trở thành món quà tri ân ý nghĩa trong mùa Trung Thu. Đây cũng là dịp để doanh nghiệp duy trì mối quan hệ với khách hàng, đối tác và lan tỏa hình ảnh thương hiệu theo cách gần gũi hơn. LifeLink – Giải pháp quà Trung Thu tiện lợi, trao gửi trọn tâm ý LifeLink cung cấp E-voucher - Hộp bánh trung thu Trăng Tinh Hoa nhằm mang đến lựa chọn quà tặng thuận tiện cho cả khách hàng cá nhân và doanh nghiệp. Với sự kết hợp giữa bánh Trung Thu, sản phẩm Đông Trùng Hạ Thảo và thiết kế hộp chỉn chu, khách hàng có thể dễ dàng lựa chọn món quà phù hợp cho từng dịp trao tặng. Đối với gia đình, đây là món quà để cùng thưởng bánh, trò chuyện và tận hưởng những khoảnh khắc đoàn viên. Với bạn bè, đồng nghiệp, sản phẩm là lời chúc thân tình nhân dịp Trung Thu. Còn với khách hàng và đối tác, hộp quà là cách thể hiện sự tri ân và trân trọng một cách tinh tế. Đừng bỏ lỡ cơ hội trao tặng một món quà Trung Thu tinh tế và giàu ý nghĩa. Đặt E-voucher - Hộp bánh trung thu Trăng Tinh Hoa tại LifeLink ngay hôm nay để mùa đoàn viên thêm trọn vị và đáng nhớ! LifeLink | Ngày áp dụng: Thứ 2 - Thứ 6 Giờ áp dụng: 9h00 -17h00 Thông tin liên hệ đặt dịch vụ Hotline lifelink (9h00-20h00): 1900 2065 Hotline BioFun: 0355983628 Địa chỉ lấy bánh Số 10 ngõ 102 Trần Phú,Mỗ Lao, Hà Đông, Hà Nội Điều kiện áp dụng: Áp dụng 01 E-Voucher cho 01 hộp Một khách hàng được mua nhiều E-Voucher E-Voucher không có giá trị quy đổi thành tiền mặt, không trả lại tiền thừa. Không áp dụng đồng thời với chương trình khuyến mại khác Giá đã bao gồm VAT, chưa bao gồm phí ship","//cdn.lifelink.vn/img/s800x400/ADD-Trang-Tinh-Hoa_21082026110447.jpg?sign=XAkzQt0JzYc6Tjp70eCJcw","793800.00","714000.00","2026-08-01T00:00:00.000Z","2026-12-31T23:59:59.000Z","2026-08-01T00:00:00.000Z","2026-12-31T23:59:59.000Z","57","47","true","3","on_sale","2026-08-26T00:00:00.000Z","2026-08-26T00:00:00.000Z"
"00b7e4fc-6eb9-4ebe-b1db-9d96d5a08279","5e03f083-accf-4dfe-a0d7-15936dc5b6a4","1","E-voucher - Hộp bánh trung thu Trăng Cát Tường","Trung Thu là mùa của đoàn viên, của những cuộc gặp gỡ và những lời chúc tốt đẹp được trao gửi bằng những món quà ý nghĩa. E-voucher - Hộp bánh trung thu Trăng Cát Tường được LifeLink giới thiệu như một lựa chọn quà tặng tinh tế, kết hợp hương vị bánh dẻo truyền thống với sản phẩm Đông Trùng Hạ Thảo BioFun. Mang thông điệp cát tường, may mắn và viên mãn, hộp quà phù hợp để dành tặng gia đình, người thân, bạn bè, khách hàng, đối tác hoặc nhân viên trong dịp Trung Thu. Thương hiệu BioFun – Hộp quà Trung Thu mang thông điệp cát tường Hòa quyện vị bánh dẻo truyền thống cùng món quà tinh tế Điểm nhấn của E-voucher - Hộp bánh trung thu Trăng Cát Tường đến từ sự kết hợp giữa hai hương vị bánh dẻo và Đông Trùng Hạ Thảo Sinh Khối Tươi Ngâm Mật Ong BioFun. Mỗi thành phần góp phần tạo nên một hộp quà vừa phù hợp với không khí Trung Thu, vừa thể hiện sự quan tâm của người tặng. Bánh dẻo thập cẩm cao cấp mang đến phong vị quen thuộc của mùa trăng với phần nhân đa dạng, hài hòa. Trong khi đó, bánh dẻo cốm dừa tạo điểm nhấn nhẹ nhàng hơn với hương thơm đặc trưng, gợi lên cảm giác thanh dịu và gần gũi. Đặc biệt, hộp quà đi kèm 1 hộp Đông Trùng Hạ Thảo Sinh Khối Tươi Ngâm Mật Ong BioFun, giúp món quà trở nên phong phú và khác biệt so với những hộp bánh Trung Thu thông thường. Sự kết hợp này cũng tạo nên thông điệp đẹp về sự quan tâm, trân trọng và lời chúc tốt lành dành cho người nhận. Tên gọi “Trăng Cát Tường” càng làm nổi bật ý nghĩa của sản phẩm. Trong văn hóa quà tặng Trung Thu, một món quà mang lời chúc cát tường có thể thay người tặng gửi gắm mong ước về niềm vui, may mắn, bình an và những điều thuận lợi đến người thân, bạn bè hoặc đối tác. Thiết kế chỉn chu – Nâng tầm món quà trao tặng Không chỉ chú trọng vào thành phần bên trong, E-voucher - Hộp bánh trung thu Trăng Cát Tường còn được hoàn thiện với bao bì hộp và khay định hình, tạo nên tổng thể gọn gàng, trang trọng khi trao tặng. Thiết kế hộp quà chỉn chu giúp sản phẩm phù hợp với nhiều nhu cầu khác nhau. Với gia đình, đây là món quà để cùng nhau thưởng bánh, trò chuyện và tận hưởng không khí đoàn viên. Với doanh nghiệp, hộp quà có thể trở thành món quà tri ân dành cho khách hàng, đối tác hoặc đội ngũ nhân viên. Một hộp quà Trung Thu được lựa chọn cẩn thận không chỉ mang đến giá trị thưởng thức mà còn giúp người nhận cảm nhận được sự trân trọng. Đây chính là yếu tố khiến Trăng Cát Tường trở thành một gợi ý đáng cân nhắc cho mùa Trung Thu. LifeLink – Trao quà Trung Thu dễ dàng, gửi trọn tâm ý LifeLink cung cấp E-voucher - Hộp bánh trung thu Trăng Cát Tường nhằm mang đến giải pháp quà tặng tiện lợi, phù hợp cho cả khách hàng cá nhân và doanh nghiệp. Thay vì lựa chọn nhiều sản phẩm riêng lẻ, người tặng có thể trao một hộp quà được kết hợp hài hòa giữa bánh Trung Thu và sản phẩm BioFun. Đối với người thân, hộp quà là lời chúc đoàn viên và yêu thương. Với bạn bè, đồng nghiệp, đây là món quà thể hiện sự quan tâm trong dịp đặc biệt. Với khách hàng và đối tác, sản phẩm giúp doanh nghiệp gửi lời tri ân một cách lịch sự, trang trọng và giàu ý nghĩa. Đặc biệt, thông điệp “Cát Tường” mang sắc thái tích cực, phù hợp để gửi lời chúc tốt đẹp trong mùa trăng. Từ hương vị bánh dẻo đến thiết kế hộp, mỗi chi tiết đều góp phần tạo nên một món quà Trung Thu vừa đẹp mắt vừa giàu giá trị tinh thần. Nếu bạn đang tìm kiếm một hộp quà Trung Thu kết hợp giữa hương vị truyền thống, sản phẩm BioFun và hình thức chỉn chu, E-voucher - Hộp bánh trung thu Trăng Cát Tường là lựa chọn đáng để cân nhắc. LifeLink | Ngày áp dụng: Thứ 2 - Thứ 6 Giờ áp dụng: 9h00 -17h00 Thông tin liên hệ đặt dịch vụ Hotline lifelink (9h00-20h00): 1900 2065 Hotline BioFun: 0355983628 Địa chỉ lấy bánh Số 10 ngõ 102 Trần Phú,Mỗ Lao, Hà Đông, Hà Nội Điều kiện áp dụng: Áp dụng 01 E-Voucher cho 01 hộp Một khách hàng được mua nhiều E-Voucher E-Voucher không có giá trị quy đổi thành tiền mặt, không trả lại tiền thừa. Không áp dụng đồng thời với chương trình khuyến mại khác Giá đã bao gồm VAT, chưa bao gồm phí ship","//cdn.lifelink.vn/img/s800x400/Set-Trang-Cat-Tuong_21082026104056.jpg?sign=Mkdsk6JI8qVFxvisRqzwkw","669600.00","603000.00","2026-08-01T00:00:00.000Z","2026-12-31T23:59:59.000Z","2026-08-01T00:00:00.000Z","2026-12-31T23:59:59.000Z","56","46","true","3","on_sale","2026-08-26T00:00:00.000Z","2026-08-26T00:00:00.000Z"
"6c5a7732-9c1e-49cf-a803-041d0c420b3c","5e03f083-accf-4dfe-a0d7-15936dc5b6a4","1","E-voucher - Hộp bánh trung thu Trăng Bình An","Mùa Trung Thu là thời điểm lý tưởng để trao gửi yêu thương, vun đắp tình thân và gửi đến những người quan trọng những lời chúc tốt đẹp. E-voucher - Hộp bánh trung thu Trăng Bình An là lựa chọn quà tặng tinh tế được LifeLink giới thiệu, kết hợp hương vị bánh Trung Thu truyền thống cùng trà Đông trùng hạ Thảo BioFun trong một thiết kế chỉn chu. Không chỉ mang đến những phút giây thưởng thức trọn vị, hộp quà còn truyền tải thông điệp về bình an, đoàn viên và gắn kết, phù hợp để dành tặng gia đình, bạn bè, đồng nghiệp, khách hàng hay đối tác trong dịp Trung Thu. Thương hiệu BioFun – Trọn vị Trung Thu, trọn lời chúc bình an Hộp quà Trăng Bình An kết hợp hương vị truyền thống và nét thanh tao Điểm nổi bật của E-voucher - Hộp bánh trung thu Trăng Bình An nằm ở sự kết hợp hài hòa giữa bánh Trung Thu và trà Đông trùng hạ Thảo BioFun. Hộp quà gồm hai hương vị bánh nướng khác nhau, mang đến trải nghiệm thưởng thức đa dạng cho người nhận. Bánh nướng thập cẩm đặc biệt trứng mang phong vị truyền thống với phần nhân đậm đà, gợi nhớ những mùa Trung Thu sum vầy bên gia đình. Trong khi đó, bánh nướng sen trà ô long trứng đem đến một sắc thái nhẹ nhàng hơn, kết hợp hương sen cùng trà ô long để tạo nên dư vị thanh tao. Không dừng lại ở bánh, sản phẩm còn có hộp trà Đông trùng hạ Thảo BioFun 20 gói. Thành phần này giúp hộp quà trở nên phong phú hơn, đồng thời mang đến một lựa chọn thưởng trà tiện lợi sau những buổi sum họp hoặc trò chuyện cùng người thân, bạn bè. Sự kết hợp giữa bánh và trà tạo nên một món quà vừa mang đậm không khí Trung Thu, vừa thể hiện sự quan tâm của người tặng. Đây cũng là cách để những lời chúc về một mùa trăng an lành, đủ đầy và bình yên được gửi đi một cách tinh tế. Thiết kế chỉn chu – Cá nhân hóa dấu ấn thương hiệu Bên cạnh chất lượng sản phẩm bên trong, hình thức hộp quà cũng là yếu tố tạo nên giá trị của E-voucher - Hộp bánh trung thu Trăng Bình An. Bao bì hộp cùng khay định hình được thiết kế đồng bộ, giúp tổng thể món quà trở nên gọn gàng, trang trọng và thuận tiện khi trao tặng. Đặc biệt, sản phẩm có thể in logo thương hiệu chuyên biệt, rất phù hợp với nhu cầu quà tặng doanh nghiệp. Doanh nghiệp có thể sử dụng hộp quà như một cách gửi lời tri ân đến khách hàng, đối tác hoặc nhân viên, đồng thời khéo léo tạo dấu ấn thương hiệu trong dịp Trung Thu. LifeLink – Dễ dàng lựa chọn quà Trung Thu, trao gửi yêu thương LifeLink cung cấp E-voucher - Hộp bánh trung thu Trăng Bình An nhằm mang đến giải pháp quà tặng tiện lợi cho cả khách hàng cá nhân và doanh nghiệp. Với một sản phẩm được chuẩn bị chỉn chu từ hương vị bánh, trà đi kèm đến bao bì, khách hàng có thể dễ dàng lựa chọn món quà phù hợp cho nhiều đối tượng nhận. Hãy để mùa trăng năm nay thêm trọn vẹn với một món quà được chuẩn bị bằng sự tinh tế và chân thành. Đặt E-voucher - Hộp bánh trung thu Trăng Bình An tại LifeLink ngay hôm nay để trao gửi vị ngon và những lời chúc bình an đến người bạn trân quý! LifeLink | Ngày áp dụng: Thứ 2 - Thứ 6 Giờ áp dụng: 9h00 -17h00 Thông tin liên hệ đặt dịch vụ Hotline lifelink (9h00-20h00): 1900 2065 Hotline BioFun: 0355983628 Địa chỉ lấy bánh Số 10 ngõ 102 Trần Phú,Mỗ Lao, Hà Đông, Hà Nội Điều kiện áp dụng: Áp dụng 01 E-Voucher cho 01 hộp Một khách hàng được mua nhiều E-Voucher E-Voucher không có giá trị quy đổi thành tiền mặt, không trả lại tiền thừa. Không áp dụng đồng thời với chương trình khuyến mại khác Giá đã bao gồm VAT, chưa bao gồm phí ship","//cdn.lifelink.vn/img/s800x400/ADD-Trang-Binh-An_21082026103954.jpg?sign=AkPKsZpVudCoT2fYAZ3_5w","810000.00","729000.00","2026-08-01T00:00:00.000Z","2026-12-31T23:59:59.000Z","2026-08-01T00:00:00.000Z","2026-12-31T23:59:59.000Z","89","79","true","3","on_sale","2026-08-26T00:00:00.000Z","2026-08-26T00:00:00.000Z"
"648b4405-9645-434c-b917-beb364927c34","5e03f083-accf-4dfe-a0d7-15936dc5b6a4","1","Evoucher Hộp quà trung thu Thanh Liên Thưởng Lãm II 2026 phiên bản hộp xếp 2 cánh cửa cao cấp - Combo 6 bánh","LifeLink giới thiệu Evoucher Hộp quà trung thu Thanh Liên Thưởng Lãm II 2026 phiên bản hộp xếp 2 cánh cửa cao cấp - Combo 6 bánh, một lựa chọn quà tặng được thiết kế dành cho những ai đang tìm kiếm món quà Trung Thu vừa sang trọng về hình thức, vừa giàu ý nghĩa về thông điệp. Lấy cảm hứng từ vẻ đẹp của hoa sen kết hợp nghệ thuật sơn thủy phương Đông, “Thanh Liên Thưởng Lãm II” tái hiện một không gian thanh bình với núi non trùng điệp, dòng nước uốn lượn, những đóa sen khoe sắc và hình ảnh con người quây quần thưởng trà, ngắm cảnh. Không chỉ đơn thuần là một hộp bánh Trung Thu, sản phẩm còn mang đến câu chuyện về sự đoàn viên, hòa hợp, an yên và thịnh vượng – những giá trị đặc biệt phù hợp để doanh nghiệp gửi gắm trong mùa trăng rằm. GIVISTA – Thanh Liên Thưởng Lãm II, món quà mang thông điệp viên mãn và gắn kết Thiết kế lấy cảm hứng từ hoa sen và nghệ thuật sơn thủy Điểm nổi bật đầu tiên của “Thanh Liên Thưởng Lãm II” nằm ở thiết kế giàu chiều sâu và đậm chất nghệ thuật. Sắc vàng thanh lịch kết hợp cùng những chi tiết ép kim vàng 9999 tạo nên diện mạo sang trọng nhưng không quá phô trương. Trên hộp là bức tranh mang cảm hứng sơn thủy với núi non, dòng nước, hoa sen và hình ảnh con người cùng nhau thưởng trà giữa thiên nhiên. Trong văn hóa phương Đông, hoa sen là hình ảnh gắn liền với sự thanh cao, thuần khiết và sức sống bền bỉ. Vì vậy, hình ảnh hoa sen trong thiết kế không chỉ tạo nên vẻ đẹp thẩm mỹ mà còn gửi gắm lời chúc về một cuộc sống an yên, viên mãn và những mối quan hệ ngày càng bền chặt. Thiết kế hộp xếp 2 cánh cửa tạo hiệu ứng mở hộp ấn tượng. Khi hai cánh cửa được mở ra, bố cục nhiều lớp cùng hình ảnh giàu chiều sâu giúp món quà trở nên đặc biệt hơn, biến khoảnh khắc trao và nhận quà thành một trải nghiệm đáng nhớ. Kích thước hộp 36 x 28 x 8 cm vừa tạo không gian trưng bày đẹp mắt, vừa phù hợp để sử dụng trong các dịp biếu tặng trang trọng. Hai lựa chọn combo – Sáu hương vị cho mùa trăng trọn vẹn Không chỉ chú trọng hình thức, Evoucher Hộp quà trung thu Thanh Liên Thưởng Lãm II 2026 phiên bản hộp xếp 2 cánh cửa cao cấp - Combo 6 bánh còn mang đến lựa chọn đa dạng về hương vị. Combo GVS 01 gồm 6 bánh: BTT Thập Cẩm Truyền Thống – 150g, 1 trứng. BTT Thập Cẩm Gà Quay Jambon – 150g, 1 trứng. BTT Sữa Dừa Truyền Thống – 150g, không trứng. BTT Đậu Đỏ Nam Việt Quất – 150g, 1 trứng. BTT Lưu Sa Hoàng Kim – 120g, không trứng. BTT Lưu Sa Socola – 120g, không trứng. Nếu yêu thích những hương vị đặc sắc hơn, khách hàng có thể lựa chọn Combo GVS 02: BTT Thập Cẩm Tôm Hùm Sốt Hồng Kông – 150g, 1 trứng. BTT Thập Cẩm Jambon Bát Bửu – 150g, 1 trứng. BTT Sữa Dừa Truyền Thống – 150g, không trứng. BTT Đậu Đỏ Nam Việt Quất – 150g, 1 trứng. BTT Lưu Sa Hoàng Kim – 120g, không trứng. BTT Lưu Sa Socola – 120g, không trứng. Sự kết hợp giữa các vị bánh truyền thống như thập cẩm, sữa dừa với những hương vị hiện đại như lưu sa socola, đậu đỏ nam việt quất hay tôm hùm sốt Hồng Kông giúp set quà phù hợp với nhiều khẩu vị. Bên cạnh 6 bánh Trung Thu, hộp quà còn đi kèm 1 túi giấy Ivory sang trọng, 1 thiệp Trung Thu và 1 bộ dao nĩa. Các thành phần được chuẩn bị đồng bộ, giúp người tặng không phải mất thêm thời gian tìm kiếm phụ kiện khi chuẩn bị quà. LifeLink – Giải pháp quà tặng Trung Thu doanh nghiệp chỉn chu, đẳng cấp Với doanh nghiệp, một món quà Trung Thu không chỉ thể hiện sự quan tâm mà còn là một phần trong cách xây dựng và duy trì mối quan hệ với khách hàng, đối tác, nhân viên. Một món quà được lựa chọn tinh tế có thể trở thành lời cảm ơn chân thành và góp phần để lại dấu ấn tích cực về thương hiệu. LifeLink cung cấp Evoucher Hộp quà trung thu Thanh Liên Thưởng Lãm II 2026 phiên bản hộp xếp 2 cánh cửa cao cấp - Combo 6 bánh, giúp doanh nghiệp dễ dàng lựa chọn quà tặng cho mùa Trung Thu 2026. LifeLink | Khách hàng áp dụng: Tất cả khách hàng Ngày áp dụng: Thứ 2 - Thứ 6 Giờ áp dụng: 9:00 - 17:00 Số lượng E-Voucher áp dụng: Sử dụng 01 voucher/01 hộp quà. Không giới hạn số lượng voucher/ hóa đơn. Thông tin cách mua hàng HƯỚNG DẪN ĐỔI VOUCHER Bước 1. Khách hàng nhận voucher liên hệ GIVISTA để đổi hộp quà Trung Thu 2026 Hotline/Zalo: 0969117926 Facebook: Tại đây Bước 2. Cung cấp mã voucher để đổi hộp quà Bước 3. Khách hàng thanh toán phí vận chuyển trực tiếp cho đơn vị vận chuyển Lưu ý: Không hỗ trợ khách hàng đổi quà trực tiếp tại cửa hàng Điều kiện khác Một khách hàng được mua nhiều E-Voucher/E-Coupon E-Voucher/E-Coupon không có giá trị quy đổi thành tiền mặt, không trả lại tiền thừa. Không áp dụng đồng thời với chương trình khuyến mại khác Voucher chưa bao gồm phí vận chuyển Hộp quà tặng đến khách hàng.","//cdn.lifelink.vn/img/s800x400/ADD-Thanh-Lien-Thuong-Lam-II-6banh_12082026095120.jpg?sign=tz7ns-d_dqe1u70w9exZrQ","839000.00","710000.00","2026-08-01T00:00:00.000Z","2026-12-31T23:59:59.000Z","2026-08-01T00:00:00.000Z","2026-12-31T23:59:59.000Z","45","35","true","3","on_sale","2026-08-26T00:00:00.000Z","2026-08-26T00:00:00.000Z"
"3b628941-dd09-415d-983d-ac741d52ba31","5e03f083-accf-4dfe-a0d7-15936dc5b6a4","1","Evoucher Hộp quà trung thu Lam Tước Vọng Nguyệt 2026 hộp 2 tầng cao cấp 2 cánh ép kim vàng - Combo 4 bánh và trà","Evoucher Hộp quà trung thu Lam Tước Vọng Nguyệt 2026 hộp 2 tầng cao cấp 2 cánh ép kim vàng - Combo 4 bánh và trà là lựa chọn quà tặng Trung Thu sang trọng, kết hợp 4 bánh Trung Thu, trà lài thượng hạng và thiết kế hộp 2 tầng ép kim vàng 9999. Sản phẩm phù hợp biếu tặng gia đình, khách hàng, đối tác và những người thân yêu trong dịp Trung Thu 2026. Lam Tước Vọng Nguyệt 2026 hộp 2 tầng cao cấp 2 cánh ép kim vàng Lam Tước Vọng Nguyệt – Món quà Trung Thu sang trọng và tinh tế Trung Thu là dịp để trao gửi những lời chúc tốt đẹp và vun đắp tình thân. Hộp quà Lam Tước Vọng Nguyệt gây ấn tượng với thiết kế 2 tầng cao cấp, 2 cánh ép kim vàng 9999 cùng 4 bánh Trung Thu với nhiều lựa chọn hương vị. Khách hàng được lựa chọn một trong hai combo GVS. Combo 01 gồm Thập Cẩm Truyền Thống, Thập Cẩm Gà Quay Jambon, Lưu Sa Hoàng Kim và Lưu Sa Socola. Combo 02 nổi bật với Thập Cẩm Tôm Hùm Sốt Hong Kong, Thập Cẩm Bào Ngư & Sò Điệp Sốt XO, Cốm Dừa và Đậu Xanh Hạt Chia. Combo 4 bánh và trà Bên cạnh bánh, hộp quà còn có trà lài thượng hạng, thiệp Trung Thu, túi giấy Ivory và bộ dao nĩa, tạo nên một set quà hoàn chỉnh, thuận tiện để trao tặng. Combo GVS 01 mang đến sự cân bằng giữa truyền thống và hiện đại với: BTT Thập Cẩm Truyền Thống – 150g, 1 trứng. BTT Thập Cẩm Gà Quay Jambon – 150g, 1 trứng. BTT Lưu Sa Hoàng Kim – 120g, không trứng. BTT Lưu Sa Socola – 120g, không trứng. Trong khi đó, Combo GVS 02 tạo điểm nhấn với những hương vị cao cấp và độc đáo: BTT Thập Cẩm Tôm Hùm Sốt Hong Kong – 150g, 1 trứng. BTT Thập Cẩm Bào Ngư & Sò Điệp Sốt XO – 150g, 1 trứng. BTT Cốm Dừa – 150g, không trứng. BTT Đậu Xanh Hạt Chia – 150g, 1 trứng. Không chỉ có bánh, hộp quà còn được kết hợp 1 trà lài thượng hạng, giúp người nhận có thể thưởng thức bánh cùng một thức uống thanh nhẹ, tạo nên trải nghiệm Trung Thu trọn vẹn hơn. Bên cạnh đó, sản phẩm đi kèm 1 túi giấy Ivory sang trọng, 1 thiệp Trung Thu và 1 bộ dao nĩa, giúp món quà hoàn thiện từ hình thức đến công năng. Người tặng có thể gửi gắm lời chúc riêng qua thiệp, đồng thời người nhận có đầy đủ phụ kiện cần thiết để thưởng thức bánh. Với sự kết hợp giữa thiết kế cao cấp, đa dạng hương vị và các phụ kiện đi kèm, Lam Tước Vọng Nguyệt hướng đến hình ảnh một món quà Trung Thu vừa đẹp mắt vừa giàu giá trị tinh thần. LifeLink – Trao quà Trung Thu dễ dàng, gửi trọn thành ý Mỗi món quà Trung Thu đều mang theo một thông điệp riêng. Nếu quà tặng dành cho gia đình là lời chúc đoàn viên, thì quà tặng dành cho đối tác hay khách hàng lại thể hiện sự trân trọng và mong muốn duy trì mối quan hệ tốt đẹp. Vì vậy, lựa chọn một hộp quà có thiết kế chỉn chu, sản phẩm chất lượng và hình thức sang trọng luôn là ưu tiên hàng đầu. LifeLink cung cấp Evoucher Hộp quà trung thu Lam Tước Vọng Nguyệt 2026 hộp 2 tầng cao cấp 2 cánh ép kim vàng - Combo 4 bánh và trà, mang đến giải pháp quà tặng tiện lợi cho mùa Trung Thu 2026. Thay vì mất nhiều thời gian tìm kiếm và chuẩn bị từng thành phần, khách hàng có thể lựa chọn một set quà được thiết kế đồng bộ, từ hộp quà, bánh Trung Thu, trà đến thiệp và túi giấy. LifeLink | Khách hàng áp dụng: Tất cả khách hàng Ngày áp dụng: Thứ 2 - Thứ 6 Giờ áp dụng: 9:00 - 17:00 Số lượng E-Voucher áp dụng: Sử dụng 01 voucher/01 hộp quà. Không giới hạn số lượng voucher/ hóa đơn. Thông tin cách mua hàng HƯỚNG DẪN ĐỔI VOUCHER Bước 1. Khách hàng nhận voucher liên hệ GIVISTA để đổi hộp quà Trung Thu 2026 Hotline/Zalo: 0969117926 Facebook: Tại đây Bước 2. Cung cấp mã voucher để đổi hộp quà Bước 3. Khách hàng thanh toán phí vận chuyển trực tiếp cho đơn vị vận chuyển Lưu ý: Không hỗ trợ khách hàng đổi quà trực tiếp tại cửa hàng Điều kiện khác Một khách hàng được mua nhiều E-Voucher/E-Coupon E-Voucher/E-Coupon không có giá trị quy đổi thành tiền mặt, không trả lại tiền thừa. Không áp dụng đồng thời với chương trình khuyến mại khác Voucher chưa bao gồm phí vận chuyển Hộp quà tặng đến khách hàng.","//cdn.lifelink.vn/img/s800x400/ADD-Lam-Tuoc-Vong-Nguyet_12082026090237.jpg?sign=QXRHT6joIXyuRRMqww03zQ","1299000.00","1100000.00","2026-08-01T00:00:00.000Z","2026-12-31T23:59:59.000Z","2026-08-01T00:00:00.000Z","2026-12-31T23:59:59.000Z","17","7","true","2","on_sale","2026-08-26T00:00:00.000Z","2026-08-26T00:00:00.000Z"
"fe4dc54d-fa0a-41ab-b612-c74d64845dfe","5e03f083-accf-4dfe-a0d7-15936dc5b6a4","1","Evoucher Hộp quà trung thu Cửu Hạc Chi Phúc 2026 phiên bản 2 tầng hiệu ứng 3D cao cấp - Combo 4 bánh và trà","Giữa vô vàn lựa chọn quà tặng Trung Thu, một món quà được đầu tư chỉn chu sẽ giúp doanh nghiệp thể hiện sự trân trọng và tạo dấu ấn sâu sắc với người nhận. Evoucher Hộp quà trung thu Cửu Hạc Chi Phúc 2026 phiên bản 2 tầng hiệu ứng 3D cao cấp - Combo 4 bánh và trà tại LifeLink nổi bật với thiết kế 2 tầng độc đáo, hiệu ứng 3D sống động và hình tượng chín cánh hạc vàng mang nhiều ý nghĩa tốt đẹp. Cửu Hạc Chi Phúc 2026 – Biểu tượng chín hạc vàng, gửi trao phúc lành Thiết kế 2 tầng hiệu ứng 3D – Khoảnh khắc mở quà đầy ấn tượng Trong mùa quà tặng Trung Thu 2026, GIVISTA giới thiệu Cửu Hạc Chi Phúc – mẫu hộp quà được thiết kế dành cho những doanh nghiệp muốn tạo dấu ấn khác biệt trong từng món quà trao gửi. Lấy sắc xanh lục ngọc làm gam màu chủ đạo, hộp quà mang vẻ đẹp sang trọng, thanh lịch và đầy chiều sâu. Điểm nhấn nổi bật đến từ kỹ nghệ ép kim vàng 9999, tạo nên sự tương phản tinh tế giữa nền xanh và những đường nét ánh kim. Đặc biệt, cấu trúc 2 tầng hiệu ứng Popup 3D mang đến trải nghiệm mở hộp đầy bất ngờ. Khi nắp hộp được mở ra, hình ảnh chín cánh hạc vàng vút bay quanh vầng trăng rằm hiện lên sống động, tạo nên một khoảnh khắc thị giác ấn tượng. Hình tượng hạc từ lâu thường gợi liên tưởng đến sự thanh cao, trường tồn, may mắn và những điều tốt đẹp. Khi được kết hợp cùng ánh trăng và sắc vàng, hình ảnh chín cánh hạc trong Cửu Hạc Chi Phúc càng làm nổi bật thông điệp về phúc lành, thịnh vượng và sự phát triển bền vững. Hai combo bánh Trung Thu – Đa dạng lựa chọn, trọn vẹn hương vị Không chỉ gây ấn tượng bởi thiết kế, Cửu Hạc Chi Phúc còn mang đến hai lựa chọn combo bánh để đáp ứng đa dạng nhu cầu tặng quà của doanh nghiệp. COMBO GVS 01 gồm: BTT Thập Cẩm Tôm Hùm Sốt Hồng Kông – 150g, 1 trứng. BTT Thập Cẩm Jambon Bát Bửu – 150g, 1 trứng. BTT Cốm Dừa – 150g, 0 trứng. BTT Đậu Đỏ Nam Việt Quất – 150g, 1 trứng. COMBO GVS 02 gồm: BTT Thập Cẩm Tôm Hùm Sốt Hồng Kông – 150g, 1 trứng. BTT Thập Cẩm Jambon Bát Bửu – 150g, 1 trứng. BTT Hạt Sen Hạt Dưa – 150g, 1 trứng. BTT Khoai Môn Trứng Muối – 150g, 1 trứng. Mỗi hộp quà còn đi kèm 1 trà lài thượng hạng, giúp cân bằng vị giác khi thưởng thức bánh; 1 túi giấy Ivory sang trọng, 1 thiệp Trung Thu và 1 bộ dao nĩa. Tất cả tạo nên một set quà hoàn chỉnh, thuận tiện để doanh nghiệp trao tặng trực tiếp đến khách hàng, đối tác hoặc nhân viên. Sự đa dạng trong hai combo cũng giúp doanh nghiệp dễ dàng lựa chọn hương vị phù hợp với từng nhóm người nhận, đồng thời vẫn giữ được sự đồng nhất về hình thức và thông điệp quà tặng. LifeLink – Trao quà Trung Thu cao cấp, vun đắp kết nối doanh nghiệp LifeLink cung cấp các sản phẩm Evoucher đa dạng, mang đến giải pháp thuận tiện cho khách hàng khi lựa chọn quà tặng trong những dịp đặc biệt. Với Evoucher Hộp quà trung thu Cửu Hạc Chi Phúc 2026 phiên bản 2 tầng hiệu ứng 3D cao cấp - Combo 4 bánh và trà, LifeLink giới thiệu một món quà hội tụ giữa giá trị thưởng thức, thẩm mỹ và thông điệp tri ân. Sản phẩm đặc biệt phù hợp với doanh nghiệp đang tìm kiếm quà Trung Thu dành cho đối tác, khách hàng, nhân viên hoặc những cá nhân quan trọng đã đồng hành trong hành trình phát triển. Một món quà được chuẩn bị kỹ lưỡng không chỉ thể hiện sự chuyên nghiệp của doanh nghiệp mà còn giúp người nhận cảm nhận được sự quan tâm và trân trọng. Cửu Hạc Chi Phúc với diện mạo nổi bật và câu chuyện giàu ý nghĩa chính là cách để doanh nghiệp tạo nên một điểm chạm cảm xúc trong mùa Trung Thu. LifeLink | Khách hàng áp dụng: Tất cả khách hàng Ngày áp dụng: Thứ 2 - Thứ 6 Giờ áp dụng: 9:00 - 17:00 Số lượng E-Voucher áp dụng: Sử dụng 01 voucher/01 hộp quà. Không giới hạn số lượng voucher/ hóa đơn. Thông tin cách mua hàng HƯỚNG DẪN ĐỔI VOUCHER Bước 1. Khách hàng nhận voucher liên hệ GIVISTA để đổi hộp quà Trung Thu 2026 Hotline/Zalo: 0969117926 Facebook: Tại đây Bước 2. Cung cấp mã voucher để đổi hộp quà Bước 3. Khách hàng thanh toán phí vận chuyển trực tiếp cho đơn vị vận chuyển Lưu ý: Không hỗ trợ khách hàng đổi quà trực tiếp tại cửa hàng Điều kiện khác Một khách hàng được mua nhiều E-Voucher/E-Coupon E-Voucher/E-Coupon không có giá trị quy đổi thành tiền mặt, không trả lại tiền thừa. Không áp dụng đồng thời với chương trình khuyến mại khác Voucher chưa bao gồm phí vận chuyển Hộp quà tặng đến khách hàng.","//cdn.lifelink.vn/img/s800x400/ADD-Cuu-Hac-Chi-Phuc-4banh_11082026171157.jpg?sign=rChWsmkmykwBirtfqZXOLA","855000.00","720000.00","2026-08-01T00:00:00.000Z","2026-12-31T23:59:59.000Z","2026-08-01T00:00:00.000Z","2026-12-31T23:59:59.000Z","105","95","true","3","on_sale","2026-08-26T00:00:00.000Z","2026-08-26T00:00:00.000Z"
"546e3a24-d167-486d-9860-e165622b420c","5e03f083-accf-4dfe-a0d7-15936dc5b6a4","1","Evoucher Hộp quà Trung Thu Garden Of The Moon 2026 phiên bản hộp Vali Popup 3D cao cấp - Comb 6 bánh","Giữa nhịp sống hiện đại, một món quà được lựa chọn chỉn chu không chỉ thể hiện sự trân trọng mà còn trở thành cầu nối vun đắp những mối quan hệ bền vững. Evoucher Hộp quà Trung Thu Garden Of The Moon 2026 phiên bản Vali Popup 3D cao cấp - Combo 4 bánh và trà tại LifeLink mang đến một lựa chọn quà tặng đầy tinh tế, kết hợp giữa thiết kế nghệ thuật, hương vị Trung Thu đặc sắc và thông điệp về bình an, may mắn, thịnh vượng. Garden Of The Moon 2026 – Khu vườn ánh trăng, nơi hội tụ vẻ đẹp và thành ý Vali Popup 3D cao cấp – Mở ra thế giới Trung Thu đầy thi vị Trong bộ sưu tập quà tặng Trung Thu 2026, GIVISTA giới thiệu Garden Of The Moon – thiết kế lấy cảm hứng từ một khu vườn huyền ảo dưới ánh trăng, nơi vẻ đẹp thiên nhiên hòa quyện cùng không khí đoàn viên. Không chỉ gây ấn tượng bởi diện mạo sang trọng, hộp quà còn gửi gắm lời chúc về một hành trình bình an, thuận lợi, may mắn và thịnh vượng. Khoác lên mình gam xanh đêm sâu lắng, Garden Of The Moon tái hiện khung cảnh một khu vườn tĩnh lặng khi ánh trăng tròn dịu dàng soi sáng. Tổng thể thiết kế mang vẻ thanh lịch, trang nhã nhưng vẫn đủ nổi bật để tạo dấu ấn ngay từ khoảnh khắc đầu tiên.Điểm đặc biệt nằm ở cấu trúc Vali Popup 3D tinh xảo. Khi mở hộp, người nhận như được bước vào một khu vườn thu nhỏ đầy chất thơ với hình ảnh chú hươu giữa những tán cây, vườn hoa và ánh trăng dịu nhẹ. Các chi tiết hoa lá, mây trời và vầng trăng được nhấn nhá bằng kỹ thuật ép kim vàng 9999, tạo chiều sâu thị giác và nâng tầm giá trị nghệ thuật. Hộp có kích thước 38 x 26 x 8,5 cm, kết hợp thiết kế dạng vali tiện lợi với hiệu ứng Popup 3D độc đáo. Đây không chỉ là bao bì chứa bánh mà còn là một phần quan trọng tạo nên trải nghiệm trao và nhận quà đầy bất ngờ. Combo 6 bánh đa dạng – Trọn vị mùa trăng, đủ đầy sẻ chia Phiên bản Combo 6 bánh mang đến sự phong phú về hương vị, phù hợp để người nhận thưởng thức cùng gia đình, bạn bè hoặc đồng nghiệp trong những buổi sum họp mùa Trung Thu. Hộp quà bao gồm: BTT Thập Cẩm Truyền Thống – 150g, 1 trứng. BTT Thập Cẩm Tôm Hùm Sốt Hồng Kông – 150g, 1 trứng. BTT Thập Cẩm Gà Quay Jambon – 150g, 1 trứng. BTT Cốm Dừa – 150g, 0 trứng. BTT Đậu Đỏ Nam Việt Quất – 150g, 1 trứng. BTT Hạt Sen Hạt Dưa – 150g, 1 trứng. Sự kết hợp giữa những hương vị quen thuộc và mới lạ tạo nên hành trình thưởng thức đa dạng. Từ vị thập cẩm truyền thống đậm đà, tôm hùm sốt Hồng Kông đặc sắc, gà quay Jambon đến cốm dừa thanh dịu, đậu đỏ nam việt quất và hạt sen hạt dưa, mỗi chiếc bánh mang đến một sắc thái riêng. LifeLink – Trao quà Trung Thu tinh tế, vun đắp những kết nối bền lâu LifeLink mang đến các sản phẩm Evoucher đa dạng, giúp khách hàng dễ dàng lựa chọn những món quà phù hợp cho từng dịp và từng đối tượng. Với Evoucher Hộp quà Trung Thu Garden Of The Moon 2026 phiên bản Vali Popup 3D cao cấp - Combo 4 bánh và trà, LifeLink giới thiệu một lựa chọn quà tặng mang đậm dấu ấn nghệ thuật và giá trị tinh thần. Sản phẩm đặc biệt phù hợp với doanh nghiệp đang tìm kiếm quà Trung Thu dành cho khách hàng, đối tác, nhân viên hoặc những người đã đồng hành trong hành trình phát triển. Một hộp quà được đầu tư kỹ lưỡng về hình thức và nội dung không chỉ tạo thiện cảm mà còn góp phần thể hiện sự chuyên nghiệp, tinh tế của doanh nghiệp. LifeLink | Khách hàng áp dụng: Tất cả khách hàng Ngày áp dụng: Thứ 2 - Thứ 6 Giờ áp dụng: 9:00 - 17:00 Số lượng E-Voucher áp dụng: Sử dụng 01 voucher/01 hộp quà. Không giới hạn số lượng voucher/ hóa đơn. Thông tin cách mua hàng HƯỚNG DẪN ĐỔI VOUCHER Bước 1. Khách hàng nhận voucher liên hệ GIVISTA để đổi hộp quà Trung Thu 2026 Hotline/Zalo: 0969117926 Facebook: Tại đây Bước 2. Cung cấp mã voucher để đổi hộp quà Bước 3. Khách hàng thanh toán phí vận chuyển trực tiếp cho đơn vị vận chuyển Lưu ý: Không hỗ trợ khách hàng đổi quà trực tiếp tại cửa hàng Điều kiện khác Một khách hàng được mua nhiều E-Voucher/E-Coupon E-Voucher/E-Coupon không có giá trị quy đổi thành tiền mặt, không trả lại tiền thừa. Không áp dụng đồng thời với chương trình khuyến mại khác Voucher chưa bao gồm phí vận chuyển Hộp quà tặng đến khách hàng.","//cdn.lifelink.vn/img/s800x400/ADD-Garden-Of-The-Moon-6banh_11082026163625.jpg?sign=FQmgysrGBMJBdDMeKd-B7w","989000.00","840000.00","2026-08-01T00:00:00.000Z","2026-12-31T23:59:59.000Z","2026-08-01T00:00:00.000Z","2026-12-31T23:59:59.000Z","70","60","true","2","on_sale","2026-08-26T00:00:00.000Z","2026-08-26T00:00:00.000Z"
"9c12c39d-0ae0-4dd7-8e33-5193aad424a2","5e03f083-accf-4dfe-a0d7-15936dc5b6a4","1","Evoucher Hộp quà Trung Thu Garden Of The Moon 2026 phiên bản Vali Popup 3D cao cấp - Combo 4 bánh và trà","Giữa nhịp sống hiện đại, một món quà được lựa chọn tinh tế không chỉ thể hiện sự trân trọng mà còn giúp doanh nghiệp vun đắp những mối quan hệ bền vững. Evoucher Hộp quà Trung Thu Garden Of The Moon 2026 phiên bản Vali Popup 3D cao cấp - Combo 4 bánh và trà tại LifeLink mang đến một lựa chọn quà tặng ấn tượng, kết hợp hài hòa giữa vẻ đẹp nghệ thuật, hương vị Trung Thu và thông điệp về bình an, may mắn, thịnh vượng. Garden Of The Moon 2026 – Khu vườn ánh trăng, nơi trao gửi những điều tốt đẹp Thiết kế Vali Popup 3D cao cấp – Mở ra một khu vườn dưới ánh trăng Lấy cảm hứng từ hình ảnh một khu vườn huyền ảo trong đêm trăng tròn, Garden Of The Moon mang đến cảm giác thanh bình, thư thái ngay từ ánh nhìn đầu tiên. Gam xanh đêm sâu lắng bao phủ tổng thể thiết kế, tạo nên vẻ đẹp sang trọng nhưng không quá phô trương, phù hợp với tinh thần của một món quà Trung Thu cao cấp. Điểm nhấn đặc biệt của hộp quà nằm ở cấu trúc Vali Popup 3D tinh xảo. Khi mở hộp, người nhận như được bước vào một không gian thiên nhiên đầy chất thơ, nơi chú hươu kiêu hãnh dạo bước giữa những tán cây, vườn hoa và ánh trăng dịu nhẹ. Hai lựa chọn combo bánh – Đa dạng hương vị cho mùa Trung Thu Bên trong hộp quà là 4 bánh Trung Thu, khách hàng có thể lựa chọn một trong hai combo với các hương vị đa dạng, phù hợp với nhiều sở thích. Combo GVS 01 gồm: BTT Thập Cẩm Tôm Hùm Sốt Hồng Kông – 150g, 1 trứng. BTT Thập Cẩm Jambon Bát Bửu – 150g, 1 trứng. BTT Hạt Sen Hạt Dưa – 150g, 1 trứng. BTT Khoai Môn Trứng Muối – 150g, 1 trứng. Combo GVS 02 gồm: BTT Thập Cẩm Tôm Hùm Sốt Hồng Kông – 150g, 1 trứng. BTT Thập Cẩm Jambon Bát Bửu – 150g, 1 trứng. BTT Cốm Dừa – 150g, 0 trứng. BTT Đậu Đỏ Nam Việt Quất – 150g, 1 trứng. Bên cạnh bánh Trung Thu, mỗi hộp quà còn được chuẩn bị 1 trà lài thượng hạng, mang đến lựa chọn thưởng trà thanh tao để cân bằng hương vị bánh. Sản phẩm đi kèm 1 túi giấy Ivory sang trọng, 1 thiệp Trung Thu và 1 bộ dao nĩa, tạo nên một set quà hoàn chỉnh, chỉn chu trong từng chi tiết. LifeLink – Quà Trung Thu tinh tế cho những mối quan hệ đáng trân trọng LifeLink mang đến những lựa chọn Evoucher tiện lợi và phù hợp với nhiều nhu cầu quà tặng trong cuộc sống hiện đại. Với Evoucher Hộp quà Trung Thu Garden Of The Moon 2026 phiên bản Vali Popup 3D cao cấp - Combo 4 bánh và trà, khách hàng có thể lựa chọn một món quà vừa đẹp về hình thức, vừa giàu ý nghĩa để dành tặng những người quan trọng. Không chỉ phù hợp với nhu cầu quà tặng cá nhân, Garden Of The Moon còn là gợi ý đáng cân nhắc dành cho doanh nghiệp đang tìm kiếm quà Trung Thu cao cấp dành cho đối tác, khách hàng và nhân viên. Một thiết kế được đầu tư chỉn chu sẽ góp phần thể hiện sự chuyên nghiệp, tinh tế và mức độ trân trọng của doanh nghiệp đối với người nhận. LifeLink | Khách hàng áp dụng: Tất cả khách hàng Ngày áp dụng: Thứ 2 - Thứ 6 Giờ áp dụng: 9:00 - 17:00 Số lượng E-Voucher áp dụng: Sử dụng 01 voucher/01 hộp quà. Không giới hạn số lượng voucher/ hóa đơn. Thông tin cách mua hàng HƯỚNG DẪN ĐỔI VOUCHER Bước 1. Khách hàng nhận voucher liên hệ GIVISTA để đổi hộp quà Trung Thu 2026 Hotline/Zalo: 0969117926 Facebook: Tại đây Bước 2. Cung cấp mã voucher để đổi hộp quà Bước 3. Khách hàng thanh toán phí vận chuyển trực tiếp cho đơn vị vận chuyển Lưu ý: Không hỗ trợ khách hàng đổi quà trực tiếp tại cửa hàng Điều kiện khác Một khách hàng được mua nhiều E-Voucher/E-Coupon E-Voucher/E-Coupon không có giá trị quy đổi thành tiền mặt, không trả lại tiền thừa. Không áp dụng đồng thời với chương trình khuyến mại khác Voucher chưa bao gồm phí vận chuyển Hộp quà tặng đến khách hàng.","//cdn.lifelink.vn/img/s800x400/Garden-of-the-Moon-4banh_11082026160402.jpg?sign=jwEW6xtiNPF--zJOyyOKhQ","699000.00","590000.00","2026-08-01T00:00:00.000Z","2026-12-31T23:59:59.000Z","2026-08-01T00:00:00.000Z","2026-12-31T23:59:59.000Z","80","70","true","3","on_sale","2026-08-26T00:00:00.000Z","2026-08-26T00:00:00.000Z"
"a3c8db8f-9f38-47be-a305-b5203d05f31a","5e03f083-accf-4dfe-a0d7-15936dc5b6a4","1","Evoucher Hộp quà Trung Thu Đồng Lạc I 2026 phiên bản hộp Vai Popup 3D cao cấp - Combo 6 bánh","Một đêm trăng đẹp không chỉ nằm ở ánh trăng, mà còn ở những người cùng ngồi bên nhau, cùng sẻ chia một miếng bánh và một câu chuyện. Từ cảm hứng ấy, Evoucher Hộp quà Trung Thu Đồng Lạc I 2026 phiên bản hộp Vali Popup 3D cao cấp - Combo 6 bánh mang đến một cách trao quà đặc biệt: trao hương vị, trao cảm xúc và trao cả lời chúc về những hành trình đồng hành phía trước. Trung Thu Đồng Lạc I 2026 – Món quà gắn kết, trao gửi thành ý Thiết kế Vali Popup 3D cao cấp – Ấn tượng từ ánh nhìn đầu tiên LifeLink mang đến Evoucher Hộp quà Trung Thu Đồng Lạc I 2026 phiên bản hộp Vali Popup 3D cao cấp - Combo 6 bánh, một lựa chọn quà tặng nổi bật dành cho mùa Trung Thu 2026. Không chỉ đơn thuần là hộp bánh, sản phẩm được chăm chút từ thiết kế bên ngoài đến từng thành phần bên trong, tạo nên một món quà trang trọng và giàu ý nghĩa. Lấy cảm hứng từ không khí rộn ràng của đêm hội trăng rằm, thiết kế Trung Thu Đồng Lạc I tái hiện hình ảnh văn hóa truyền thống với những sắc màu tươi vui, gợi lên tinh thần đoàn viên, sẻ chia và gắn kết. Hiệu ứng Popup 3D khi mở hộp tạo điểm nhấn đặc biệt, mang đến trải nghiệm thú vị và bất ngờ cho người nhận. Hộp quà dạng vali có kích thước 38 x 26 x 8,5 cm, được ép kim vàng 9999, tạo cảm giác sang trọng và nổi bật. Thiết kế này không chỉ giúp bảo quản các sản phẩm bên trong mà còn khiến món quà trở nên chỉn chu ngay từ hình thức bên ngoài. Với diện mạo cao cấp, Evoucher Hộp quà Trung Thu Đồng Lạc I 2026 phiên bản hộp Vali Popup 3D cao cấp - Combo 6 bánh đặc biệt phù hợp với doanh nghiệp đang tìm kiếm món quà để gửi lời cảm ơn đến khách hàng, đối tác và nhân sự trong dịp Trung Thu. Combo 6 bánh đa dạng – Trọn vẹn hương vị mùa trăng Điểm nổi bật của bộ quà là 6 bánh Trung Thu, mỗi bánh có trọng lượng 150g, mang đến nhiều lựa chọn hương vị để người nhận thưởng thức và chia sẻ cùng gia đình. Combo bao gồm: BTT Thập Cẩm Truyền Thống – 150g, 1 trứng. BTT Thập Cẩm Tôm Hùm Sốt Hồng Kông – 150g, 1 trứng. BTT Thập Cẩm Gà Quay Jambon – 150g, 1 trứng. BTT Cốm Dừa – 150g, 0 trứng. BTT Đậu Đỏ Nam Việt Quất – 150g, 1 trứng. BTT Hạt Sen Hạt Dưa – 150g, 1 trứng. Sự kết hợp giữa những hương vị truyền thống và các lựa chọn mang màu sắc hiện đại giúp set quà phù hợp với nhiều sở thích khác nhau. Từ vị thập cẩm quen thuộc, tôm hùm sốt Hồng Kông, gà quay Jambon đến cốm dừa, đậu đỏ nam việt quất hay hạt sen hạt dưa, mỗi chiếc bánh đều góp phần tạo nên một trải nghiệm Trung Thu phong phú. Bên cạnh 6 bánh, hộp quà còn đi kèm 1 túi giấy Ivory sang trọng, 1 thiệp Trung Thu và 1 bộ dao nĩa, giúp hoàn thiện một set quà vừa đẹp mắt vừa tiện dụng. LifeLink – Trao quà Trung Thu tinh tế, nâng tầm kết nối doanh nghiệp LifeLink cung cấp các lựa chọn Evoucher và quà tặng phù hợp cho nhiều nhu cầu khác nhau, trong đó các sản phẩm quà Trung Thu hướng đến sự tiện lợi, chỉn chu và giàu giá trị tinh thần. Với Evoucher Hộp quà Trung Thu Đồng Lạc I 2026 phiên bản hộp Vali Popup 3D cao cấp - Combo 6 bánh, khách hàng có thêm một lựa chọn đáng cân nhắc khi chuẩn bị quà tặng dành cho đối tác, khách hàng, nhân viên hoặc những người đã đồng hành cùng doanh nghiệp. LifeLink | Khách hàng áp dụng: Tất cả khách hàng Ngày áp dụng: Thứ 2 - Thứ 6 Giờ áp dụng: 9:00 - 17:00 Số lượng E-Voucher áp dụng: Sử dụng 01 voucher/01 hộp quà. Không giới hạn số lượng voucher/ hóa đơn. Thông tin cách mua hàng HƯỚNG DẪN ĐỔI VOUCHER Bước 1. Khách hàng nhận voucher liên hệ GIVISTA để đổi hộp quà Trung Thu 2026 Hotline/Zalo: 0969117926 Facebook: Tại đây Bước 2. Cung cấp mã voucher để đổi hộp quà Bước 3. Khách hàng thanh toán phí vận chuyển trực tiếp cho đơn vị vận chuyển Lưu ý: Không hỗ trợ khách hàng đổi quà trực tiếp tại cửa hàng Điều kiện khác Một khách hàng được mua nhiều E-Voucher/E-Coupon E-Voucher/E-Coupon không có giá trị quy đổi thành tiền mặt, không trả lại tiền thừa. Không áp dụng đồng thời với chương trình khuyến mại khác Voucher chưa bao gồm phí vận chuyển Hộp quà tặng đến khách hàng.","//cdn.lifelink.vn/img/s800x400/ADD-rung-Thu-Dong-Lac-I-6banh_11082026154111.jpg?sign=S1XA82Au2STEZJ2DGTpi9g","989000.00","840000.00","2026-08-01T00:00:00.000Z","2026-12-31T23:59:59.000Z","2026-08-01T00:00:00.000Z","2026-12-31T23:59:59.000Z","27","17","true","2","on_sale","2026-08-26T00:00:00.000Z","2026-08-26T00:00:00.000Z"
"c67f13f5-01ae-4055-af9b-b8f2b50e6a44","5e03f083-accf-4dfe-a0d7-15936dc5b6a4","1","Evoucher Hộp quà Trung Thu Đồng Lạc I 2026 phiên bản Popup 3D cao cấp - Combo 4 bánh và trà","Trung Thu không chỉ là dịp thưởng trà, thưởng bánh mà còn là thời điểm để trao gửi những lời chúc đoàn viên và vun đắp các mối quan hệ. Với mong muốn mang đến lựa chọn quà tặng vừa tinh tế vừa giàu ý nghĩa, LifeLink cung cấp Evoucher Hộp quà Trung Thu Đồng Lạc I 2026 phiên bản Popup 3D cao cấp - Combo 4 bánh và trà đến khách hàng trong mùa Trung Thu 2026. Trung Thu Đồng Lạc I 2026 – Món quà của đồng lòng và gắn kết Thiết kế Popup 3D cao cấp – Trao quà sang trọng, gửi trọn thành ý Mỗi bộ quà Trung Thu Đồng Lạc I được xây dựng như một câu chuyện về sự kết nối. Lấy cảm hứng từ không khí thoáng đãng của đêm trăng rằm, thiết kế nổi bật với hình ảnh lân, chim và các em nhỏ vui hội, tạo nên một bức tranh sinh động, giàu màu sắc và đậm tinh thần Trung Thu truyền thống. Điểm nhấn đặc biệt nằm ở hộp vali Popup 3D cao cấp ép kim vàng 9999 với kích thước 38 x 26 x 8,5 cm. Khi mở hộp, hiệu ứng Popup 3D tạo nên trải nghiệm trực quan ấn tượng, giúp món quà trở nên nổi bật ngay từ khoảnh khắc đầu tiên. Sự kết hợp giữa hình ảnh văn hóa truyền thống và phong cách thiết kế hiện đại giúp hộp quà vừa có giá trị thẩm mỹ, vừa thể hiện sự chỉn chu của người trao. Đây là lựa chọn phù hợp dành cho những doanh nghiệp muốn tạo dấu ấn riêng trong hoạt động chăm sóc và tri ân các mối quan hệ quan trọng. Hai lựa chọn combo bánh – Đa dạng hương vị cho mùa trăng trọn vẹn Combo GVS 01 gồm 4 bánh Trung Thu, mỗi bánh 150g và 1 trứng: BTT Thập Cẩm Tôm Hùm Sốt Hồng Kông. BTT Thập Cẩm Jambon Bát Bửu. BTT Hạt Sen Hạt Dưa. BTT Khoai Môn Trứng Muối. Combo GVS 02 cũng gồm 4 bánh Trung Thu, mỗi bánh 150g: BTT Thập Cẩm Tôm Hùm Sốt Hồng Kông. BTT Thập Cẩm Jambon Bát Bửu. BTT Cốm Dừa – 0 trứng. BTT Đậu Đỏ Nam Việt Quất. Bên cạnh các loại bánh với hương vị đa dạng, mỗi hộp còn được chuẩn bị 1 trà lài thượng hạng, giúp cân bằng vị giác và hoàn thiện trải nghiệm thưởng thức bánh Trung Thu. Sản phẩm đi kèm 1 bộ dao nĩa, 1 thiệp Trung Thu và 1 túi giấy Ivory sang trọng, tạo nên một bộ quà hoàn chỉnh, tiện lợi khi trao tặng. Với hai lựa chọn combo, khách hàng có thể cân nhắc theo sở thích và nhu cầu sử dụng để lựa chọn set bánh phù hợp. Sự kết hợp giữa bánh, trà và phụ kiện không chỉ đáp ứng nhu cầu thưởng thức mà còn làm nổi bật sự chu đáo trong từng món quà. Đặt ngay Evoucher Trung Thu Đồng Lạc I tại LifeLink Mùa Trung Thu 2026 sẽ ý nghĩa hơn khi mỗi món quà không chỉ đẹp mắt mà còn chứa đựng thông điệp gắn kết. Nếu bạn đang tìm kiếm một set quà sang trọng, chỉn chu và phù hợp để tri ân những mối quan hệ quan trọng, hãy lựa chọn Evoucher Hộp quà Trung Thu Đồng Lạc I 2026 phiên bản Popup 3D cao cấp - Combo 4 bánh và trà tại LifeLink. LifeLink | Khách hàng áp dụng: Tất cả khách hàng Ngày áp dụng: Thứ 2 - Thứ 6 Giờ áp dụng: 9:00 - 17:00 Số lượng E-Voucher áp dụng: Sử dụng 01 voucher/01 hộp quà. Không giới hạn số lượng voucher/ hóa đơn. Thông tin cách mua hàng HƯỚNG DẪN ĐỔI VOUCHER Bước 1. Khách hàng nhận voucher liên hệ GIVISTA để đổi hộp quà Trung Thu 2026 Hotline/Zalo: 0969117926 Facebook: Tại đây Bước 2. Cung cấp mã voucher để đổi hộp quà Bước 3. Khách hàng thanh toán phí vận chuyển trực tiếp cho đơn vị vận chuyển Lưu ý: Không hỗ trợ khách hàng đổi quà trực tiếp tại cửa hàng Điều kiện khác Một khách hàng được mua nhiều E-Voucher/E-Coupon E-Voucher/E-Coupon không có giá trị quy đổi thành tiền mặt, không trả lại tiền thừa. Không áp dụng đồng thời với chương trình khuyến mại khác Voucher chưa bao gồm phí vận chuyển Hộp quà tặng đến khách hàng.","//cdn.lifelink.vn/img/s800x400/ADD-Trung-thu-Dong-Lac-I-4banh_11082026151346.jpg?sign=rFxU9H5CJf1tp5Z1pYJctA","699000.00","590000.00","2026-08-01T00:00:00.000Z","2026-12-31T23:59:59.000Z","2026-08-01T00:00:00.000Z","2026-12-31T23:59:59.000Z","60","50","true","3","on_sale","2026-08-26T00:00:00.000Z","2026-08-26T00:00:00.000Z"
"56001ac1-79d0-4011-85f9-81681600aa12","5e03f083-accf-4dfe-a0d7-15936dc5b6a4","1","Evoucher - Hộp quà trung thu Cửu Hạc Diên Niên 2026 phiên bản hộp Vali Popup 3D cao cấp - Combo 6 bánh","Trung Thu không chỉ là dịp đoàn viên mà còn là thời điểm doanh nghiệp gửi trao lời tri ân đến khách hàng, đối tác và những người đồng hành. Evoucher - Hộp quà trung thu Cửu Hạc Diên Niên 2026 phiên bản hộp Vali Popup 3D cao cấp - Combo 6 bánh được LifeLink cung cấp là lựa chọn nổi bật dành cho những ai đang tìm kiếm một món quà vừa sang trọng, vừa chứa đựng thông điệp ý nghĩa. Cửu Hạc Diên Niên – Hộp quà Trung Thu sang trọng, gửi trọn lời chúc trường tồn Thiết kế Popup 3D ép kim 9999 – Tạo dấu ấn ngay từ ánh nhìn đầu tiên “Cửu Hạc Diên Niên” được thiết kế theo phong cách sang trọng và giàu tính biểu tượng. Sắc xanh ngọc chủ đạo tạo cảm giác thanh lịch, trang nhã, trong khi hình tượng cửu hạc vươn cao mang đến vẻ đẹp mạnh mẽ và cao quý. Điểm nhấn đặc biệt của hộp quà nằm ở kỹ thuật ép kim vàng 9999 kết hợp hiệu ứng Popup 3D. Khi mở hộp, các chi tiết được tạo hình nổi bật giúp tổng thể trở nên sinh động, tạo cảm giác như một tác phẩm nghệ thuật thu nhỏ. Hộp vali Popup 3D có kích thước 38 x 26 x 8,5 cm, vừa đủ rộng rãi để chứa trọn bộ quà tặng nhưng vẫn giữ được kiểu dáng gọn gàng, sang trọng. Thiết kế dạng vali cũng tạo nên sự khác biệt so với những mẫu hộp Trung Thu truyền thống. Đặc biệt, giá trị của hộp không chỉ nằm ở thời điểm trao tặng. Sau mùa lễ hội, người nhận có thể tiếp tục sử dụng hộp để lưu trữ đồ dùng cá nhân hoặc làm vật phẩm trang trí trên bàn làm việc. Đây là cách để món quà tiếp tục hiện diện trong không gian của người nhận lâu hơn. Combo 6 bánh đa dạng hương vị – Trọn vẹn trải nghiệm thưởng thức Bên trong hộp là 6 chiếc bánh Trung Thu với trọng lượng 150g/bánh, được lựa chọn với nhiều hương vị từ truyền thống đến biến tấu hiện đại: Bánh Trung Thu Thập Cẩm Truyền Thống: 150g – 1 trứng. Bánh Trung Thu Thập Cẩm Tôm Hùm Sốt Hồng Kông: 150g – 1 trứng. Bánh Trung Thu Thập Cẩm Gà Quay Jambon: 150g – 1 trứng. Bánh Trung Thu Cốm Dừa: 150g – 0 trứng. Bánh Trung Thu Đậu Đỏ Nam Việt Quất: 150g – 1 trứng. Bánh Trung Thu Hạt Sen Hạt Dưa: 150g – 1 trứng. Sự đa dạng trong hương vị giúp bộ quà phù hợp với nhiều đối tượng nhận quà. Từ những người yêu thích vị bánh truyền thống đến những khách hàng muốn khám phá sự kết hợp mới lạ, mỗi lựa chọn đều góp phần tạo nên trải nghiệm Trung Thu trọn vẹn. Bên cạnh 6 bánh Trung Thu, bộ sản phẩm còn đi kèm 1 túi giấy Ivory sang trọng, 1 thiệp Trung Thu và 1 bộ dao nĩa. Tất cả tạo thành một set quà hoàn chỉnh, thuận tiện để doanh nghiệp trao tặng ngay trong những dịp gặp gỡ, thăm hỏi hoặc tri ân. Đặt Evoucher trên LifeLink – Trao quà tinh tế, nâng tầm hình ảnh doanh nghiệp Thông qua LifeLink , doanh nghiệp có thêm lựa chọn quà tặng Trung Thu được đầu tư từ hình thức đến nội dung. Evoucher - Hộp quà trung thu Cửu Hạc Diên Niên 2026 phiên bản hộp Vali Popup 3D cao cấp - Combo 6 bánh không chỉ gây ấn tượng bởi thiết kế Popup 3D ép kim vàng 9999 mà còn tạo nên câu chuyện ý nghĩa về sự trường tồn và thịnh vượng. Một món quà được lựa chọn kỹ lưỡng có thể trở thành cầu nối cảm xúc giữa doanh nghiệp với người nhận. Từ thiết kế hộp, chất lượng bánh đến các phụ kiện đi kèm, từng chi tiết đều góp phần thể hiện sự trân trọng và chuyên nghiệp của người trao tặng. LifeLink | Khách hàng áp dụng: Tất cả khách hàng Ngày áp dụng: Thứ 2 - Thứ 6 Giờ áp dụng: 9:00 - 17:00 Số lượng E-Voucher áp dụng: Sử dụng 01 voucher/01 hộp quà. Không giới hạn số lượng voucher/ hóa đơn. Thông tin cách mua hàng HƯỚNG DẪN ĐỔI VOUCHER Bước 1. Khách hàng nhận voucher liên hệ GIVISTA để đổi hộp quà Trung Thu 2026 Hotline/Zalo: 0969117926 Facebook: Tại đây Bước 2. Cung cấp mã voucher để đổi hộp quà Bước 3. Khách hàng thanh toán phí vận chuyển trực tiếp cho đơn vị vận chuyển Lưu ý: Không hỗ trợ khách hàng đổi quà trực tiếp tại cửa hàng Điều kiện khác Một khách hàng được mua nhiều E-Voucher/E-Coupon E-Voucher/E-Coupon không có giá trị quy đổi thành tiền mặt, không trả lại tiền thừa. Không áp dụng đồng thời với chương trình khuyến mại khác Voucher chưa bao gồm phí vận chuyển Hộp quà tặng đến khách hàng.","//cdn.lifelink.vn/img/s800x400/ADD-Cuu-Hac-Dien-Nien-6banh_11082026141125.jpg?sign=9_hTQi4m9_LkG_JDkyt85g","989000.00","840000.00","2026-08-01T00:00:00.000Z","2026-12-31T23:59:59.000Z","2026-08-01T00:00:00.000Z","2026-12-31T23:59:59.000Z","22","12","true","2","on_sale","2026-08-26T00:00:00.000Z","2026-08-26T00:00:00.000Z"
"12b64245-6e6e-4458-958b-61e17ac4288c","5e03f083-accf-4dfe-a0d7-15936dc5b6a4","1","Evoucher Hộp quà trung thu Cửu Hạc Diên Niên 2026 phiên bản Vali Popup 3D cao cấp - Combo 4 bánh và trà","Muốn tạo dấu ấn khác biệt trong mùa Trung Thu, doanh nghiệp không chỉ cần một món quà đẹp mà còn cần một món quà biết kể câu chuyện về thương hiệu. Evoucher Hộp quà trung thu Cửu Hạc Diên Niên 2026 phiên bản Vali Popup 3D cao cấp - Combo 4 bánh và trà tại LifeLink chính là lựa chọn dành cho những doanh nghiệp hướng đến sự sang trọng và khác biệt. Cửu Hạc Diên Niên – Tuyệt tác quà tặng mang thông điệp trường tồn và thịnh vượng Thiết kế Vali Popup 3D độc đáo – Nâng tầm giá trị quà tặng Lấy cảm hứng từ hình tượng cửu hạc – biểu tượng của sự trường thọ, vươn cao và thành công trong văn hóa phương Đông, Cửu Hạc Diên Niên sở hữu sắc xanh ngọc thanh nhã kết hợp cùng các chi tiết ép kim vàng 9999 tinh xảo. Khi mở hộp, hiệu ứng Popup 3D tạo nên trải nghiệm thị giác ấn tượng, giúp bức tranh cửu hạc hiện lên sống động và đầy nghệ thuật. Không chỉ là bao bì, thiết kế vali Popup 3D còn thể hiện sự đầu tư và tinh tế trong từng chi tiết, góp phần nâng cao giá trị món quà và giúp doanh nghiệp ghi dấu ấn chuyên nghiệp với đối tác, khách hàng. Combo bánh trung thu cao cấp – Trọn vị đoàn viên Khách hàng được lựa chọn một trong hai combo bánh hấp dẫn: COMBO GVS 01 BTT Thập Cẩm Tôm Hùm Sốt Hồng Kông (150g – 1 trứng) BTT Thập Cẩm Jambon Bát Bửu (150g – 1 trứng) BTT Hạt Sen Hạt Dưa (150g – 1 trứng) BTT Khoai Môn Trứng Muối (150g – 1 trứng) COMBO GVS 02 BTT Thập Cẩm Tôm Hùm Sốt Hồng Kông (150g – 1 trứng) BTT Thập Cẩm Jambon Bát Bửu (150g – 1 trứng) BTT Cốm Dừa (150g – 0 trứng) BTT Đậu Đỏ Nam Việt Quất (150g – 1 trứng) Ngoài các loại bánh trung thu thượng hạng, bộ quà còn bao gồm: 01 hộp quà vali Popup 3D cao cấp ép kim vàng 9999 (38 × 26 × 8,5 cm). 01 trà lài thượng hạng. 01 túi giấy Ivory cao cấp. 01 thiệp Trung Thu. 01 bộ dao nĩa. Sự kết hợp hài hòa giữa thiết kế đẳng cấp và hương vị bánh tinh tuyển mang đến trải nghiệm quà tặng hoàn hảo cho mùa đoàn viên. LifeLink – Đồng hành cùng doanh nghiệp trao gửi giá trị bền vững Đặt Evoucher nhanh chóng – Quà tặng chuyên nghiệp cho mọi nhu cầu LifeLink cung cấp Evoucher Hộp quà trung thu Cửu Hạc Diên Niên 2026 phiên bản Vali Popup 3D cao cấp - Combo 4 bánh và trà với quy trình đặt mua thuận tiện, giúp doanh nghiệp dễ dàng chuẩn bị quà tặng số lượng lớn cho mùa Trung Thu. Sản phẩm đặc biệt phù hợp cho: Quà tri ân đối tác chiến lược. Quà tặng khách hàng VIP. Quà tặng nhân viên. Quà biếu lãnh đạo. Quà tặng trong các chương trình chăm sóc khách hàng và sự kiện doanh nghiệp. Điểm đặc biệt của Cửu Hạc Diên Niên không chỉ nằm ở vẻ đẹp sang trọng mà còn ở giá trị sử dụng lâu dài. Sau mùa Trung Thu, hộp quà có thể trở thành vật trang trí hoặc hộp lưu trữ trên bàn làm việc, giúp hình ảnh thương hiệu luôn hiện diện một cách tinh tế trong không gian của người nhận. LifeLink | Khách hàng áp dụng: Tất cả khách hàng Ngày áp dụng: Thứ 2 - Thứ 6 Giờ áp dụng: 9:00 - 17:00 Số lượng E-Voucher áp dụng: Sử dụng 01 voucher/01 hộp quà. Không giới hạn số lượng voucher/ hóa đơn. Thông tin cách mua hàng HƯỚNG DẪN ĐỔI VOUCHER Bước 1. Khách hàng nhận voucher liên hệ GIVISTA để đổi hộp quà Trung Thu 2026 Hotline/Zalo: 0969117926 Facebook: Tại đây Bước 2. Cung cấp mã voucher để đổi hộp quà Bước 3. Khách hàng thanh toán phí vận chuyển trực tiếp cho đơn vị vận chuyển Lưu ý: Không hỗ trợ khách hàng đổi quà trực tiếp tại cửa hàng Điều kiện khác Một khách hàng được mua nhiều E-Voucher/E-Coupon E-Voucher/E-Coupon không có giá trị quy đổi thành tiền mặt, không trả lại tiền thừa. Không áp dụng đồng thời với chương trình khuyến mại khác Voucher chưa bao gồm phí vận chuyển Hộp quà tặng đến khách hàng.","//cdn.lifelink.vn/img/s800x400/ADD-Cuu-Hac-Dien-Nien-4banh_11082026140820.jpg?sign=UFDsbwoDu_HmMr_o8V9q5w","699000.00","590000.00","2026-08-01T00:00:00.000Z","2026-12-31T23:59:59.000Z","2026-08-01T00:00:00.000Z","2026-12-31T23:59:59.000Z","82","72","true","3","on_sale","2026-08-26T00:00:00.000Z","2026-08-26T00:00:00.000Z"
"a3a5fc97-c807-4466-a45f-8dadb0205d4a","5e03f083-accf-4dfe-a0d7-15936dc5b6a4","1","Evoucher Hộp quà trung thu Thanh Liên Thưởng Lãm I 2026 phiên bản hộp xếp 2 cánh cửa cao cấp - Combo 6 bánh","Một món quà sang trọng có thể trở thành dấu ấn giúp doanh nghiệp khẳng định sự chuyên nghiệp trong từng lời tri ân. Evoucher Hộp quà trung thu Thanh Liên Thưởng Lãm I 2026 phiên bản hộp xếp 2 cánh cửa cao cấp - Combo 6 bánh tại LifeLink được thiết kế dành riêng cho những doanh nghiệp mong muốn nâng tầm giá trị thương hiệu qua từng món quà trao tặng. GIVISTA – Thanh Liên Thưởng Lãm I, tinh hoa nghệ thuật trong từng món quà Thiết kế lấy cảm hứng từ hoa sen – Biểu tượng của sự viên mãn và thanh cao Đồng hành cùng mùa quà tặng Trung Thu 2026, GIVISTA giới thiệu Thanh Liên Thưởng Lãm I – bộ quà dành cho những doanh nghiệp mong muốn gửi trao món quà sang trọng, tinh tế và giàu giá trị văn hóa. Lấy cảm hứng từ vẻ đẹp của đầm sen và nghệ thuật sơn thủy phương Đông, hộp quà nổi bật với gam vàng thanh lịch kết hợp các chi tiết ép kim vàng 9999 tinh xảo. Khung cảnh núi non trùng điệp, dòng nước uốn lượn, những đóa sen nở rộ cùng hình ảnh thưởng trà giữa thiên nhiên tạo nên bức tranh đầy chiều sâu, gợi cảm giác an yên, đoàn viên và sung túc. Combo 6 bánh thượng hạng – Đa dạng hương vị, trọn vẹn mùa đoàn viên Khách hàng có thể lựa chọn 01 trong 02 combo cao cấp: Combo GVS 01 BTT Thập Cẩm Truyền Thống (150g – 1 trứng) BTT Thập Cẩm Gà Quay Jambon (150g – 1 trứng) BTT Sữa Dừa Truyền Thống (150g – 0 trứng) BTT Đậu Đỏ Nam Việt Quất (150g – 1 trứng) BTT Lưu Sa Hoàng Kim (120g – 0 trứng) BTT Lưu Sa Socola (120g – 0 trứng) Combo GVS 02 BTT Thập Cẩm Tôm Hùm Sốt Hồng Kông (150g – 1 trứng) BTT Thập Cẩm Jambon Bát Bửu (150g – 1 trứng) BTT Sữa Dừa Truyền Thống (150g – 0 trứng) BTT Đậu Đỏ Nam Việt Quất (150g – 1 trứng) BTT Lưu Sa Hoàng Kim (120g – 0 trứng) BTT Lưu Sa Socola (120g – 0 trứng) Đi kèm bộ quà là: 01 hộp quà xếp 2 cánh cửa ép kim vàng 9999 (36 × 28 × 8 cm) 01 túi giấy Ivory sang trọng 01 thiệp Trung Thu 01 bộ dao nĩa Thiết kế hộp mở hai cánh cùng bố cục nhiều lớp tạo cảm giác như mở ra một bức tranh nghệ thuật sống động. Hình ảnh hoa sen – biểu tượng của sự thanh cao và bền vững trong văn hóa phương Đông – góp phần truyền tải lời chúc về cuộc sống an yên, thành công và những mối quan hệ gắn bó lâu dài. LifeLink – Đồng hành cùng doanh nghiệp trao gửi những món quà ý nghĩa Mua Evoucher dễ dàng – Trao quà nhanh chóng LifeLink mang đến giải pháp mua Evoucher tiện lợi, giúp doanh nghiệp và khách hàng cá nhân dễ dàng lựa chọn những hộp quà Trung Thu cao cấp cho nhiều mục đích khác nhau. Evoucher Hộp quà trung thu Thanh Liên Thưởng Lãm I 2026 phiên bản hộp xếp 2 cánh cửa cao cấp - Combo 6 bánh phù hợp cho: Quà tặng đối tác chiến lược. Quà tri ân khách hàng. Quà tặng nhân viên dịp Trung Thu. Quà biếu gia đình và người thân. Quà tặng trong các chương trình chăm sóc khách hàng và sự kiện doanh nghiệp. Không chỉ sở hữu thiết kế sang trọng và hương vị bánh đặc sắc, bộ quà còn giúp doanh nghiệp truyền tải sự chuyên nghiệp, tinh thần tri ân và xây dựng những mối quan hệ hợp tác bền vững. LifeLink | Khách hàng áp dụng: Tất cả khách hàng Ngày áp dụng: Thứ 2 - Thứ 6 Giờ áp dụng: 9:00 - 17:00 Số lượng E-Voucher áp dụng: Sử dụng 01 voucher/01 hộp quà. Không giới hạn số lượng voucher/ hóa đơn. Thông tin cách mua hàng HƯỚNG DẪN ĐỔI VOUCHER Bước 1. Khách hàng nhận voucher liên hệ GIVISTA để đổi hộp quà Trung Thu 2026 Hotline/Zalo: 0969117926 Facebook: Tại đây Bước 2. Cung cấp mã voucher để đổi hộp quà Bước 3. Khách hàng thanh toán phí vận chuyển trực tiếp cho đơn vị vận chuyển Lưu ý: Không hỗ trợ khách hàng đổi quà trực tiếp tại cửa hàng Điều kiện khác Một khách hàng được mua nhiều E-Voucher/E-Coupon E-Voucher/E-Coupon không có giá trị quy đổi thành tiền mặt, không trả lại tiền thừa. Không áp dụng đồng thời với chương trình khuyến mại khác Voucher chưa bao gồm phí vận chuyển Hộp quà tặng đến khách hàng.","//cdn.lifelink.vn/img/s800x400/ADD-Thanh-Lien-Thuong-Lam_11082026140441.jpg?sign=br9KQ2-HbPOFe6cvqQRsxA","839000.00","710000.00","2026-08-01T00:00:00.000Z","2026-12-31T23:59:59.000Z","2026-08-01T00:00:00.000Z","2026-12-31T23:59:59.000Z","49","39","true","3","on_sale","2026-08-26T00:00:00.000Z","2026-08-26T00:00:00.000Z"
"eebd227f-917e-4ab3-bba8-3f5616d72821","5e03f083-accf-4dfe-a0d7-15936dc5b6a4","1","Evoucher Hộp quà trung thu Hồng Cát Minh Nguyệt 2026 phiên bản hộp xếp 2 cánh cửa cao cấp - Combo 6 bánh","Một món quà cao cấp có thể thay ngàn lời cảm ơn và tạo nên những dấu ấn khó quên. Evoucher Hộp quà trung thu Hồng Cát Minh Nguyệt 2026 phiên bản hộp xếp 2 cánh cửa cao cấp - Combo 6 bánh tại LifeLink được thiết kế dành riêng cho những doanh nghiệp mong muốn nâng tầm giá trị thương hiệu qua từng món quà trao tặng. Thiết kế hộp mở hai cánh độc đáo, sắc đỏ quyền quý, các chi tiết ép kim vàng tinh xảo cùng bộ sưu tập sáu bánh trung thu thượng hạng tạo nên một tổng thể vừa sang trọng, vừa khác biệt. GIVISTA – Hồng Cát Minh Nguyệt, biểu tượng của cát tường và thịnh vượng Thiết kế mở hai cánh sang trọng, nâng tầm giá trị món quà Đồng hành cùng mùa quà tặng Trung Thu 2026, GIVISTA giới thiệu Hồng Cát Minh Nguyệt – bộ quà được thiết kế dành riêng cho doanh nghiệp mong muốn gửi trao món quà sang trọng, tinh tế và giàu ý nghĩa. Lấy cảm hứng từ khung cảnh đêm trăng rằm trong văn hóa Á Đông, hộp quà nổi bật với sắc đỏ quyền quý kết hợp công nghệ ép kim vàng 9999 tinh xảo. Hình ảnh Hằng Nga dưới ánh trăng, Thỏ Ngọc, cây đa cùng những đám mây cát tường được tái hiện sống động, gửi gắm lời chúc về may mắn, đoàn viên, tài lộc và sự phát triển bền vững. Combo 6 bánh cao cấp – Đa dạng lựa chọn, trọn vẹn hương vị Khách hàng có thể lựa chọn 01 trong 02 combo hấp dẫn: Combo GVS 01 BTT Thập Cẩm Truyền Thống (150g – 1 trứng) BTT Thập Cẩm Gà Quay Jambon (150g – 1 trứng) BTT Sữa Dừa Truyền Thống (150g – 0 trứng) BTT Đậu Đỏ Nam Việt Quất (150g – 1 trứng) BTT Lưu Sa Hoàng Kim (120g – 0 trứng) BTT Lưu Sa Socola (120g – 0 trứng) Combo GVS 02 BTT Thập Cẩm Tôm Hùm Sốt Hồng Kông (150g – 1 trứng) BTT Thập Cẩm Jambon Bát Bửu (150g – 1 trứng) BTT Sữa Dừa Truyền Thống (150g – 0 trứng) BTT Đậu Đỏ Nam Việt Quất (150g – 1 trứng) BTT Lưu Sa Hoàng Kim (120g – 0 trứng) BTT Lưu Sa Socola (120g – 0 trứng) Đi kèm bộ quà là: 01 hộp quà xếp 2 cánh cửa ép kim vàng 9999 (36 × 28 × 8 cm) 01 túi giấy Ivory sang trọng 01 thiệp Trung Thu 01 bộ dao nĩa Không chỉ nổi bật bởi hương vị bánh đặc sắc, thiết kế mở hai cánh độc đáo còn tạo trải nghiệm mở quà đầy ấn tượng, góp phần nâng tầm giá trị món quà và thể hiện sự trân trọng đối với người nhận. LifeLink – Giải pháp quà tặng Trung Thu chuyên nghiệp cho doanh nghiệp Đặt Evoucher nhanh chóng, trao gửi trọn vẹn lời tri ân LifeLink mang đến giải pháp mua Evoucher nhanh chóng, tiện lợi và an toàn, giúp doanh nghiệp cũng như khách hàng cá nhân dễ dàng lựa chọn những bộ quà Trung Thu cao cấp cho nhiều mục đích khác nhau. Evoucher Hộp quà trung thu Hồng Cát Minh Nguyệt 2026 phiên bản hộp xếp 2 cánh cửa cao cấp - Combo 6 bánh phù hợp cho: Quà tặng khách hàng VIP. Quà tri ân đối tác. Quà tặng nhân viên dịp Trung Thu. Quà biếu người thân và gia đình. Quà tặng doanh nghiệp trong các chương trình chăm sóc khách hàng. Với thiết kế đẳng cấp cùng thông điệp về cát tường, viên mãn và thịnh vượng, bộ quà không chỉ mang giá trị vật chất mà còn góp phần xây dựng hình ảnh thương hiệu chuyên nghiệp và tạo dấu ấn sâu sắc trong lòng người nhận. LifeLink | Khách hàng áp dụng: Tất cả khách hàng Ngày áp dụng: Thứ 2 - Thứ 6 Giờ áp dụng: 9:00 - 17:00 Số lượng E-Voucher áp dụng: Sử dụng 01 voucher/01 hộp quà. Không giới hạn số lượng voucher/ hóa đơn. Thông tin cách mua hàng HƯỚNG DẪN ĐỔI VOUCHER Bước 1. Khách hàng nhận voucher liên hệ GIVISTA để đổi hộp quà Trung Thu 2026 Hotline/Zalo: 0969117926 Facebook: Tại đây Bước 2. Cung cấp mã voucher để đổi hộp quà Bước 3. Khách hàng thanh toán phí vận chuyển trực tiếp cho đơn vị vận chuyển Lưu ý: Không hỗ trợ khách hàng đổi quà trực tiếp tại cửa hàng Điều kiện khác Một khách hàng được mua nhiều E-Voucher/E-Coupon E-Voucher/E-Coupon không có giá trị quy đổi thành tiền mặt, không trả lại tiền thừa. Không áp dụng đồng thời với chương trình khuyến mại khác Voucher chưa bao gồm phí vận chuyển Hộp quà tặng đến khách hàng.","//cdn.lifelink.vn/img/s800x400/ADD-Hong-Cat-Minh-Nguyet_11082026140155.jpg?sign=y3aP_cGlTSw0iLtTX0t6bg","839000.00","710000.00","2026-08-01T00:00:00.000Z","2026-12-31T23:59:59.000Z","2026-08-01T00:00:00.000Z","2026-12-31T23:59:59.000Z","92","82","true","3","on_sale","2026-08-26T00:00:00.000Z","2026-08-26T00:00:00.000Z"
"d29f7276-52b4-4f07-98b1-a9c30db1ad52","958f8aad-181a-4ab3-9882-fa9aac6f18a5","4","Thẻ quà tặng Chuk Tea & Coffee - Chuk Express","Hãy để những khoảnh khắc thưởng thức trà và cà phê trở nên đáng nhớ hơn với thẻ quà tặng LifeLink từ Chuk Tea & Coffee - Chuk Express . Sản phẩm này không chỉ mang đến hương vị tinh tế từ thương hiệu danh tiếng mà còn là cầu nối gắn kết những giá trị văn hóa Việt trong từng giọt trà, ly cà phê. Chuk Tea & Coffee - Chuk Express tôn vinh bản sắc Việt trong từng sản phẩm Thẻ Quà Tặng Từ Chuk Tea & Coffee – Hành Trình Văn Hóa Và Hương Vị Chuk Tea & Coffee – Thương Hiệu Từ Tập Đoàn KIDO Chuk Tea & Coffee - Chuk Express là thành viên nổi bật thuộc Tập đoàn KIDO, kế thừa những giá trị cốt lõi về chất lượng và sự sáng tạo. Thương hiệu này không chỉ mang đến các dòng trà và cà phê cao cấp mà còn là niềm tự hào về văn hóa Việt Nam. Mỗi sản phẩm tại Chuk đều chứa đựng sự tinh tế, từ hương vị đặc sắc đến câu chuyện văn hóa đầy ý nghĩa. Sản phẩm đa dạng: Các dòng trà thanh mát, cà phê đậm đà và tráng miệng thơm ngon. Đẳng cấp từ nguồn gốc: Nguyên liệu tuyển chọn kỹ lưỡng, công nghệ chế biến hiện đại. Giá trị Việt trong từng sản phẩm: Tôn vinh bản sắc văn hóa và con người Việt Nam. Giá Trị Khi Sở Hữu Thẻ Quà Tặng Từ LifeLink Tiện lợi và linh hoạt: Thẻ quà tặng sử dụng dễ dàng, phù hợp nhiều nhu cầu. Lựa chọn quà tặng ý nghĩa: Mang đến trải nghiệm tuyệt vời cho người thân, bạn bè. Ưu đãi hấp dẫn: Sở hữu các ưu đãi đặc biệt khi mua thẻ trên LifeLink. LifeLink – Địa Điểm Uy Tín Cho Thẻ Quà Tặng Cao Cấp Sản Phẩm Đáng Tin Cậy LifeLink là nền tảng hàng đầu cung cấp thẻ quà tặng từ những thương hiệu uy tín như Chuk Tea & Coffee - Chuk Express . Sự kết hợp này không chỉ mang lại trải nghiệm mua sắm thuận tiện mà còn đảm bảo giá trị cao cấp trong từng sản phẩm. Đặc Quyền Khi Mua Sắm Tại LifeLink Đặt hàng nhanh chóng: Giao dịch dễ dàng qua nền tảng online. Ưu đãi độc quyền: Giảm giá, tích điểm, cùng nhiều chương trình hấp dẫn. Chất lượng dịch vụ: Cam kết sản phẩm chính hãng, hỗ trợ khách hàng tận tâm. Hãy sở hữu ngay thẻ quà tặng LifeLink từ Chuk Tea & Coffee - Chuk Express để khám phá hành trình hương vị và văn hóa đặc sắc. Đặt hàng dễ dàng, ưu đãi hấp dẫn – món quà ý nghĩa dành cho những người bạn yêu thương! LifeLink | Quý Khách vui lòng xuất trình E-Gift trước khi thanh toán. Mỗi E-Gift được sử dụng 01 lần, có thể áp dụng nhiều E-Gift cho 01 hóa đơn. E-Gift có giá trị tương đương tiền mặt. Không có giá trị quy đổi thành tiền mặt, không được hoàn trả tiền thừa. Không chấp nhận mã E-Gift quá hạn sử dụng, trạng thái đã sử dụng. E-Gift được áp dụng song song với các ưu đãi tại cửa hàng. Nhưng không áp dụng chung với ưu đãi của đối tác khác. Cửa hàng chịu trách nhiệm xuất hóa đơn tài chính khi khách hàng yêu cầu. Nghiêm cấm mọi hình thức mua đi bán lại, kinh doanh trái với qui định của LifeLink và cửa hàng. Cửa hàng có quyền từ chối áp dụng và thu hồi E-Gift khi phát hiện E-Gift đó nằm trong hành vi mua đi bán lại, kinh doanh trái với quy định của LifeLink và cửa hàng. Nếu giá trị đơn hàng của khách hàng vượt quá giá trị của E-Gift thì khách hàng phải thanh toán thêm khoản chênh lệch cho cửa hàng. Khách hàng có nhu cầu xuất hoá đơn vui lòng liên hệ cửa hàng. Khách hàng có trách nhiệm bảo mật thông tin mã thẻ quà tặng sau khi đặt mua. LifeLink sẽ không chịu trách nhiệm hoàn trả các mã thẻ bị mất hoặc ở trạng thái ""Đã sử dụng"" với bất kỳ lý do gì. LifeLink sẽ không chịu trách nhiệm đối với chất lượng sản phẩm hoặc dịch vụ được cung cấp cũng như đối với các tranh chấp về sau giữa khách hàng và nhà cung cấp. LifeLink có quyền sửa chữa hoặc thay đổi điều khoản và điều kiện sử dụng mà không thông báo trước. Địa điểm sử dụng: https://docs.google.com/spreadsheets/d/1OjoVoNuqJw1raJghv85x8bCTt-kbUn-m/edit?gid=343936087#gid=343936087","//cdn.lifelink.vn/img/s800x400/chuck_21052026163219.jpg?sign=pIzdcthk256TpZgiuNzpYA","33000.00","30000.00","2026-08-01T00:00:00.000Z","2026-12-31T23:59:59.000Z","2026-08-01T00:00:00.000Z","2026-12-31T23:59:59.000Z","91","81","true","5","on_sale","2026-08-26T00:00:00.000Z","2026-08-26T00:00:00.000Z"
"835095eb-7e60-4c27-bb88-91c2c48d4edb","958f8aad-181a-4ab3-9882-fa9aac6f18a5","4","Thẻ quà tặng Chuk Tea & Coffee - Chuk Express","Hãy để những khoảnh khắc thưởng thức trà và cà phê trở nên đáng nhớ hơn với thẻ quà tặng LifeLink từ Chuk Tea & Coffee - Chuk Express . Sản phẩm này không chỉ mang đến hương vị tinh tế từ thương hiệu danh tiếng mà còn là cầu nối gắn kết những giá trị văn hóa Việt trong từng giọt trà, ly cà phê. Chuk Tea & Coffee - Chuk Express tôn vinh bản sắc Việt trong từng sản phẩm Thẻ Quà Tặng Từ Chuk Tea & Coffee – Hành Trình Văn Hóa Và Hương Vị Chuk Tea & Coffee – Thương Hiệu Từ Tập Đoàn KIDO Chuk Tea & Coffee - Chuk Express là thành viên nổi bật thuộc Tập đoàn KIDO, kế thừa những giá trị cốt lõi về chất lượng và sự sáng tạo. Thương hiệu này không chỉ mang đến các dòng trà và cà phê cao cấp mà còn là niềm tự hào về văn hóa Việt Nam. Mỗi sản phẩm tại Chuk đều chứa đựng sự tinh tế, từ hương vị đặc sắc đến câu chuyện văn hóa đầy ý nghĩa. Sản phẩm đa dạng: Các dòng trà thanh mát, cà phê đậm đà và tráng miệng thơm ngon. Đẳng cấp từ nguồn gốc: Nguyên liệu tuyển chọn kỹ lưỡng, công nghệ chế biến hiện đại. Giá trị Việt trong từng sản phẩm: Tôn vinh bản sắc văn hóa và con người Việt Nam. Giá Trị Khi Sở Hữu Thẻ Quà Tặng Từ LifeLink Tiện lợi và linh hoạt: Thẻ quà tặng sử dụng dễ dàng, phù hợp nhiều nhu cầu. Lựa chọn quà tặng ý nghĩa: Mang đến trải nghiệm tuyệt vời cho người thân, bạn bè. Ưu đãi hấp dẫn: Sở hữu các ưu đãi đặc biệt khi mua thẻ trên LifeLink. LifeLink – Địa Điểm Uy Tín Cho Thẻ Quà Tặng Cao Cấp Sản Phẩm Đáng Tin Cậy LifeLink là nền tảng hàng đầu cung cấp thẻ quà tặng từ những thương hiệu uy tín như Chuk Tea & Coffee - Chuk Express . Sự kết hợp này không chỉ mang lại trải nghiệm mua sắm thuận tiện mà còn đảm bảo giá trị cao cấp trong từng sản phẩm. Đặc Quyền Khi Mua Sắm Tại LifeLink Đặt hàng nhanh chóng: Giao dịch dễ dàng qua nền tảng online. Ưu đãi độc quyền: Giảm giá, tích điểm, cùng nhiều chương trình hấp dẫn. Chất lượng dịch vụ: Cam kết sản phẩm chính hãng, hỗ trợ khách hàng tận tâm. Hãy sở hữu ngay thẻ quà tặng LifeLink từ Chuk Tea & Coffee - Chuk Express để khám phá hành trình hương vị và văn hóa đặc sắc. Đặt hàng dễ dàng, ưu đãi hấp dẫn – món quà ý nghĩa dành cho những người bạn yêu thương! LifeLink | Quý Khách vui lòng xuất trình E-Gift trước khi thanh toán. Mỗi E-Gift được sử dụng 01 lần, có thể áp dụng nhiều E-Gift cho 01 hóa đơn. E-Gift có giá trị tương đương tiền mặt. Không có giá trị quy đổi thành tiền mặt, không được hoàn trả tiền thừa. Không chấp nhận mã E-Gift quá hạn sử dụng, trạng thái đã sử dụng. E-Gift được áp dụng song song với các ưu đãi tại cửa hàng. Nhưng không áp dụng chung với ưu đãi của đối tác khác. Cửa hàng chịu trách nhiệm xuất hóa đơn tài chính khi khách hàng yêu cầu. Nghiêm cấm mọi hình thức mua đi bán lại, kinh doanh trái với qui định của LifeLink và cửa hàng. Cửa hàng có quyền từ chối áp dụng và thu hồi E-Gift khi phát hiện E-Gift đó nằm trong hành vi mua đi bán lại, kinh doanh trái với quy định của LifeLink và cửa hàng. Nếu giá trị đơn hàng của khách hàng vượt quá giá trị của E-Gift thì khách hàng phải thanh toán thêm khoản chênh lệch cho cửa hàng. Khách hàng có nhu cầu xuất hoá đơn vui lòng liên hệ cửa hàng. Khách hàng có trách nhiệm bảo mật thông tin mã thẻ quà tặng sau khi đặt mua. LifeLink sẽ không chịu trách nhiệm hoàn trả các mã thẻ bị mất hoặc ở trạng thái ""Đã sử dụng"" với bất kỳ lý do gì. LifeLink sẽ không chịu trách nhiệm đối với chất lượng sản phẩm hoặc dịch vụ được cung cấp cũng như đối với các tranh chấp về sau giữa khách hàng và nhà cung cấp. LifeLink có quyền sửa chữa hoặc thay đổi điều khoản và điều kiện sử dụng mà không thông báo trước. Địa điểm sử dụng: https://docs.google.com/spreadsheets/d/1OjoVoNuqJw1raJghv85x8bCTt-kbUn-m/edit?gid=343936087#gid=343936087","//cdn.lifelink.vn/img/s800x400/chuck_21052026163219.jpg?sign=pIzdcthk256TpZgiuNzpYA","220000.00","200000.00","2026-08-01T00:00:00.000Z","2026-12-31T23:59:59.000Z","2026-08-01T00:00:00.000Z","2026-12-31T23:59:59.000Z","58","48","true","4","on_sale","2026-08-26T00:00:00.000Z","2026-08-26T00:00:00.000Z"
"3a3b7b9c-cb80-40ea-b3aa-ea8d3591e4a0","958f8aad-181a-4ab3-9882-fa9aac6f18a5","4","Thẻ quà tặng Chuk Tea & Coffee - Chuk Express","Hãy để những khoảnh khắc thưởng thức trà và cà phê trở nên đáng nhớ hơn với thẻ quà tặng LifeLink từ Chuk Tea & Coffee - Chuk Express . Sản phẩm này không chỉ mang đến hương vị tinh tế từ thương hiệu danh tiếng mà còn là cầu nối gắn kết những giá trị văn hóa Việt trong từng giọt trà, ly cà phê. Chuk Tea & Coffee - Chuk Express tôn vinh bản sắc Việt trong từng sản phẩm Thẻ Quà Tặng Từ Chuk Tea & Coffee – Hành Trình Văn Hóa Và Hương Vị Chuk Tea & Coffee – Thương Hiệu Từ Tập Đoàn KIDO Chuk Tea & Coffee - Chuk Express là thành viên nổi bật thuộc Tập đoàn KIDO, kế thừa những giá trị cốt lõi về chất lượng và sự sáng tạo. Thương hiệu này không chỉ mang đến các dòng trà và cà phê cao cấp mà còn là niềm tự hào về văn hóa Việt Nam. Mỗi sản phẩm tại Chuk đều chứa đựng sự tinh tế, từ hương vị đặc sắc đến câu chuyện văn hóa đầy ý nghĩa. Sản phẩm đa dạng: Các dòng trà thanh mát, cà phê đậm đà và tráng miệng thơm ngon. Đẳng cấp từ nguồn gốc: Nguyên liệu tuyển chọn kỹ lưỡng, công nghệ chế biến hiện đại. Giá trị Việt trong từng sản phẩm: Tôn vinh bản sắc văn hóa và con người Việt Nam. Giá Trị Khi Sở Hữu Thẻ Quà Tặng Từ LifeLink Tiện lợi và linh hoạt: Thẻ quà tặng sử dụng dễ dàng, phù hợp nhiều nhu cầu. Lựa chọn quà tặng ý nghĩa: Mang đến trải nghiệm tuyệt vời cho người thân, bạn bè. Ưu đãi hấp dẫn: Sở hữu các ưu đãi đặc biệt khi mua thẻ trên LifeLink. LifeLink – Địa Điểm Uy Tín Cho Thẻ Quà Tặng Cao Cấp Sản Phẩm Đáng Tin Cậy LifeLink là nền tảng hàng đầu cung cấp thẻ quà tặng từ những thương hiệu uy tín như Chuk Tea & Coffee - Chuk Express . Sự kết hợp này không chỉ mang lại trải nghiệm mua sắm thuận tiện mà còn đảm bảo giá trị cao cấp trong từng sản phẩm. Đặc Quyền Khi Mua Sắm Tại LifeLink Đặt hàng nhanh chóng: Giao dịch dễ dàng qua nền tảng online. Ưu đãi độc quyền: Giảm giá, tích điểm, cùng nhiều chương trình hấp dẫn. Chất lượng dịch vụ: Cam kết sản phẩm chính hãng, hỗ trợ khách hàng tận tâm. Hãy sở hữu ngay thẻ quà tặng LifeLink từ Chuk Tea & Coffee - Chuk Express để khám phá hành trình hương vị và văn hóa đặc sắc. Đặt hàng dễ dàng, ưu đãi hấp dẫn – món quà ý nghĩa dành cho những người bạn yêu thương! LifeLink | Quý Khách vui lòng xuất trình E-Gift trước khi thanh toán. Mỗi E-Gift được sử dụng 01 lần, có thể áp dụng nhiều E-Gift cho 01 hóa đơn. E-Gift có giá trị tương đương tiền mặt. Không có giá trị quy đổi thành tiền mặt, không được hoàn trả tiền thừa. Không chấp nhận mã E-Gift quá hạn sử dụng, trạng thái đã sử dụng. E-Gift được áp dụng song song với các ưu đãi tại cửa hàng. Nhưng không áp dụng chung với ưu đãi của đối tác khác. Cửa hàng chịu trách nhiệm xuất hóa đơn tài chính khi khách hàng yêu cầu. Nghiêm cấm mọi hình thức mua đi bán lại, kinh doanh trái với qui định của LifeLink và cửa hàng. Cửa hàng có quyền từ chối áp dụng và thu hồi E-Gift khi phát hiện E-Gift đó nằm trong hành vi mua đi bán lại, kinh doanh trái với quy định của LifeLink và cửa hàng. Nếu giá trị đơn hàng của khách hàng vượt quá giá trị của E-Gift thì khách hàng phải thanh toán thêm khoản chênh lệch cho cửa hàng. Khách hàng có nhu cầu xuất hoá đơn vui lòng liên hệ cửa hàng. Khách hàng có trách nhiệm bảo mật thông tin mã thẻ quà tặng sau khi đặt mua. LifeLink sẽ không chịu trách nhiệm hoàn trả các mã thẻ bị mất hoặc ở trạng thái ""Đã sử dụng"" với bất kỳ lý do gì. LifeLink sẽ không chịu trách nhiệm đối với chất lượng sản phẩm hoặc dịch vụ được cung cấp cũng như đối với các tranh chấp về sau giữa khách hàng và nhà cung cấp. LifeLink có quyền sửa chữa hoặc thay đổi điều khoản và điều kiện sử dụng mà không thông báo trước. Địa điểm sử dụng: https://docs.google.com/spreadsheets/d/1OjoVoNuqJw1raJghv85x8bCTt-kbUn-m/edit?gid=343936087#gid=343936087","//cdn.lifelink.vn/img/s800x400/chuck_21052026163219.jpg?sign=pIzdcthk256TpZgiuNzpYA","110000.00","100000.00","2026-08-01T00:00:00.000Z","2026-12-31T23:59:59.000Z","2026-08-01T00:00:00.000Z","2026-12-31T23:59:59.000Z","85","75","true","4","on_sale","2026-08-26T00:00:00.000Z","2026-08-26T00:00:00.000Z"
"a8f85321-0bd2-4ac4-9667-65187b22de1e","958f8aad-181a-4ab3-9882-fa9aac6f18a5","4","Thẻ quà tặng Chuk Tea & Coffee - Chuk Express","Hãy để những khoảnh khắc thưởng thức trà và cà phê trở nên đáng nhớ hơn với thẻ quà tặng LifeLink từ Chuk Tea & Coffee - Chuk Express . Sản phẩm này không chỉ mang đến hương vị tinh tế từ thương hiệu danh tiếng mà còn là cầu nối gắn kết những giá trị văn hóa Việt trong từng giọt trà, ly cà phê. Chuk Tea & Coffee - Chuk Express tôn vinh bản sắc Việt trong từng sản phẩm Thẻ Quà Tặng Từ Chuk Tea & Coffee – Hành Trình Văn Hóa Và Hương Vị Chuk Tea & Coffee – Thương Hiệu Từ Tập Đoàn KIDO Chuk Tea & Coffee - Chuk Express là thành viên nổi bật thuộc Tập đoàn KIDO, kế thừa những giá trị cốt lõi về chất lượng và sự sáng tạo. Thương hiệu này không chỉ mang đến các dòng trà và cà phê cao cấp mà còn là niềm tự hào về văn hóa Việt Nam. Mỗi sản phẩm tại Chuk đều chứa đựng sự tinh tế, từ hương vị đặc sắc đến câu chuyện văn hóa đầy ý nghĩa. Sản phẩm đa dạng: Các dòng trà thanh mát, cà phê đậm đà và tráng miệng thơm ngon. Đẳng cấp từ nguồn gốc: Nguyên liệu tuyển chọn kỹ lưỡng, công nghệ chế biến hiện đại. Giá trị Việt trong từng sản phẩm: Tôn vinh bản sắc văn hóa và con người Việt Nam. Giá Trị Khi Sở Hữu Thẻ Quà Tặng Từ LifeLink Tiện lợi và linh hoạt: Thẻ quà tặng sử dụng dễ dàng, phù hợp nhiều nhu cầu. Lựa chọn quà tặng ý nghĩa: Mang đến trải nghiệm tuyệt vời cho người thân, bạn bè. Ưu đãi hấp dẫn: Sở hữu các ưu đãi đặc biệt khi mua thẻ trên LifeLink. LifeLink – Địa Điểm Uy Tín Cho Thẻ Quà Tặng Cao Cấp Sản Phẩm Đáng Tin Cậy LifeLink là nền tảng hàng đầu cung cấp thẻ quà tặng từ những thương hiệu uy tín như Chuk Tea & Coffee - Chuk Express . Sự kết hợp này không chỉ mang lại trải nghiệm mua sắm thuận tiện mà còn đảm bảo giá trị cao cấp trong từng sản phẩm. Đặc Quyền Khi Mua Sắm Tại LifeLink Đặt hàng nhanh chóng: Giao dịch dễ dàng qua nền tảng online. Ưu đãi độc quyền: Giảm giá, tích điểm, cùng nhiều chương trình hấp dẫn. Chất lượng dịch vụ: Cam kết sản phẩm chính hãng, hỗ trợ khách hàng tận tâm. Hãy sở hữu ngay thẻ quà tặng LifeLink từ Chuk Tea & Coffee - Chuk Express để khám phá hành trình hương vị và văn hóa đặc sắc. Đặt hàng dễ dàng, ưu đãi hấp dẫn – món quà ý nghĩa dành cho những người bạn yêu thương! LifeLink | Quý Khách vui lòng xuất trình E-Gift trước khi thanh toán. Mỗi E-Gift được sử dụng 01 lần, có thể áp dụng nhiều E-Gift cho 01 hóa đơn. E-Gift có giá trị tương đương tiền mặt. Không có giá trị quy đổi thành tiền mặt, không được hoàn trả tiền thừa. Không chấp nhận mã E-Gift quá hạn sử dụng, trạng thái đã sử dụng. E-Gift được áp dụng song song với các ưu đãi tại cửa hàng. Nhưng không áp dụng chung với ưu đãi của đối tác khác. Cửa hàng chịu trách nhiệm xuất hóa đơn tài chính khi khách hàng yêu cầu. Nghiêm cấm mọi hình thức mua đi bán lại, kinh doanh trái với qui định của LifeLink và cửa hàng. Cửa hàng có quyền từ chối áp dụng và thu hồi E-Gift khi phát hiện E-Gift đó nằm trong hành vi mua đi bán lại, kinh doanh trái với quy định của LifeLink và cửa hàng. Nếu giá trị đơn hàng của khách hàng vượt quá giá trị của E-Gift thì khách hàng phải thanh toán thêm khoản chênh lệch cho cửa hàng. Khách hàng có nhu cầu xuất hoá đơn vui lòng liên hệ cửa hàng. Khách hàng có trách nhiệm bảo mật thông tin mã thẻ quà tặng sau khi đặt mua. LifeLink sẽ không chịu trách nhiệm hoàn trả các mã thẻ bị mất hoặc ở trạng thái ""Đã sử dụng"" với bất kỳ lý do gì. LifeLink sẽ không chịu trách nhiệm đối với chất lượng sản phẩm hoặc dịch vụ được cung cấp cũng như đối với các tranh chấp về sau giữa khách hàng và nhà cung cấp. LifeLink có quyền sửa chữa hoặc thay đổi điều khoản và điều kiện sử dụng mà không thông báo trước. Địa điểm sử dụng: https://docs.google.com/spreadsheets/d/1OjoVoNuqJw1raJghv85x8bCTt-kbUn-m/edit?gid=343936087#gid=343936087","//cdn.lifelink.vn/img/s800x400/chuck_21052026163219.jpg?sign=pIzdcthk256TpZgiuNzpYA","55000.00","50000.00","2026-08-01T00:00:00.000Z","2026-12-31T23:59:59.000Z","2026-08-01T00:00:00.000Z","2026-12-31T23:59:59.000Z","36","26","true","5","on_sale","2026-08-26T00:00:00.000Z","2026-08-26T00:00:00.000Z"
"df94bc28-7db0-4d1b-ad82-6aafc65d4ff7","a8ca7c64-5180-474e-b057-10a46aa8846d","1","Thẻ quà tặng ToCoToCo","Khi nhắc đến trà sữa ToCoToCo, là nhắc đến một trải nghiệm độc đáo với hương vị đặc biệt, được làm từ những nguyên liệu tươi ngon, đậm đà hương sắc của quê hương Việt Nam. Đến với Thẻ quà tặng ToCoToCo là lựa chọn hoàn hảo mang đến cho bạn ly trà sữa không chỉ ngon mà còn giàu dinh dưỡng, chinh phục trái tim của các tín đồ trà sữa đích thực. Với hương vị đậm đà và phong cách phục vụ chuyên nghiệp, ToCoToCo là lựa chọn hàng đầu cho những tín đồ trà sữa Việt. Thẻ quà tặng ToCoToCo - Trà sữa Việt với hương vị tự nhiên ToCoToCo là thương hiệu trà sữa nổi bật tại Việt Nam. ToCoToCo là một thương hiệu trà sữa Việt Nam được ra đời vào năm 2013. Với sứ mệnh khai thác nguồn nông sản Việt Nam, ToCoToCo mang đến những ly trà sữa tươi ngon và giàu dinh dưỡng, được pha chế từ những nguyên liệu đặc trưng của từng vùng miền. Trà Mộc Châu, trân châu sắn dây Nghệ An và mứt dâu tằm Đà Lạt chính là những đặc sản tạo nên hương vị đặc biệt của ToCoToCo. Mỗi ly trà sữa ToCoToCo đều mang đậm hương vị tự nhiên, thơm ngon, là sự kết hợp hoàn hảo giữa trà và các topping phong phú, được chế biến từ nguyên liệu sạch và tươi mới. Điều này không chỉ giúp bạn thưởng thức hương vị trà sữa đậm đà mà còn đảm bảo an toàn sức khỏe cho mọi khách hàng. Mỗi ly trà sữa là sự kết hợp hoàn hảo giữa hương vị tự nhiên và dinh dưỡng. Hành trình phát triển của ToCoToCo Với một hệ thống cửa hàng phủ sóng rộng khắp các thành phố lớn, ToCoToCo luôn mang đến sự tiện lợi, nhanh chóng cho những tín đồ trà sữa. Cùng với các kênh bán hàng online, bạn có thể dễ dàng thưởng thức trà sữa ToCoToCo mọi lúc, mọi nơi. Sự hiện diện mạnh mẽ của ToCoToCo tại Việt Nam là minh chứng cho chất lượng sản phẩm và niềm tin mà khách hàng dành cho thương hiệu này. ToCoToCo đã phát triển mạnh mẽ và hiện nay đã có gần 1000 cửa hàng trên khắp cả nước. Không chỉ được yêu thích nhờ chất lượng sản phẩm, ToCoToCo còn chú trọng đến dịch vụ khách hàng và liên tục cải tiến để đáp ứng nhu cầu thị trường. Trải nghiệm trà sữa ToCoToCo để cảm nhận sự khác biệt trong từng ngụm trà sữa đặc biệt. Thẻ Quà Tặng LifeLink - Món Quà Ý Nghĩa LifeLink cung cấp thẻ quà tặng ToCoToCo giúp bạn dễ dàng mua sắm và thưởng thức trà sữa mà không cần phải lo lắng về giá cả. Với thẻ quà tặng LifeLink, bạn có thể sử dụng tại bất kỳ cửa hàng ToCoToCo trên toàn quốc, nhận ưu đãi hấp dẫn và tận hưởng những trải nghiệm ẩm thực thú vị. Thẻ quà tặng LifeLink chính là món quà tuyệt vời cho bạn bè, người thân và đồng nghiệp. Bạn có thể mua thẻ quà tặng LifeLink với giá trị linh hoạt, phù hợp với mọi đối tượng và mục đích sử dụng. Đây là lựa chọn lý tưởng cho những ai yêu thích trà sữa ToCoToCo và muốn dành tặng những khoảnh khắc thư giãn tuyệt vời. Đừng bỏ lỡ cơ hội nhận ngay thẻ quà tặng LifeLink để thưởng thức trà sữa ToCoToCo tại các cửa hàng trên toàn quốc. Hãy nhanh tay đặt thẻ quà tặng LifeLink và gửi tặng những người thân yêu để họ có thể trải nghiệm những ly trà sữa tuyệt vời từ ToCoToCo. LifeLink | Mỗi E-Gift chỉ được sử dụng 01 lần có thể áp dụng được nhiều E-Gift cho 01 đơn hàng. E-Gift chỉ áp dụng sử dụng trực tiếp tại cửa hàng. E-Gift không có giá trị quy đổi thành tiền mặt, không được hoàn trả tiền thừa. E-Gift không hoàn trả hoặc bán lại được. Nếu giá tiền đơn đặt hàng của khách hàng vượt quá giá trị của E-Gift thì khách hàng phải thanh toán thêm số tiền chênh lệch đó. E-Gift được áp dụng chung với các chương trình khuyến mãi khác tại nhà hàng. E-Gift được sử dụng trong các ngày Lễ Tết. Giá trên menu đã bao gồm VAT. Cửa hàng sẽ xuất hoá đơn VAT khi khách hàng có nhu cầu. Khách hàng có trách nhiệm bảo mật thông tin mã thẻ quà tặng sau khi đặt mua. LifeLink sẽ không chịu trách nhiệm hoàn trả các mã thẻ bị mất hoặc ở trạng thái ""Đã sử dụng"" với bất kỳ lý do gì. LifeLink sẽ không chịu trách nhiệm đối với chất lượng sản phẩm hoặc dịch vụ được cung cấp cũng như đối với các tranh chấp về sau giữa khách hàng và nhà cung cấp. LifeLink có quyền sửa chữa hoặc thay đổi điều khoản và điều kiện sử dụng mà không thông báo trước. Hotline hỗ trợ: 1900 2065 Địa điểm sử dụng: https://docs.google.com/spreadsheets/d/1EmbvwlcA0jvMy70K0laoAn3wmgem-sO6/edit?gid=1833913510#gid=1833913510","//cdn.lifelink.vn/img/s800x400/tocotoco_05122024160300.jpg?sign=z6JrD3R1jb2FMO9T0oPqrQ","33000.00","30000.00","2026-08-01T00:00:00.000Z","2026-12-31T23:59:59.000Z","2026-08-01T00:00:00.000Z","2026-12-31T23:59:59.000Z","102","92","true","5","on_sale","2026-08-26T00:00:00.000Z","2026-08-26T00:00:00.000Z"
"b88fa22e-014c-46bf-a1ce-665b03645add","a8ca7c64-5180-474e-b057-10a46aa8846d","1","Thẻ quà tặng ToCoToCo","Khi nhắc đến trà sữa ToCoToCo, là nhắc đến một trải nghiệm độc đáo với hương vị đặc biệt, được làm từ những nguyên liệu tươi ngon, đậm đà hương sắc của quê hương Việt Nam. Đến với Thẻ quà tặng ToCoToCo là lựa chọn hoàn hảo mang đến cho bạn ly trà sữa không chỉ ngon mà còn giàu dinh dưỡng, chinh phục trái tim của các tín đồ trà sữa đích thực. Với hương vị đậm đà và phong cách phục vụ chuyên nghiệp, ToCoToCo là lựa chọn hàng đầu cho những tín đồ trà sữa Việt. Thẻ quà tặng ToCoToCo - Trà sữa Việt với hương vị tự nhiên ToCoToCo là thương hiệu trà sữa nổi bật tại Việt Nam. ToCoToCo là một thương hiệu trà sữa Việt Nam được ra đời vào năm 2013. Với sứ mệnh khai thác nguồn nông sản Việt Nam, ToCoToCo mang đến những ly trà sữa tươi ngon và giàu dinh dưỡng, được pha chế từ những nguyên liệu đặc trưng của từng vùng miền. Trà Mộc Châu, trân châu sắn dây Nghệ An và mứt dâu tằm Đà Lạt chính là những đặc sản tạo nên hương vị đặc biệt của ToCoToCo. Mỗi ly trà sữa ToCoToCo đều mang đậm hương vị tự nhiên, thơm ngon, là sự kết hợp hoàn hảo giữa trà và các topping phong phú, được chế biến từ nguyên liệu sạch và tươi mới. Điều này không chỉ giúp bạn thưởng thức hương vị trà sữa đậm đà mà còn đảm bảo an toàn sức khỏe cho mọi khách hàng. Mỗi ly trà sữa là sự kết hợp hoàn hảo giữa hương vị tự nhiên và dinh dưỡng. Hành trình phát triển của ToCoToCo Với một hệ thống cửa hàng phủ sóng rộng khắp các thành phố lớn, ToCoToCo luôn mang đến sự tiện lợi, nhanh chóng cho những tín đồ trà sữa. Cùng với các kênh bán hàng online, bạn có thể dễ dàng thưởng thức trà sữa ToCoToCo mọi lúc, mọi nơi. Sự hiện diện mạnh mẽ của ToCoToCo tại Việt Nam là minh chứng cho chất lượng sản phẩm và niềm tin mà khách hàng dành cho thương hiệu này. ToCoToCo đã phát triển mạnh mẽ và hiện nay đã có gần 1000 cửa hàng trên khắp cả nước. Không chỉ được yêu thích nhờ chất lượng sản phẩm, ToCoToCo còn chú trọng đến dịch vụ khách hàng và liên tục cải tiến để đáp ứng nhu cầu thị trường. Trải nghiệm trà sữa ToCoToCo để cảm nhận sự khác biệt trong từng ngụm trà sữa đặc biệt. Thẻ Quà Tặng LifeLink - Món Quà Ý Nghĩa LifeLink cung cấp thẻ quà tặng ToCoToCo giúp bạn dễ dàng mua sắm và thưởng thức trà sữa mà không cần phải lo lắng về giá cả. Với thẻ quà tặng LifeLink, bạn có thể sử dụng tại bất kỳ cửa hàng ToCoToCo trên toàn quốc, nhận ưu đãi hấp dẫn và tận hưởng những trải nghiệm ẩm thực thú vị. Thẻ quà tặng LifeLink chính là món quà tuyệt vời cho bạn bè, người thân và đồng nghiệp. Bạn có thể mua thẻ quà tặng LifeLink với giá trị linh hoạt, phù hợp với mọi đối tượng và mục đích sử dụng. Đây là lựa chọn lý tưởng cho những ai yêu thích trà sữa ToCoToCo và muốn dành tặng những khoảnh khắc thư giãn tuyệt vời. Đừng bỏ lỡ cơ hội nhận ngay thẻ quà tặng LifeLink để thưởng thức trà sữa ToCoToCo tại các cửa hàng trên toàn quốc. Hãy nhanh tay đặt thẻ quà tặng LifeLink và gửi tặng những người thân yêu để họ có thể trải nghiệm những ly trà sữa tuyệt vời từ ToCoToCo. LifeLink | Mỗi E-Gift chỉ được sử dụng 01 lần có thể áp dụng được nhiều E-Gift cho 01 đơn hàng. E-Gift chỉ áp dụng sử dụng trực tiếp tại cửa hàng. E-Gift không có giá trị quy đổi thành tiền mặt, không được hoàn trả tiền thừa. E-Gift không hoàn trả hoặc bán lại được. Nếu giá tiền đơn đặt hàng của khách hàng vượt quá giá trị của E-Gift thì khách hàng phải thanh toán thêm số tiền chênh lệch đó. E-Gift được áp dụng chung với các chương trình khuyến mãi khác tại nhà hàng. E-Gift được sử dụng trong các ngày Lễ Tết. Giá trên menu đã bao gồm VAT. Cửa hàng sẽ xuất hoá đơn VAT khi khách hàng có nhu cầu. Khách hàng có trách nhiệm bảo mật thông tin mã thẻ quà tặng sau khi đặt mua. LifeLink sẽ không chịu trách nhiệm hoàn trả các mã thẻ bị mất hoặc ở trạng thái ""Đã sử dụng"" với bất kỳ lý do gì. LifeLink sẽ không chịu trách nhiệm đối với chất lượng sản phẩm hoặc dịch vụ được cung cấp cũng như đối với các tranh chấp về sau giữa khách hàng và nhà cung cấp. LifeLink có quyền sửa chữa hoặc thay đổi điều khoản và điều kiện sử dụng mà không thông báo trước. Hotline hỗ trợ: 1900 2065 Địa điểm sử dụng: https://docs.google.com/spreadsheets/d/1EmbvwlcA0jvMy70K0laoAn3wmgem-sO6/edit?gid=1833913510#gid=1833913510","//cdn.lifelink.vn/img/s800x400/tocotoco_05122024160300.jpg?sign=z6JrD3R1jb2FMO9T0oPqrQ","55000.00","50000.00","2026-08-01T00:00:00.000Z","2026-12-31T23:59:59.000Z","2026-08-01T00:00:00.000Z","2026-12-31T23:59:59.000Z","20","10","true","5","on_sale","2026-08-26T00:00:00.000Z","2026-08-26T00:00:00.000Z"
"ce29fd75-68a0-474b-a4df-67e71d35a1a0","a8ca7c64-5180-474e-b057-10a46aa8846d","1","Thẻ quà tặng ToCoToCo","Khi nhắc đến trà sữa ToCoToCo, là nhắc đến một trải nghiệm độc đáo với hương vị đặc biệt, được làm từ những nguyên liệu tươi ngon, đậm đà hương sắc của quê hương Việt Nam. Đến với Thẻ quà tặng ToCoToCo là lựa chọn hoàn hảo mang đến cho bạn ly trà sữa không chỉ ngon mà còn giàu dinh dưỡng, chinh phục trái tim của các tín đồ trà sữa đích thực. Với hương vị đậm đà và phong cách phục vụ chuyên nghiệp, ToCoToCo là lựa chọn hàng đầu cho những tín đồ trà sữa Việt. Thẻ quà tặng ToCoToCo - Trà sữa Việt với hương vị tự nhiên ToCoToCo là thương hiệu trà sữa nổi bật tại Việt Nam. ToCoToCo là một thương hiệu trà sữa Việt Nam được ra đời vào năm 2013. Với sứ mệnh khai thác nguồn nông sản Việt Nam, ToCoToCo mang đến những ly trà sữa tươi ngon và giàu dinh dưỡng, được pha chế từ những nguyên liệu đặc trưng của từng vùng miền. Trà Mộc Châu, trân châu sắn dây Nghệ An và mứt dâu tằm Đà Lạt chính là những đặc sản tạo nên hương vị đặc biệt của ToCoToCo. Mỗi ly trà sữa ToCoToCo đều mang đậm hương vị tự nhiên, thơm ngon, là sự kết hợp hoàn hảo giữa trà và các topping phong phú, được chế biến từ nguyên liệu sạch và tươi mới. Điều này không chỉ giúp bạn thưởng thức hương vị trà sữa đậm đà mà còn đảm bảo an toàn sức khỏe cho mọi khách hàng. Mỗi ly trà sữa là sự kết hợp hoàn hảo giữa hương vị tự nhiên và dinh dưỡng. Hành trình phát triển của ToCoToCo Với một hệ thống cửa hàng phủ sóng rộng khắp các thành phố lớn, ToCoToCo luôn mang đến sự tiện lợi, nhanh chóng cho những tín đồ trà sữa. Cùng với các kênh bán hàng online, bạn có thể dễ dàng thưởng thức trà sữa ToCoToCo mọi lúc, mọi nơi. Sự hiện diện mạnh mẽ của ToCoToCo tại Việt Nam là minh chứng cho chất lượng sản phẩm và niềm tin mà khách hàng dành cho thương hiệu này. ToCoToCo đã phát triển mạnh mẽ và hiện nay đã có gần 1000 cửa hàng trên khắp cả nước. Không chỉ được yêu thích nhờ chất lượng sản phẩm, ToCoToCo còn chú trọng đến dịch vụ khách hàng và liên tục cải tiến để đáp ứng nhu cầu thị trường. Trải nghiệm trà sữa ToCoToCo để cảm nhận sự khác biệt trong từng ngụm trà sữa đặc biệt. Thẻ Quà Tặng LifeLink - Món Quà Ý Nghĩa LifeLink cung cấp thẻ quà tặng ToCoToCo giúp bạn dễ dàng mua sắm và thưởng thức trà sữa mà không cần phải lo lắng về giá cả. Với thẻ quà tặng LifeLink, bạn có thể sử dụng tại bất kỳ cửa hàng ToCoToCo trên toàn quốc, nhận ưu đãi hấp dẫn và tận hưởng những trải nghiệm ẩm thực thú vị. Thẻ quà tặng LifeLink chính là món quà tuyệt vời cho bạn bè, người thân và đồng nghiệp. Bạn có thể mua thẻ quà tặng LifeLink với giá trị linh hoạt, phù hợp với mọi đối tượng và mục đích sử dụng. Đây là lựa chọn lý tưởng cho những ai yêu thích trà sữa ToCoToCo và muốn dành tặng những khoảnh khắc thư giãn tuyệt vời. Đừng bỏ lỡ cơ hội nhận ngay thẻ quà tặng LifeLink để thưởng thức trà sữa ToCoToCo tại các cửa hàng trên toàn quốc. Hãy nhanh tay đặt thẻ quà tặng LifeLink và gửi tặng những người thân yêu để họ có thể trải nghiệm những ly trà sữa tuyệt vời từ ToCoToCo. LifeLink | Mỗi E-Gift chỉ được sử dụng 01 lần có thể áp dụng được nhiều E-Gift cho 01 đơn hàng. E-Gift chỉ áp dụng sử dụng trực tiếp tại cửa hàng. E-Gift không có giá trị quy đổi thành tiền mặt, không được hoàn trả tiền thừa. E-Gift không hoàn trả hoặc bán lại được. Nếu giá tiền đơn đặt hàng của khách hàng vượt quá giá trị của E-Gift thì khách hàng phải thanh toán thêm số tiền chênh lệch đó. E-Gift được áp dụng chung với các chương trình khuyến mãi khác tại nhà hàng. E-Gift được sử dụng trong các ngày Lễ Tết. Giá trên menu đã bao gồm VAT. Cửa hàng sẽ xuất hoá đơn VAT khi khách hàng có nhu cầu. Khách hàng có trách nhiệm bảo mật thông tin mã thẻ quà tặng sau khi đặt mua. LifeLink sẽ không chịu trách nhiệm hoàn trả các mã thẻ bị mất hoặc ở trạng thái ""Đã sử dụng"" với bất kỳ lý do gì. LifeLink sẽ không chịu trách nhiệm đối với chất lượng sản phẩm hoặc dịch vụ được cung cấp cũng như đối với các tranh chấp về sau giữa khách hàng và nhà cung cấp. LifeLink có quyền sửa chữa hoặc thay đổi điều khoản và điều kiện sử dụng mà không thông báo trước. Hotline hỗ trợ: 1900 2065 Địa điểm sử dụng: https://docs.google.com/spreadsheets/d/1EmbvwlcA0jvMy70K0laoAn3wmgem-sO6/edit?gid=1833913510#gid=1833913510","//cdn.lifelink.vn/img/s800x400/tocotoco_05122024160300.jpg?sign=z6JrD3R1jb2FMO9T0oPqrQ","110000.00","100000.00","2026-08-01T00:00:00.000Z","2026-12-31T23:59:59.000Z","2026-08-01T00:00:00.000Z","2026-12-31T23:59:59.000Z","17","7","true","4","on_sale","2026-08-26T00:00:00.000Z","2026-08-26T00:00:00.000Z"
"73f5537d-0ec3-46e2-9e5d-d73c0216fae4","a8ca7c64-5180-474e-b057-10a46aa8846d","1","Thẻ quà tặng ToCoToCo","Khi nhắc đến trà sữa ToCoToCo, là nhắc đến một trải nghiệm độc đáo với hương vị đặc biệt, được làm từ những nguyên liệu tươi ngon, đậm đà hương sắc của quê hương Việt Nam. Đến với Thẻ quà tặng ToCoToCo là lựa chọn hoàn hảo mang đến cho bạn ly trà sữa không chỉ ngon mà còn giàu dinh dưỡng, chinh phục trái tim của các tín đồ trà sữa đích thực. Với hương vị đậm đà và phong cách phục vụ chuyên nghiệp, ToCoToCo là lựa chọn hàng đầu cho những tín đồ trà sữa Việt. Thẻ quà tặng ToCoToCo - Trà sữa Việt với hương vị tự nhiên ToCoToCo là thương hiệu trà sữa nổi bật tại Việt Nam. ToCoToCo là một thương hiệu trà sữa Việt Nam được ra đời vào năm 2013. Với sứ mệnh khai thác nguồn nông sản Việt Nam, ToCoToCo mang đến những ly trà sữa tươi ngon và giàu dinh dưỡng, được pha chế từ những nguyên liệu đặc trưng của từng vùng miền. Trà Mộc Châu, trân châu sắn dây Nghệ An và mứt dâu tằm Đà Lạt chính là những đặc sản tạo nên hương vị đặc biệt của ToCoToCo. Mỗi ly trà sữa ToCoToCo đều mang đậm hương vị tự nhiên, thơm ngon, là sự kết hợp hoàn hảo giữa trà và các topping phong phú, được chế biến từ nguyên liệu sạch và tươi mới. Điều này không chỉ giúp bạn thưởng thức hương vị trà sữa đậm đà mà còn đảm bảo an toàn sức khỏe cho mọi khách hàng. Mỗi ly trà sữa là sự kết hợp hoàn hảo giữa hương vị tự nhiên và dinh dưỡng. Hành trình phát triển của ToCoToCo Với một hệ thống cửa hàng phủ sóng rộng khắp các thành phố lớn, ToCoToCo luôn mang đến sự tiện lợi, nhanh chóng cho những tín đồ trà sữa. Cùng với các kênh bán hàng online, bạn có thể dễ dàng thưởng thức trà sữa ToCoToCo mọi lúc, mọi nơi. Sự hiện diện mạnh mẽ của ToCoToCo tại Việt Nam là minh chứng cho chất lượng sản phẩm và niềm tin mà khách hàng dành cho thương hiệu này. ToCoToCo đã phát triển mạnh mẽ và hiện nay đã có gần 1000 cửa hàng trên khắp cả nước. Không chỉ được yêu thích nhờ chất lượng sản phẩm, ToCoToCo còn chú trọng đến dịch vụ khách hàng và liên tục cải tiến để đáp ứng nhu cầu thị trường. Trải nghiệm trà sữa ToCoToCo để cảm nhận sự khác biệt trong từng ngụm trà sữa đặc biệt. Thẻ Quà Tặng LifeLink - Món Quà Ý Nghĩa LifeLink cung cấp thẻ quà tặng ToCoToCo giúp bạn dễ dàng mua sắm và thưởng thức trà sữa mà không cần phải lo lắng về giá cả. Với thẻ quà tặng LifeLink, bạn có thể sử dụng tại bất kỳ cửa hàng ToCoToCo trên toàn quốc, nhận ưu đãi hấp dẫn và tận hưởng những trải nghiệm ẩm thực thú vị. Thẻ quà tặng LifeLink chính là món quà tuyệt vời cho bạn bè, người thân và đồng nghiệp. Bạn có thể mua thẻ quà tặng LifeLink với giá trị linh hoạt, phù hợp với mọi đối tượng và mục đích sử dụng. Đây là lựa chọn lý tưởng cho những ai yêu thích trà sữa ToCoToCo và muốn dành tặng những khoảnh khắc thư giãn tuyệt vời. Đừng bỏ lỡ cơ hội nhận ngay thẻ quà tặng LifeLink để thưởng thức trà sữa ToCoToCo tại các cửa hàng trên toàn quốc. Hãy nhanh tay đặt thẻ quà tặng LifeLink và gửi tặng những người thân yêu để họ có thể trải nghiệm những ly trà sữa tuyệt vời từ ToCoToCo. LifeLink | Mỗi E-Gift chỉ được sử dụng 01 lần có thể áp dụng được nhiều E-Gift cho 01 đơn hàng. E-Gift chỉ áp dụng sử dụng trực tiếp tại cửa hàng. E-Gift không có giá trị quy đổi thành tiền mặt, không được hoàn trả tiền thừa. E-Gift không hoàn trả hoặc bán lại được. Nếu giá tiền đơn đặt hàng của khách hàng vượt quá giá trị của E-Gift thì khách hàng phải thanh toán thêm số tiền chênh lệch đó. E-Gift được áp dụng chung với các chương trình khuyến mãi khác tại nhà hàng. E-Gift được sử dụng trong các ngày Lễ Tết. Giá trên menu đã bao gồm VAT. Cửa hàng sẽ xuất hoá đơn VAT khi khách hàng có nhu cầu. Khách hàng có trách nhiệm bảo mật thông tin mã thẻ quà tặng sau khi đặt mua. LifeLink sẽ không chịu trách nhiệm hoàn trả các mã thẻ bị mất hoặc ở trạng thái ""Đã sử dụng"" với bất kỳ lý do gì. LifeLink sẽ không chịu trách nhiệm đối với chất lượng sản phẩm hoặc dịch vụ được cung cấp cũng như đối với các tranh chấp về sau giữa khách hàng và nhà cung cấp. LifeLink có quyền sửa chữa hoặc thay đổi điều khoản và điều kiện sử dụng mà không thông báo trước. Hotline hỗ trợ: 1900 2065 Địa điểm sử dụng: https://docs.google.com/spreadsheets/d/1EmbvwlcA0jvMy70K0laoAn3wmgem-sO6/edit?gid=1833913510#gid=1833913510","//cdn.lifelink.vn/img/s800x400/tocotoco_05122024160300.jpg?sign=z6JrD3R1jb2FMO9T0oPqrQ","220000.00","200000.00","2026-08-01T00:00:00.000Z","2026-12-31T23:59:59.000Z","2026-08-01T00:00:00.000Z","2026-12-31T23:59:59.000Z","96","86","true","4","on_sale","2026-08-26T00:00:00.000Z","2026-08-26T00:00:00.000Z"
"ad5bedde-a3f3-4904-81e6-8edae8ddf4d5","5e03f083-accf-4dfe-a0d7-15936dc5b6a4","1","Evoucher Hộp quà trung thu Du Nhiên 2026 phiên bản nam châm cao cấp - Combo 4 bánh và trà","Có những món quà khiến người nhận mỉm cười ngay từ ánh nhìn đầu tiên, và cũng có những món quà còn lưu lại cảm xúc rất lâu sau khi mùa trăng đã qua. Evoucher Hộp quà trung thu Du Nhiên 2026 phiên bản nam châm cao cấp - Combo 4 bánh và trà tại LifeLink được tạo nên từ chính tinh thần ấy. Sắc xanh ngọc dịu mát, những họa tiết thiên nhiên thanh bình cùng hương vị bánh trung thu truyền thống hòa quyện với trà lài thượng hạng tạo nên một món quà đầy nghệ thuật và ý nghĩa. GIVISTA – Vẻ đẹp thiên nhiên gửi trao mùa Trung Thu an yên Thiết kế tinh tế, lan tỏa thông điệp bình an và thịnh vượng Trong bộ sưu tập quà tặng Trung Thu 2026, GIVISTA giới thiệu Du Nhiên như một biểu tượng của sự thanh bình, cân bằng và gắn kết. Không hướng đến sự cầu kỳ, bộ quà chinh phục người nhận bằng vẻ đẹp tinh tế cùng thông điệp ý nghĩa về một hành trình nhiều may mắn, thành công và viên mãn. Sắc xanh ngọc chủ đạo gợi lên hình ảnh khu vườn ngập tràn ánh trăng, nơi thiên nhiên hòa quyện với không gian yên tĩnh và thư thái. Thiết kế tối giản nhưng sang trọng giúp hộp quà trở thành lựa chọn lý tưởng cho các doanh nghiệp muốn thể hiện sự tinh tế trong từng món quà trao tặng. Combo 4 bánh và trà – Hương vị trọn vẹn của mùa đoàn viên Bộ quà được chuẩn bị chỉn chu với những hương vị đặc sắc: Combo gồm: BTT Thập Cẩm Truyền Thống (150g – 1 trứng) BTT Cốm Dừa (150g – 0 trứng) BTT Lưu Sa Hoàng Kim (120g – 0 trứng) BTT Lưu Sa Socola (120g – 0 trứng) Đi kèm là bộ phụ kiện cao cấp: 01 hộp quà nam châm ép kim vàng 9999 (32 × 26 × 7 cm) 01 trà lài thượng hạng 01 túi giấy Ivory sang trọng 01 thiệp Trung Thu 01 bộ dao nĩa Điểm nhấn của Du Nhiên nằm ở những họa tiết hoa sen, chuồn chuồn và chú ếch xanh được thể hiện tinh xảo trên nền xanh ngọc. Công nghệ ép kim vàng 9999 giúp từng chi tiết trở nên nổi bật, tạo chiều sâu thị giác và mang đến vẻ đẹp sang trọng, khác biệt cho toàn bộ hộp quà. LifeLink – Giải pháp quà tặng Trung Thu tiện lợi và đẳng cấp Mua Evoucher nhanh chóng, gửi trọn lời tri ân LifeLink mang đến trải nghiệm mua sắm Evoucher nhanh chóng, tiện lợi và an toàn, giúp khách hàng dễ dàng lựa chọn những bộ quà Trung Thu cao cấp phù hợp với nhiều nhu cầu. Evoucher Hộp quà trung thu Du Nhiên 2026 phiên bản nam châm cao cấp - Combo 4 bánh và trà là lựa chọn hoàn hảo cho: Quà tặng khách hàng và đối tác. Quà tri ân nhân viên. Quà biếu gia đình, người thân và bạn bè. Quà tặng doanh nghiệp trong các chương trình tri ân. Quà chúc mừng mùa Trung Thu với thông điệp bình an và thịnh vượng. Với quy trình đặt mua đơn giản cùng nhiều ưu đãi hấp dẫn, LifeLink giúp bạn dễ dàng trao gửi những món quà ý nghĩa, góp phần xây dựng mối quan hệ bền vững và lan tỏa giá trị yêu thương trong mùa Trăng Rằm. LifeLink | Khách hàng áp dụng: Tất cả khách hàng Ngày áp dụng: Thứ 2 - Thứ 6 Giờ áp dụng: 9:00 - 17:00 Số lượng E-Voucher áp dụng: Sử dụng 01 voucher/01 hộp quà. Không giới hạn số lượng voucher/ hóa đơn. Thông tin cách mua hàng HƯỚNG DẪN ĐỔI VOUCHER Bước 1. Khách hàng nhận voucher liên hệ GIVISTA để đổi hộp quà Trung Thu 2026 Hotline/Zalo: 0969117926 Facebook: Tại đây Bước 2. Cung cấp mã voucher để đổi hộp quà Bước 3. Khách hàng thanh toán phí vận chuyển trực tiếp cho đơn vị vận chuyển Lưu ý: Không hỗ trợ khách hàng đổi quà trực tiếp tại cửa hàng Điều kiện khác Một khách hàng được mua nhiều E-Voucher/E-Coupon E-Voucher/E-Coupon không có giá trị quy đổi thành tiền mặt, không trả lại tiền thừa. Không áp dụng đồng thời với chương trình khuyến mại khác Voucher chưa bao gồm phí vận chuyển Hộp quà tặng đến khách hàng.","//cdn.lifelink.vn/img/s800x400/Evoucher-Du-Nhien-4-banh_07082026142410.jpg?sign=zFWCKot_GLEQtIrNqOIgGQ","569000.00","480000.00","2026-08-01T00:00:00.000Z","2026-12-31T23:59:59.000Z","2026-08-01T00:00:00.000Z","2026-12-31T23:59:59.000Z","41","31","true","3","on_sale","2026-08-26T00:00:00.000Z","2026-08-26T00:00:00.000Z"
"38076904-a949-4973-a3bf-6c76e661b83d","5e03f083-accf-4dfe-a0d7-15936dc5b6a4","1","Evoucher Hộp quà Trung Thu Viên Niên 2026 phiên bản nam châm cao cấp - Combo 4 bánh và trà","Mỗi mùa trăng tròn là dịp để những lời chúc yêu thương được gửi gắm qua những món quà ý nghĩa. Evoucher Hộp quà trung thu Trung Thu Viên Niên 2026 phiên bản nam châm cao cấp - Combo 4 bánh và trà tại LifeLink không chỉ mang đến hương vị Trung Thu truyền thống mà còn là lời chúc về sự viên mãn, bình an và gắn kết dành cho những người quan trọng. Với thiết kế sang trọng, sắc cam ấm áp cùng những chi tiết được chăm chút tỉ mỉ, bộ quà gợi lên không khí sum vầy của đêm hội trăng rằm và trở thành món quà tinh tế để tri ân đối tác, khách hàng, đồng nghiệp hay người thân trong mùa Trung Thu 2026. GIVISTA – Tôn vinh giá trị đoàn viên qua từng hộp quà Trung Thu Thiết kế tinh tế, gửi trao thông điệp viên mãn và thịnh vượng Trong bộ sưu tập quà tặng Trung Thu 2026, GIVISTA giới thiệu Trung Thu Viên Niên như một biểu tượng của sự viên mãn, thịnh vượng và đồng hành bền lâu. Không chỉ là món quà mang giá trị truyền thống, sản phẩm còn giúp doanh nghiệp thể hiện sự trân trọng đối với đối tác, khách hàng và đội ngũ nhân sự. Lấy cảm hứng từ vẻ đẹp của thiên nhiên và tinh thần đoàn viên, hộp quà nổi bật với gam màu cam ấm áp, gợi lên không khí lễ hội rộn ràng nhưng vẫn giữ được nét sang trọng và hiện đại. Tổng thể thiết kế mang đến cảm giác gần gũi, tích cực, phù hợp với nhiều đối tượng người nhận. Combo 4 bánh và trà – Tinh hoa hương vị mùa Trăng Rằm Bộ quà được chuẩn bị chỉn chu với những hương vị đặc sắc: Combo gồm: BTT Thập Cẩm Truyền Thống (150g – 1 trứng) BTT Cốm Dừa (150g – 0 trứng) BTT Lưu Sa Hoàng Kim (120g – 0 trứng) BTT Lưu Sa Socola (120g – 0 trứng) Đi kèm là bộ phụ kiện cao cấp: 01 hộp quà nam châm ép kim vàng 9999 (32 x 26 x 7 cm) 01 trà lài thượng hạng 01 túi giấy Ivory sang trọng 01 thiệp Trung Thu 01 bộ dao nĩa Điểm nhấn nổi bật của hộp quà là hệ thống họa tiết hình học hiện đại kết hợp hài hòa với các biểu tượng truyền thống như thỏ ngọc, đèn lồng, cánh quạt và hoa sen cách điệu. Công nghệ ép kim vàng tinh xảo giúp từng chi tiết trở nên nổi bật, tạo chiều sâu thị giác và nâng cao giá trị thẩm mỹ của sản phẩm. LifeLink – Giải pháp mua Evoucher nhanh chóng, tiện lợi và ý nghĩa LifeLink mang đến trải nghiệm mua sắm Evoucher đơn giản, an toàn và nhanh chóng, giúp khách hàng dễ dàng lựa chọn những hộp quà Trung Thu cao cấp phù hợp với nhiều nhu cầu khác nhau. Evoucher Hộp quà trung thu Trung Thu Viên Niên 2026 phiên bản nam châm cao cấp - Combo 4 bánh và trà là lựa chọn lý tưởng cho: Quà tặng khách hàng VIP. Quà tri ân đối tác. Quà tặng nhân viên dịp Trung Thu. Quà biếu gia đình, người thân và bạn bè. Quà tặng doanh nghiệp trong các chương trình tri ân và sự kiện. Không chỉ là món quà mang giá trị nghệ thuật, sản phẩm còn giúp doanh nghiệp truyền tải thông điệp tri ân, xây dựng hình ảnh thương hiệu chuyên nghiệp và vun đắp những mối quan hệ hợp tác lâu dài. LifeLink | Khách hàng áp dụng: Tất cả khách hàng Ngày áp dụng: Thứ 2 - Thứ 6 Giờ áp dụng: 9:00 - 17:00 Số lượng E-Voucher áp dụng: Sử dụng 01 voucher/01 hộp quà. Không giới hạn số lượng voucher/ hóa đơn. Thông tin cách mua hàng HƯỚNG DẪN ĐỔI VOUCHER Bước 1. Khách hàng nhận voucher liên hệ GIVISTA để đổi hộp quà Trung Thu 2026 Hotline/Zalo: 0969117926 Facebook: Tại đây Bước 2. Cung cấp mã voucher để đổi hộp quà Bước 3. Khách hàng thanh toán phí vận chuyển trực tiếp cho đơn vị vận chuyển Lưu ý: Không hỗ trợ khách hàng đổi quà trực tiếp tại cửa hàng Điều kiện khác Một khách hàng được mua nhiều E-Voucher/E-Coupon E-Voucher/E-Coupon không có giá trị quy đổi thành tiền mặt, không trả lại tiền thừa. Không áp dụng đồng thời với chương trình khuyến mại khác Voucher chưa bao gồm phí vận chuyển Hộp quà tặng đến khách hàng.","//cdn.lifelink.vn/img/s800x400/ADD-Evoucher-Trung-Thu-Vien-Nien_07082026120056.jpg?sign=10CwIj9UxiaPEeW7AyJz9g","569000.00","480000.00","2026-08-01T00:00:00.000Z","2026-12-31T23:59:59.000Z","2026-08-01T00:00:00.000Z","2026-12-31T23:59:59.000Z","49","39","true","3","on_sale","2026-08-26T00:00:00.000Z","2026-08-26T00:00:00.000Z"
"396ab286-6fd0-4257-9b6f-81e0fe939428","5e03f083-accf-4dfe-a0d7-15936dc5b6a4","1","Evoucher Hộp quà Trung Thu Đoàn Viên III 2026 phiên bản nam châm cao cấp - Combo 4 bánh và trà","Evoucher Hộp quà trung thu Trung Thu Đoàn Viên III 2026 phiên bản nam châm cao cấp - Combo 4 bánh và trà đã có mặt trên LifeLink, mang đến giải pháp quà tặng Trung Thu cao cấp dành cho doanh nghiệp và khách hàng cá nhân. Với thiết kế tinh tế, hộp quà sang trọng cùng bộ sưu tập bánh trung thu hảo hạng, sản phẩm không chỉ là món quà ý nghĩa mà còn giúp truyền tải sự tri ân, gắn kết và nâng tầm giá trị thương hiệu trong mùa Trăng Rằm 2026. GIVISTA – Tinh hoa quà tặng Trung Thu dành cho doanh nghiệp hiện đại Combo 4 bánh và trà – Hương vị trọn vẹn cho mùa đoàn viên Bộ quà được tuyển chọn với những hương vị được nhiều khách hàng yêu thích: Combo gồm: BTT Thập Cẩm Truyền Thống (150g – 1 trứng) BTT Cốm Dừa (150g – 0 trứng) BTT Lưu Sa Hoàng Kim (120g – 0 trứng) BTT Lưu Sa Socola (120g – 0 trứng) Đi kèm là bộ phụ kiện cao cấp: 01 hộp quà nam châm ép kim vàng 9999 (32 x 26 x 7 cm) 01 trà lài thượng hạng 01 túi giấy Ivory sang trọng 01 thiệp Trung Thu 01 bộ dao nĩa Điểm nhấn của hộp quà là bức tranh đêm rằm sống động với hình ảnh chú mục đồng cưỡi trâu, các em nhỏ rước đèn dưới ánh trăng tròn, đèn lồng cá chép cùng khung cảnh thiên nhiên thanh bình. Những họa tiết line-art tinh xảo trên nền xanh navy giúp sản phẩm trở nên nổi bật, mang đến giá trị thẩm mỹ cao và tạo dấu ấn đặc biệt trong từng món quà trao tặng. Thiết kế nghệ thuật, lan tỏa giá trị kết nối Trong bộ sưu tập quà tặng Trung Thu 2026, GIVISTA giới thiệu Trung Thu Đoàn Viên III như một giải pháp quà tặng doanh nghiệp chỉn chu, sang trọng và giàu ý nghĩa. Lấy cảm hứng từ bầu trời đêm Trung Thu, bộ quà mang đến cảm giác trang trọng, gắn kết và bền vững – những giá trị mà doanh nghiệp mong muốn gửi gắm đến đối tác, khách hàng và đội ngũ nhân sự. Gam xanh navy chủ đạo kết hợp cùng các họa tiết nghệ thuật hiện đại tạo nên tổng thể hài hòa, sang trọng nhưng vẫn giữ được nét đẹp truyền thống của Tết Trung Thu Việt Nam. LifeLink – Đồng hành cùng doanh nghiệp trao gửi quà tặng ý nghĩa LifeLink mang đến giải pháp mua sắm Evoucher nhanh chóng, thuận tiện và an toàn, giúp khách hàng dễ dàng lựa chọn những hộp quà Trung Thu cao cấp cho mọi nhu cầu. Evoucher Hộp quà trung thu Trung Thu Đoàn Viên III 2026 phiên bản nam châm cao cấp - Combo 4 bánh và trà là lựa chọn phù hợp cho: Quà tặng khách hàng VIP. Quà tri ân đối tác. Quà tặng nhân viên dịp Trung Thu. Chương trình chăm sóc khách hàng. Quà tặng doanh nghiệp trong các sự kiện và lễ hội. Không chỉ là món quà mang giá trị truyền thống, sản phẩm còn góp phần thể hiện sự chuyên nghiệp, tinh thần tri ân và xây dựng mối quan hệ bền vững giữa doanh nghiệp với khách hàng và đối tác. LifeLink | Khách hàng áp dụng: Tất cả khách hàng Ngày áp dụng: Thứ 2 - Thứ 6 Giờ áp dụng: 9:00 - 17:00 Số lượng E-Voucher áp dụng: Sử dụng 01 voucher/01 hộp quà. Không giới hạn số lượng voucher/ hóa đơn. Thông tin cách mua hàng HƯỚNG DẪN ĐỔI VOUCHER Bước 1. Khách hàng nhận voucher liên hệ GIVISTA để đổi hộp quà Trung Thu 2026 Hotline/Zalo: 0969117926 Facebook: Tại đây Bước 2. Cung cấp mã voucher để đổi hộp quà Bước 3. Khách hàng thanh toán phí vận chuyển trực tiếp cho đơn vị vận chuyển Lưu ý: Không hỗ trợ khách hàng đổi quà trực tiếp tại cửa hàng Điều kiện khác Một khách hàng được mua nhiều E-Voucher/E-Coupon E-Voucher/E-Coupon không có giá trị quy đổi thành tiền mặt, không trả lại tiền thừa. Không áp dụng đồng thời với chương trình khuyến mại khác Voucher chưa bao gồm phí vận chuyển Hộp quà tặng đến khách hàng.","//cdn.lifelink.vn/img/s800x400/ADD-Trung-Thu-Doan-Vien-III_11082026111525.jpg?sign=6e-iNfQYoLGoencCpd2jBg","569000.00","480000.00","2026-08-01T00:00:00.000Z","2026-12-31T23:59:59.000Z","2026-08-01T00:00:00.000Z","2026-12-31T23:59:59.000Z","22","12","true","3","on_sale","2026-08-26T00:00:00.000Z","2026-08-26T00:00:00.000Z"
"9fa915cd-708a-428e-b235-c8db8353255d","5e03f083-accf-4dfe-a0d7-15936dc5b6a4","1","Evoucher hộp quà Trung Thu Đoàn Viên I 2026 phiên bản nam châm cao cấp - Combo 4 bánh và trà","Evoucher hộp quà trung thu Trung Thu Đoàn Viên I 2026 phiên bản nam châm cao cấp - Combo 4 bánh và trà hiện đã có mặt tại LifeLink, mang đến giải pháp quà tặng Trung Thu sang trọng, tinh tế dành cho cá nhân và doanh nghiệp. Không chỉ sở hữu thiết kế hộp quà đẳng cấp cùng những hương vị bánh truyền thống đặc sắc, bộ quà còn gửi gắm thông điệp về sự đoàn viên, tri ân và kết nối bền vững trong mùa Trăng Rằm 2026. GIVISTA – Tinh hoa quà tặng Trung Thu, trao gửi giá trị đoàn viên Combo 4 bánh và trà – Hương vị trọn vẹn cho mùa Trăng Rằm Bộ quà được tuyển chọn với sự kết hợp hài hòa giữa hương vị truyền thống và hiện đại: Combo gồm: BTT Thập Cẩm Truyền Thống (150g – 1 trứng) BTT Cốm Dừa (150g – 0 trứng) BTT Lưu Sa Hoàng Kim (120g – 0 trứng) BTT Lưu Sa Socola (120g – 0 trứng) Đi kèm là những phụ kiện cao cấp: 01 hộp quà nam châm ép kim vàng 9999 (32 x 26 x 7 cm) 01 trà lài thượng hạng 01 túi giấy Ivory sang trọng 01 thiệp Trung Thu 01 bộ dao nĩa Sự kết hợp giữa những chiếc bánh thơm ngon và trà lài thanh khiết mang đến trải nghiệm thưởng thức tinh tế, giúp mỗi khoảnh khắc sum họp thêm ý nghĩa. Thiết kế sang trọng, kể câu chuyện về sự kết nối Lấy cảm hứng từ vẻ đẹp của đêm trăng Việt, GIVISTA đã tạo nên bộ quà Trung Thu Đoàn Viên I với gam xanh dương hoàng gia sang trọng. Thiết kế nổi bật nhờ sự kết hợp hài hòa giữa những biểu tượng quen thuộc của Tết Trung Thu, mang đến cảm giác vừa gần gũi, vừa đẳng cấp. Bức tranh trên hộp quà tái hiện hình ảnh múa lân, trẻ em rước đèn, nàng Hằng Nga, chú Cuội và vầng trăng tròn viên mãn. Mỗi chi tiết đều được chăm chút tỉ mỉ, gửi gắm thông điệp về sự đồng hành, gắn kết và những giá trị truyền thống được gìn giữ qua nhiều thế hệ. LifeLink – Đặt Evoucher nhanh chóng, trao gửi yêu thương dễ dàng LifeLink mang đến giải pháp mua sắm Evoucher tiện lợi, giúp khách hàng dễ dàng lựa chọn những hộp quà Trung Thu cao cấp để gửi tặng trong mùa lễ hội. Evoucher hộp quà trung thu Trung Thu Đoàn Viên I 2026 phiên bản nam châm cao cấp - Combo 4 bánh và trà đặc biệt phù hợp cho: Quà tặng khách hàng VIP. Quà tri ân đối tác. Quà tặng nhân viên dịp Trung Thu. Quà biếu người thân, gia đình và bạn bè. Quà tặng trong các chương trình tri ân doanh nghiệp. Không chỉ mang giá trị truyền thống, bộ quà còn góp phần nâng cao hình ảnh thương hiệu, tạo dấu ấn chuyên nghiệp và xây dựng mối quan hệ bền vững với người nhận. LifeLink | Khách hàng áp dụng: Tất cả khách hàng Ngày áp dụng: Thứ 2 - Thứ 6 Giờ áp dụng: 9:00 - 17:00 Số lượng E-Voucher áp dụng: Sử dụng 01 voucher/01 hộp quà. Không giới hạn số lượng voucher/ hóa đơn. Thông tin cách mua hàng HƯỚNG DẪN ĐỔI VOUCHER Bước 1. Khách hàng nhận voucher liên hệ GIVISTA để đổi hộp quà Trung Thu 2026 Hotline/Zalo: 0969117926 Facebook: Tại đây Bước 2. Cung cấp mã voucher để đổi hộp quà Bước 3. Khách hàng thanh toán phí vận chuyển trực tiếp cho đơn vị vận chuyển Lưu ý: Không hỗ trợ khách hàng đổi quà trực tiếp tại cửa hàng Điều kiện khác Một khách hàng được mua nhiều E-Voucher/E-Coupon E-Voucher/E-Coupon không có giá trị quy đổi thành tiền mặt, không trả lại tiền thừa. Không áp dụng đồng thời với chương trình khuyến mại khác Voucher chưa bao gồm phí vận chuyển Hộp quà tặng đến khách hàng.","//cdn.lifelink.vn/img/s800x400/ADD-Trung-Thu-Doan-Vien-I_11082026111000.jpg?sign=Q1gLlOSZeFsaBbU7FrXk5g","569000.00","480000.00","2026-08-01T00:00:00.000Z","2026-12-31T23:59:59.000Z","2026-08-01T00:00:00.000Z","2026-12-31T23:59:59.000Z","41","31","true","3","on_sale","2026-08-26T00:00:00.000Z","2026-08-26T00:00:00.000Z"
"4ac7081b-df63-493b-8519-1a4d9ebe71d5","5e03f083-accf-4dfe-a0d7-15936dc5b6a4","1","Evoucher Hộp quà Trung Thu Đoàn Viên II 2026 phiên bản nam châm cao cấp - Combo 4 bánh và trà","Mùa Trung Thu 2026 đang đến gần, đây là thời điểm lý tưởng để lựa chọn những món quà vừa sang trọng, vừa thể hiện sự trân trọng dành cho người nhận. Evoucher Hộp quà trung thu Trung Thu Đoàn Viên II 2026 phiên bản nam châm cao cấp - Combo 4 bánh và trà do LifeLink cung cấp sẽ giúp bạn dễ dàng chinh phục mọi đối tượng từ gia đình, bạn bè đến khách hàng và đối tác. Hộp quà Trung Thu Đoàn Viên II 2026 - Gửi trọn yêu thương trong từng món quà Combo bánh và trà thượng hạng dành cho mùa Trung Thu 2026 Bộ quà được lựa chọn kỹ lưỡng với sự kết hợp giữa những hương vị truyền thống và hiện đại: Combo gồm: BTT Thập Cẩm Truyền Thống (150g - 1 trứng) BTT Cốm Dừa (150g - 0 trứng) BTT Lưu Sa Hoàng Kim (120g - 0 trứng) BTT Lưu Sa Socola (120g - 0 trứng) Đi kèm còn có: 01 hộp quà nam châm cao cấp ép kim vàng 9999 (32 x 26 x 7 cm) 01 trà lài thượng hạng 01 túi giấy Ivory sang trọng 01 thiệp Trung Thu 01 bộ dao nĩa Sự kết hợp hài hòa giữa bánh trung thu và trà lài giúp người thưởng thức cảm nhận trọn vẹn hương vị mùa đoàn viên, tạo nên trải nghiệm tinh tế trong từng khoảnh khắc. Thiết kế cao cấp mang đậm giá trị đoàn viên Lấy cảm hứng từ ký ức tuổi thơ và đêm hội trăng rằm truyền thống, GIVISTA đã tạo nên bộ quà Trung Thu Đoàn Viên II với sắc xanh lục bảo đầy sang trọng. Hình ảnh múa lân, rước đèn ông sao cùng những em nhỏ vui chơi dưới ánh trăng được tái hiện sinh động, mang đến cảm giác gần gũi và ấm áp. Hộp nam châm cao cấp ép kim vàng 9999 không chỉ bảo vệ sản phẩm mà còn nâng tầm giá trị món quà, giúp người nhận cảm nhận được sự trân trọng và chân thành. Đặt Evoucher tại LifeLink - Quà tặng Trung Thu tiện lợi, ý nghĩa và đẳng cấp LifeLink mang đến giải pháp mua sắm Evoucher nhanh chóng, tiện lợi và an toàn, giúp khách hàng dễ dàng lựa chọn những bộ quà Trung Thu cao cấp phù hợp với nhiều nhu cầu khác nhau. Đặc biệt, Evoucher Hộp quà trung thu Trung Thu Đoàn Viên II 2026 phiên bản nam châm cao cấp - Combo 4 bánh và trà là lựa chọn lý tưởng cho: Quà tặng khách hàng VIP. Quà tri ân đối tác. Quà tặng nhân viên dịp Trung Thu. Quà biếu gia đình, bạn bè và người thân. Quà tặng trong các chương trình doanh nghiệp. Với quy trình đặt mua đơn giản, giao dịch nhanh chóng cùng nhiều ưu đãi hấp dẫn, LifeLink giúp việc trao gửi yêu thương trong mùa Trung Thu trở nên dễ dàng hơn bao giờ hết. LifeLink | Khách hàng áp dụng: Tất cả khách hàng Ngày áp dụng: Thứ 2 - Thứ 6 Giờ áp dụng: 9:00 - 17:00 Số lượng E-Voucher áp dụng: Sử dụng 01 voucher/01 hộp quà. Không giới hạn số lượng voucher/ hóa đơn. Thông tin cách mua hàng HƯỚNG DẪN ĐỔI VOUCHER Bước 1. Khách hàng nhận voucher liên hệ GIVISTA để đổi hộp quà Trung Thu 2026 Hotline/Zalo: 0969117926 Facebook: Tại đây Bước 2. Cung cấp mã voucher để đổi hộp quà Bước 3. Khách hàng thanh toán phí vận chuyển trực tiếp cho đơn vị vận chuyển Lưu ý: Không hỗ trợ khách hàng đổi quà trực tiếp tại cửa hàng Điều kiện khác Một khách hàng được mua nhiều E-Voucher/E-Coupon E-Voucher/E-Coupon không có giá trị quy đổi thành tiền mặt, không trả lại tiền thừa. Không áp dụng đồng thời với chương trình khuyến mại khác Voucher chưa bao gồm phí vận chuyển Hộp quà tặng đến khách hàng.","//cdn.lifelink.vn/img/s800x400/ADD-Trung-Thu-Doan-Vien-II_11082026102902.jpg?sign=ImqZxXYaYi2yf-zSk3CqhA","569000.00","480000.00","2026-08-01T00:00:00.000Z","2026-12-31T23:59:59.000Z","2026-08-01T00:00:00.000Z","2026-12-31T23:59:59.000Z","24","14","true","3","on_sale","2026-08-26T00:00:00.000Z","2026-08-26T00:00:00.000Z"
"766936b3-12bb-4689-ad57-d0284af7618d","5e03f083-accf-4dfe-a0d7-15936dc5b6a4","1","Evoucher Hộp quà trung thu Hạc Vũ Triều Dương 2026 phiên bản nam châm cao cấp - Combo 4 bánh và trà","Mỗi mùa Trung Thu là dịp để những món quà thay lời chúc tốt đẹp và gắn kết những mối quan hệ bền lâu. Evoucher Hộp quà trung thu Hạc Vũ Triều Dương 2026 phiên bản nam châm cao cấp - Combo 4 bánh và trà tại LifeLink mang đến một lựa chọn quà tặng sang trọng, kết tinh giữa nghệ thuật thiết kế, hương vị truyền thống và thông điệp về thành công, thịnh vượng. Đây không chỉ là món quà dành tặng đối tác, khách hàng hay nhân viên mà còn là cách doanh nghiệp thể hiện sự trân trọng và đẳng cấp trong từng lần trao gửi. GIVISTA – Hạc Vũ Triều Dương, biểu tượng của khát vọng và thịnh vượng Combo 4 bánh và trà – Tinh hoa hội tụ trong từng món quà Hộp quà bao gồm: 01 bánh Trung Thu Thập Cẩm Truyền Thống (150g - 1 trứng) 01 bánh Trung Thu Cốm Dừa (150g - 0 trứng) 01 bánh Trung Thu Lưu Sa Hoàng Kim (120g - 0 trứng) 01 bánh Trung Thu Lưu Sa Socola (120g - 0 trứng) 01 hộp quà nam châm cao cấp ép kim vàng 9999 (32 x 26 x 7 cm) 01 trà lài thượng hạng 01 túi giấy Ivory sang trọng 01 thiệp Trung Thu 01 bộ dao nĩa Sự kết hợp giữa bốn hương vị bánh Trung Thu cao cấp cùng trà lài thơm dịu mang đến trải nghiệm thưởng thức tinh tế, phù hợp cho những buổi gặp gỡ đối tác, sum họp gia đình hay các chương trình tri ân doanh nghiệp. Không chỉ là món quà đẹp về hình thức, Hạc Vũ Triều Dương còn gửi gắm lời chúc về sự thịnh vượng, hợp tác lâu dài và những bước tiến vững chắc trên hành trình phát triển. Đây là lựa chọn lý tưởng dành cho doanh nghiệp muốn tạo dấu ấn chuyên nghiệp và nâng cao giá trị thương hiệu trong mùa Trung Thu. Thiết kế lấy cảm hứng từ thiên nhiên hùng vĩ Trong bộ sưu tập quà tặng Trung Thu 2026, GIVISTA giới thiệu Hạc Vũ Triều Dương – bộ quà mang vẻ đẹp hài hòa giữa nghệ thuật, thiên nhiên và những giá trị phong thủy tốt lành. Lấy sắc xanh ngọc bích làm chủ đạo, kết hợp cùng công nghệ ép kim vàng 9999 tinh xảo, hộp quà tạo nên tổng thể sang trọng, thanh lịch và đẳng cấp. Hình ảnh chim hạc tung cánh giữa rừng tùng già, ánh thái dương rực rỡ, vầng trăng tròn và những đường sóng mềm mại được khắc họa tỉ mỉ, tạo nên một thiết kế giàu chiều sâu nghệ thuật. Không chỉ gây ấn tượng về mặt thẩm mỹ, mỗi chi tiết còn mang thông điệp ý nghĩa. Chim hạc tượng trưng cho sự trường tồn và cao quý, rừng tùng đại diện cho ý chí kiên định, trong khi ánh dương và vầng trăng gửi gắm niềm tin vào tương lai tươi sáng, sự phát triển bền vững và những thành công mới. Đặt ngay Evoucher tại LifeLink Trung Thu là dịp để gửi trao sự tri ân và vun đắp những mối quan hệ bền vững. Hãy lựa chọn Evoucher Hộp quà trung thu Hạc Vũ Triều Dương 2026 phiên bản nam châm cao cấp - Combo 4 bánh và trà tại LifeLink để mang đến món quà sang trọng, giàu ý nghĩa dành cho đối tác, khách hàng, nhân viên và những người thân yêu. Đặt ngay Evoucher Hộp quà trung thu Hạc Vũ Triều Dương 2026 phiên bản nam châm cao cấp - Combo 4 bánh và trà trên LifeLink hôm nay để lan tỏa lời chúc thịnh vượng, thành công và tạo nên một mùa Trung Thu 2026 trọn vẹn, đáng nhớ. LifeLink | Khách hàng áp dụng: Tất cả khách hàng Ngày áp dụng: Thứ 2 - Thứ 6 Giờ áp dụng: 9:00 - 17:00 Số lượng E-Voucher áp dụng: Sử dụng 01 voucher/01 hộp quà. Không giới hạn số lượng voucher/ hóa đơn. Thông tin cách mua hàng HƯỚNG DẪN ĐỔI VOUCHER Bước 1. Khách hàng nhận voucher liên hệ GIVISTA để đổi hộp quà Trung Thu 2026 Hotline/Zalo: 0969117926 Facebook: Tại đây Bước 2. Cung cấp mã voucher để đổi hộp quà Bước 3. Khách hàng thanh toán phí vận chuyển trực tiếp cho đơn vị vận chuyển Lưu ý: Không hỗ trợ khách hàng đổi quà trực tiếp tại cửa hàng Điều kiện khác Một khách hàng được mua nhiều E-Voucher/E-Coupon E-Voucher/E-Coupon không có giá trị quy đổi thành tiền mặt, không trả lại tiền thừa. Không áp dụng đồng thời với chương trình khuyến mại khác Voucher chưa bao gồm phí vận chuyển Hộp quà tặng đến khách hàng.","//cdn.lifelink.vn/img/s800x400/ADD-Hac-Vu-Trieu-Duong-4banh_11082026102609.jpg?sign=XqVkmAh6q8MdBT5_rva6ng","569000.00","480000.00","2026-08-01T00:00:00.000Z","2026-12-31T23:59:59.000Z","2026-08-01T00:00:00.000Z","2026-12-31T23:59:59.000Z","60","50","true","3","on_sale","2026-08-26T00:00:00.000Z","2026-08-26T00:00:00.000Z"
"8c27d542-5921-4350-a493-5771efabcf5b","5e03f083-accf-4dfe-a0d7-15936dc5b6a4","1","Evoucher - Hộp quà trung thu Moonlit Harmony 2026 phiên bản nam châm - Combo 4 bánh và trà","LifeLink mang đến Evoucher - Hộp quà trung thu Moonlit Harmony 2026 phiên bản nam châm - Combo 4 bánh và trà, giải pháp quà tặng Trung Thu cao cấp dành cho doanh nghiệp và cá nhân. Với thiết kế sang trọng, hương vị bánh đặc sắc cùng trà lài thượng hạng, sản phẩm là lựa chọn lý tưởng để gửi trao lời tri ân, lời chúc may mắn và gắn kết trong mùa trăng đoàn viên 2026. Moonlit Harmony – Bản hòa ca của may mắn, thịnh vượng và đoàn viên Combo 4 bánh và trà – Trọn vẹn hương vị Trung Thu Hộp quà bao gồm: 01 bánh Trung Thu Thập Cẩm Truyền Thống (150g - 1 trứng) 01 bánh Trung Thu Cốm Dừa (150g - 0 trứng) 01 bánh Trung Thu Lưu Sa Hoàng Kim (120g - 0 trứng) 01 bánh Trung Thu Lưu Sa Socola (120g - 0 trứng) 01 hộp quà nam châm cao cấp ép kim vàng 9999 (32 x 26 x 7 cm) 01 trà lài thượng hạng 01 túi giấy Ivory sang trọng 01 thiệp Trung Thu 01 bộ dao nĩa Sự kết hợp hài hòa giữa các dòng bánh Trung Thu cao cấp và trà lài thơm dịu mang đến trải nghiệm thưởng thức tinh tế, phù hợp cho những buổi đoàn viên gia đình hoặc những cuộc gặp gỡ đối tác quan trọng. Không chỉ là món quà đẹp về hình thức, Moonlit Harmony còn thể hiện sự trân trọng và quan tâm của doanh nghiệp đối với khách hàng, đối tác và nhân viên. Mỗi hộp quà được trao đi là lời chúc về sự gắn kết, thành công và hành trình phát triển bền vững trong tương lai. Thiết kế tinh tế mang đậm dấu ấn nghệ thuật mùa trăng Trong bộ sưu tập quà tặng Trung Thu 2026, GIVISTA giới thiệu Moonlit Harmony – thiết kế mang vẻ đẹp giao thoa giữa nét truyền thống và phong cách hiện đại, tạo nên món quà ý nghĩa dành cho mùa đoàn viên. Khoác lên mình sắc đỏ rượu vang sang trọng kết hợp cùng những chi tiết vàng kim nổi bật, hộp quà mang đến cảm giác ấm áp, thanh lịch và đầy cuốn hút. Sự hòa quyện giữa màu sắc và bố cục không chỉ tạo nên giá trị thẩm mỹ cao mà còn gửi gắm lời chúc về hạnh phúc, thịnh vượng và những khởi đầu tốt đẹp. Điểm nhấn đặc biệt của thiết kế là hình ảnh chú thỏ ngọc tung tăng dưới ánh trăng tròn, hòa cùng đàn bướm rực rỡ tạo nên bức tranh mùa trăng sống động. Các họa tiết mây, trăng khuyết và hoa văn trang trí được hoàn thiện bằng công nghệ ép kim vàng 9999 tinh xảo, góp phần nâng tầm đẳng cấp của bộ quà. Đặt ngay Evoucher tại LifeLink Trung Thu không chỉ là dịp đoàn viên mà còn là cơ hội để gửi trao những lời chúc tốt đẹp và xây dựng những mối quan hệ bền vững. Hãy lựa chọn Evoucher - Hộp quà trung thu Moonlit Harmony 2026 phiên bản nam châm - Combo 4 bánh và trà tại LifeLink để mang đến món quà tinh tế, sang trọng và giàu ý nghĩa dành cho đối tác, khách hàng, nhân viên và người thân yêu. Đặt ngay Evoucher - Hộp quà trung thu Moonlit Harmony 2026 phiên bản nam châm - Combo 4 bánh và trà trên LifeLink hôm nay để lan tỏa tinh thần đoàn viên, sự gắn kết và những lời chúc thịnh vượng trong mùa Trung Thu 2026. LifeLink | Khách hàng áp dụng: Tất cả khách hàng Ngày áp dụng: Thứ 2 - Thứ 6 Giờ áp dụng: 9:00 - 17:00 Số lượng E-Voucher áp dụng: Sử dụng 01 voucher/01 hộp quà. Không giới hạn số lượng voucher/ hóa đơn. Thông tin cách mua hàng HƯỚNG DẪN ĐỔI VOUCHER Bước 1. Khách hàng nhận voucher liên hệ GIVISTA để đổi hộp quà Trung Thu 2026 Hotline/Zalo: 0969117926 Facebook: Tại đây Bước 2. Cung cấp mã voucher để đổi hộp quà Bước 3. Khách hàng thanh toán phí vận chuyển trực tiếp cho đơn vị vận chuyển Lưu ý: Không hỗ trợ khách hàng đổi quà trực tiếp tại cửa hàng Điều kiện khác Một khách hàng được mua nhiều E-Voucher/E-Coupon E-Voucher/E-Coupon không có giá trị quy đổi thành tiền mặt, không trả lại tiền thừa. Không áp dụng đồng thời với chương trình khuyến mại khác Voucher chưa bao gồm phí vận chuyển Hộp quà tặng đến khách hàng.","//cdn.lifelink.vn/img/s800x400/ADD-Moonlit-Harmony-4banh_11082026101508.jpg?sign=_Z-6PCUe3RkJZ3Er5OoUAw","569000.00","480000.00","2026-08-01T00:00:00.000Z","2026-12-31T23:59:59.000Z","2026-08-01T00:00:00.000Z","2026-12-31T23:59:59.000Z","47","37","true","3","on_sale","2026-08-26T00:00:00.000Z","2026-08-26T00:00:00.000Z"
"0a165b21-903b-4ea3-86aa-9da5ca2f0125","5e03f083-accf-4dfe-a0d7-15936dc5b6a4","1","Evoucher - Hộp quà trung thu Moonrise City 2026 phiên bản nam châm cao cấp - Combo 4 bánh và trà","LifeLink mang đến Evoucher - Hộp quà trung thu Moonrise City 2026 phiên bản nam châm cao cấp - Combo 4 bánh và trà, giải pháp quà tặng Trung Thu cao cấp giúp doanh nghiệp dễ dàng gửi lời tri ân đến đối tác, khách hàng và đội ngũ nhân sự. Với thiết kế độc đáo cùng những hương vị bánh truyền thống kết hợp hiện đại, đây là món quà mang giá trị thẩm mỹ và ý nghĩa sâu sắc cho mùa đoàn viên 2026. GIVISTA – Moonrise City, dấu ấn thành phố hiện đại trong mùa trăng đoàn viên Combo 4 bánh và trà – Trọn vẹn hương vị Trung Thu Hộp quà bao gồm: 01 bánh Trung Thu Thập Cẩm Truyền Thống (150g - 1 trứng) 01 bánh Trung Thu Cốm Dừa (150g - 0 trứng) 01 bánh Trung Thu Lưu Sa Hoàng Kim (120g - 0 trứng) 01 bánh Trung Thu Lưu Sa Socola (120g - 0 trứng) 01 hộp quà nam châm cao cấp ép kim vàng 9999 (32 x 26 x 7 cm) 01 trà lài thượng hạng 01 túi giấy Ivory sang trọng 01 thiệp Trung Thu 01 bộ dao nĩa Sự kết hợp giữa bốn hương vị bánh cao cấp và trà lài thơm dịu mang đến trải nghiệm thưởng thức trọn vẹn, phù hợp cho những buổi sum họp gia đình, gặp gỡ đối tác hay các sự kiện tri ân doanh nghiệp. Không chỉ là món quà đẹp về hình thức, Moonrise City còn gửi gắm lời chúc về thành công, thịnh vượng và sự đồng hành lâu dài. Đây là lựa chọn lý tưởng để doanh nghiệp xây dựng hình ảnh chuyên nghiệp và tạo dấu ấn trong lòng người nhận. Thiết kế nghệ thuật lấy cảm hứng từ TP. Hồ Chí Minh về đêm Trong bộ sưu tập quà tặng Trung Thu 2026, GIVISTA giới thiệu Moonrise City – bộ quà mang vẻ đẹp hiện đại nhưng vẫn lưu giữ những giá trị truyền thống của ngày Tết Trung Thu. Khoác lên mình gam xanh navy sang trọng, hộp quà tái hiện khung cảnh thành phố rực rỡ dưới ánh trăng tròn. Những đường nét ép kim vàng 9999 tinh xảo tạo nên tổng thể đẳng cấp, phù hợp dành tặng đối tác, khách hàng và nhân viên trong các chương trình tri ân doanh nghiệp. Điểm nhấn của thiết kế là hình ảnh những công trình mang tính biểu tượng của TP. Hồ Chí Minh như Nhà thờ Đức Bà, Landmark 81, Bitexco, cầu Ba Son, du thuyền, máy bay và tuyến metro hiện đại. Tất cả hòa quyện cùng ánh trăng viên mãn, truyền tải thông điệp về sự kết nối, phát triển bền vững và khát vọng vươn xa. Đặt ngay Evoucher tại LifeLink Mùa Trung Thu là dịp để lan tỏa sự tri ân, gắn kết và gửi trao những lời chúc tốt đẹp. Hãy lựa chọn Evoucher - Hộp quà trung thu Moonrise City 2026 phiên bản nam châm cao cấp - Combo 4 bánh và trà tại LifeLink để mang đến món quà sang trọng, ý nghĩa dành cho đối tác, khách hàng, nhân viên và những người thân yêu. Đặt ngay Evoucher - Hộp quà trung thu Moonrise City 2026 phiên bản nam châm cao cấp - Combo 4 bánh và trà trên LifeLink hôm nay để tận hưởng giải pháp quà tặng tiện lợi, góp phần tạo nên một mùa Trung Thu 2026 trọn vẹn và đáng nhớ. LifeLink | Khách hàng áp dụng: Tất cả khách hàng Ngày áp dụng: Thứ 2 - Thứ 6 Giờ áp dụng: 9:00 - 17:00 Số lượng E-Voucher áp dụng: Sử dụng 01 voucher/01 hộp quà. Không giới hạn số lượng voucher/ hóa đơn. Thông tin cách mua hàng HƯỚNG DẪN ĐỔI VOUCHER Bước 1. Khách hàng nhận voucher liên hệ GIVISTA để đổi hộp quà Trung Thu 2026 Hotline/Zalo: 0969117926 Facebook: Tại đây Bước 2. Cung cấp mã voucher để đổi hộp quà Bước 3. Khách hàng thanh toán phí vận chuyển trực tiếp cho đơn vị vận chuyển Lưu ý: Không hỗ trợ khách hàng đổi quà trực tiếp tại cửa hàng Điều kiện khác Một khách hàng được mua nhiều E-Voucher/E-Coupon E-Voucher/E-Coupon không có giá trị quy đổi thành tiền mặt, không trả lại tiền thừa. Không áp dụng đồng thời với chương trình khuyến mại khác Voucher chưa bao gồm phí vận chuyển Hộp quà tặng đến khách hàng.","//cdn.lifelink.vn/img/s800x400/ADD-Moonrise-City-4banh_11082026100917.jpg?sign=Uei0PgFLnHh1ekRyfNi1HA","569000.00","480000.00","2026-08-01T00:00:00.000Z","2026-12-31T23:59:59.000Z","2026-08-01T00:00:00.000Z","2026-12-31T23:59:59.000Z","70","60","true","3","on_sale","2026-08-26T00:00:00.000Z","2026-08-26T00:00:00.000Z"
"57720504-96f8-411c-bab4-dd49e19721f7","5e03f083-accf-4dfe-a0d7-15936dc5b6a4","1","Evoucher - Hộp quà trung thu Lạc Vũ Hoàng Uyên 2026 phiên bản nam châm cao cấp - Combo 4 bánh và trà","Evoucher - Hộp quà trung thu ""Lạc Vũ Hoàng Uyên"" 2026 phiên bản nam châm cao cấp - Combo 4 bánh và trà hiện đã có mặt trên LifeLink, mang đến giải pháp quà tặng Trung Thu sang trọng dành cho doanh nghiệp và cá nhân. Với thiết kế tinh xảo, sự kết hợp giữa bánh Trung Thu cao cấp và trà lài thượng hạng, sản phẩm không chỉ là món quà ý nghĩa mà còn thay lời tri ân, gắn kết và chúc phúc trong mùa trăng đoàn viên 2026. GIVISTA – ""Lạc Vũ Hoàng Uyên"" – Tuyệt tác quà tặng Trung Thu mang biểu tượng thịnh vượng Thiết kế đẳng cấp lấy cảm hứng từ chim công quyền quý Trong bộ sưu tập quà tặng Trung Thu 2026, GIVISTA giới thiệu ""Lạc Vũ Hoàng Uyên"" – thiết kế nổi bật mang vẻ đẹp sang trọng và đầy ý nghĩa. Lấy cảm hứng từ hình tượng đôi chim công uyên ương – biểu tượng của phú quý, may mắn và viên mãn, hộp quà gây ấn tượng với gam màu đen huyền bí kết hợp kỹ thuật ép kim vàng 9999 tinh xảo. Hình ảnh đôi chim công nổi bật giữa nền hộp, kết hợp cùng những đóa hoa mẫu đơn nở rộ, tượng trưng cho tài lộc, hạnh phúc và sự phát triển thịnh vượng. Sự hòa quyện giữa nghệ thuật thiết kế hiện đại và giá trị văn hóa truyền thống giúp hộp quà trở thành món quà biếu đẳng cấp, góp phần nâng tầm hình ảnh doanh nghiệp trong mỗi dịp tri ân. Combo 4 bánh và trà – Trọn vẹn hương vị, trọn vẹn tấm lòng Hộp quà bao gồm: 01 bánh Trung Thu Thập Cẩm Truyền Thống (150g - 1 trứng) 01 bánh Trung Thu Cốm Dừa (150g - 0 trứng) 01 bánh Trung Thu Lưu Sa Hoàng Kim (120g - 0 trứng) 01 bánh Trung Thu Lưu Sa Socola (120g - 0 trứng) 01 hộp quà nam châm cao cấp ép kim vàng 9999 (32 x 26 x 7 cm) 01 trà lài thượng hạng 01 túi giấy Ivory sang trọng 01 thiệp Trung Thu 01 bộ dao nĩa Sự kết hợp giữa bốn hương vị bánh đặc sắc và trà lài thơm dịu mang đến trải nghiệm thưởng thức tinh tế, phù hợp cho những buổi sum họp gia đình hoặc tiếp đãi khách quý. Không chỉ sở hữu giá trị thẩm mỹ cao, ""Lạc Vũ Hoàng Uyên"" còn là món quà mang thông điệp về sự thịnh vượng, gắn kết và đồng hành lâu dài. Đây là lựa chọn lý tưởng dành cho doanh nghiệp muốn tri ân đối tác, khách hàng và đội ngũ nhân sự trong mùa Trung Thu. Để đáp ứng đa dạng nhu cầu quà tặng doanh nghiệp, GIVISTA còn phát triển nhiều phiên bản combo với sự kết hợp hài hòa giữa bánh Trung Thu cao cấp, trà lài và hộp quà thiết kế sang trọng, phù hợp với nhiều mục đích biếu tặng khác nhau. Đặt ngay Evoucher tại LifeLink Mùa Trung Thu là dịp để gửi trao những lời chúc tốt đẹp và vun đắp các mối quan hệ bền vững. Hãy lựa chọn Evoucher - Hộp quà trung thu ""Lạc Vũ Hoàng Uyên"" 2026 phiên bản nam châm cao cấp - Combo 4 bánh và trà tại LifeLink để mang đến món quà sang trọng, tinh tế và giàu ý nghĩa dành cho đối tác, khách hàng, nhân viên cũng như những người thân yêu. Đặt ngay Evoucher - Hộp quà trung thu ""Lạc Vũ Hoàng Uyên"" 2026 phiên bản nam châm cao cấp - Combo 4 bánh và trà trên LifeLink để lan tỏa lời chúc thịnh vượng, đoàn viên và góp phần tạo nên một mùa Trung Thu 2026 đáng nhớ. LifeLink | Khách hàng áp dụng: Tất cả khách hàng Ngày áp dụng: Thứ 2 - Thứ 6 Giờ áp dụng: 9:00 - 17:00 Số lượng E-Voucher áp dụng: Sử dụng 01 voucher/01 hộp quà. Không giới hạn số lượng voucher/ hóa đơn. Thông tin cách mua hàng HƯỚNG DẪN ĐỔI VOUCHER Bước 1. Khách hàng nhận voucher liên hệ GIVISTA để đổi hộp quà Trung Thu 2026 Hotline/Zalo: 0969117926 Facebook: Tại đây Bước 2. Cung cấp mã voucher để đổi hộp quà Bước 3. Khách hàng thanh toán phí vận chuyển trực tiếp cho đơn vị vận chuyển Lưu ý: Không hỗ trợ khách hàng đổi quà trực tiếp tại cửa hàng Điều kiện khác Một khách hàng được mua nhiều E-Voucher/E-Coupon E-Voucher/E-Coupon không có giá trị quy đổi thành tiền mặt, không trả lại tiền thừa. Không áp dụng đồng thời với chương trình khuyến mại khác Voucher chưa bao gồm phí vận chuyển Hộp quà tặng đến khách hàng.","//cdn.lifelink.vn/img/s800x400/ADD-Evoucher-Lac-Vu-Hoang-Uyen-1_06082026154013.jpg?sign=z8g4kDM2EovORsG9h2v2Pw","569000.00","480000.00","2026-08-01T00:00:00.000Z","2026-12-31T23:59:59.000Z","2026-08-01T00:00:00.000Z","2026-12-31T23:59:59.000Z","93","83","true","3","on_sale","2026-08-26T00:00:00.000Z","2026-08-26T00:00:00.000Z"
"66c47ed6-77ae-40d0-a436-b38749b9f121","5e03f083-accf-4dfe-a0d7-15936dc5b6a4","1","Evoucher - Hộp quà trung thu Đoàn Viên 2026 phiên bản nam châm cao cấp - Combo 3 bánh","Evoucher - Hộp quà Trung Thu ""Đoàn Viên"" 2026 phiên bản nam châm cao cấp - Combo 3 bánh hiện đã có mặt trên LifeLink, mang đến giải pháp quà tặng Trung Thu cao cấp dành cho doanh nghiệp và cá nhân. Không chỉ sở hữu thiết kế sang trọng, bộ quà còn gửi gắm thông điệp đoàn viên, tri ân và gắn kết, giúp bạn trao đi những lời chúc tốt đẹp nhất trong mùa trăng 2026. GIVISTA – Hộp quà Trung Thu ""Đoàn Viên"" mang thông điệp gắn kết và viên mãn Thiết kế sang trọng, tôn vinh giá trị đoàn viên Lấy cảm hứng từ đêm hội trăng rằm, hộp quà ""Đoàn Viên 3 Bánh"" tái hiện hình ảnh gia đình sum họp dưới ánh trăng tròn – biểu tượng của sự viên mãn và hạnh phúc. Tông màu xanh navy thanh lịch kết hợp kỹ thuật ép kim vàng 9999 làm nổi bật vẻ đẹp sang trọng. Các chi tiết như Thỏ Ngọc, cá chép, đèn lồng, bươm bướm cùng những dải mây mềm mại tạo nên một bức tranh Trung Thu đầy cảm xúc, thể hiện mong ước về sự gắn kết và phát triển bền vững. Combo 3 bánh cao cấp – Trao gửi lời chúc ý nghĩa Hộp quà gồm đầy đủ các thành phần cao cấp: 01 bánh Trung Thu Thập Cẩm Truyền Thống (150g - 1 trứng) 01 bánh Trung Thu Sữa Dừa Truyền Thống (150g - 0 trứng) 01 bánh Trung Thu Lưu Sa Socola (120g - 0 trứng) 01 hộp quà nam châm cao cấp ép kim vàng 9999 (35 x 18 x 7 cm) 01 túi giấy Ivory sang trọng 01 thiệp Trung Thu 01 bộ dao nĩa Sự kết hợp hài hòa giữa ba hương vị bánh đặc sắc cùng thiết kế hộp quà cao cấp giúp sản phẩm trở thành lựa chọn lý tưởng cho các chương trình tri ân khách hàng, chăm sóc đối tác và tặng nhân viên trong dịp Trung Thu. Để đáp ứng đa dạng nhu cầu quà tặng doanh nghiệp, GIVISTA còn phát triển nhiều phiên bản hộp quà khác nhau, mang đến nhiều lựa chọn phù hợp với từng ngân sách và đối tượng nhận quà, góp phần nâng tầm giá trị món quà trong mùa đoàn viên. LifeLink – Đặt Evoucher nhanh chóng, nhận quà tặng ý nghĩa LifeLink là nền tảng giúp khách hàng dễ dàng lựa chọn và đặt mua các Evoucher quà tặng chất lượng, mang đến trải nghiệm mua sắm tiện lợi và hiện đại. Khi lựa chọn LifeLink, bạn sẽ nhận được nhiều lợi ích: Đặt Evoucher trực tuyến nhanh chóng và dễ dàng. Tiết kiệm thời gian chuẩn bị quà tặng Trung Thu. Đa dạng sản phẩm quà tặng doanh nghiệp chất lượng. Hỗ trợ khách hàng tận tình trong suốt quá trình sử dụng. Giải pháp phù hợp cho doanh nghiệp và cá nhân trong mùa Trung Thu. Đặt ngay Evoucher tại LifeLink Trung Thu là dịp để bày tỏ sự trân trọng và vun đắp những mối quan hệ bền vững. Hãy lựa chọn Evoucher - Hộp quà Trung Thu ""Đoàn Viên"" 2026 phiên bản nam châm cao cấp - Combo 3 bánh tại LifeLink để gửi trao món quà tinh tế, sang trọng và giàu ý nghĩa đến đối tác, khách hàng, nhân viên cũng như những người thân yêu. Đừng bỏ lỡ cơ hội sở hữu Evoucher - Hộp quà Trung Thu ""Đoàn Viên"" 2026 phiên bản nam châm cao cấp - Combo 3 bánh trên LifeLink ngay hôm nay để lan tỏa tinh thần đoàn viên, tri ân và gắn kết trong mùa Trung Thu 2026. LifeLink | Khách hàng áp dụng: Tất cả khách hàng Ngày áp dụng: Thứ 2 - Thứ 6 Giờ áp dụng: 9:00 - 17:00 Số lượng E-Voucher áp dụng: Sử dụng 01 voucher/01 hộp quà. Không giới hạn số lượng voucher/ hóa đơn. Thông tin cách mua hàng HƯỚNG DẪN ĐỔI VOUCHER Bước 1. Khách hàng nhận voucher liên hệ GIVISTA để đổi hộp quà Trung Thu 2026 Hotline/Zalo: 0969117926 Facebook: Tại đây Bước 2. Cung cấp mã voucher để đổi hộp quà Bước 3. Khách hàng thanh toán phí vận chuyển trực tiếp cho đơn vị vận chuyển Lưu ý: Không hỗ trợ khách hàng đổi quà trực tiếp tại cửa hàng Điều kiện khác Một khách hàng được mua nhiều E-Voucher/E-Coupon E-Voucher/E-Coupon không có giá trị quy đổi thành tiền mặt, không trả lại tiền thừa. Không áp dụng đồng thời với chương trình khuyến mại khác Voucher chưa bao gồm phí vận chuyển Hộp quà tặng đến khách hàng.","//cdn.lifelink.vn/img/s800x400/ADD-Evoucher-Hop-qua-Trung-Thu-Doan-Vien-combo-3banh_06082026145746.jpg?sign=8cVHJ5CtsgyGe-H-rpBtYg","430000.00","365000.00","2026-08-01T00:00:00.000Z","2026-12-31T23:59:59.000Z","2026-08-01T00:00:00.000Z","2026-12-31T23:59:59.000Z","58","48","true","3","on_sale","2026-08-26T00:00:00.000Z","2026-08-26T00:00:00.000Z"
"2fa7564f-f2a6-4e91-8a36-c32438219d51","5e03f083-accf-4dfe-a0d7-15936dc5b6a4","1","Evoucher - Hộp quà Trung Thu Đoàn Viên 2026 phiên bản Nam Châm cao cấp - Combo 2 bánh","Mùa trăng đoàn viên sẽ trở nên ý nghĩa hơn với Evoucher - Hộp quà Trung Thu ""Đoàn Viên"" 2026 phiên bản Nam Châm cao cấp - Combo 2 bánh đang được cung cấp trên LifeLink. Đây là giải pháp quà tặng doanh nghiệp tinh tế giúp gửi trao lời tri ân chân thành đến khách hàng, đối tác và đội ngũ nhân sự trong dịp Trung Thu 2026. Khám phá Evoucher - Hộp quà Trung Thu ""Đoàn Viên"" 2026 phiên bản Nam Châm cao cấp - Combo 2 bánh Thiết kế cao cấp - Gửi trọn lời chúc đoàn viên Lấy cảm hứng từ đêm hội trăng rằm, hộp quà ""Đoàn Viên 2 Bánh"" tái hiện hình ảnh gia đình sum họp dưới ánh trăng tròn viên mãn. Tông màu xanh navy sang trọng kết hợp kỹ thuật ép kim vàng 9999 tạo nên vẻ đẹp tinh tế, nổi bật và đẳng cấp. Các chi tiết như Thỏ Ngọc, cá chép, đèn lồng, bươm bướm cùng những dải mây mềm mại mang đến một bức tranh Trung Thu giàu cảm xúc, tượng trưng cho sự đoàn viên, hạnh phúc và gắn kết. Thành phần hộp quà tinh tế, phù hợp làm quà tặng doanh nghiệp Bộ quà bao gồm: 01 bánh Trung Thu Thập Cẩm Truyền Thống (150g - 1 trứng) 01 bánh Trung Thu Cốm Dừa (150g - 0 trứng) 01 hộp quà nam châm cao cấp ép kim vàng 9999 (35 x 18 x 7 cm) 01 túi giấy Ivory sang trọng 01 thiệp Trung Thu 01 bộ dao nĩa tiện dụng Sự kết hợp giữa hương vị truyền thống và thiết kế hiện đại giúp món quà trở thành lựa chọn lý tưởng trong các chương trình tri ân khách hàng, quà tặng đối tác hoặc quà Trung Thu dành cho nhân viên. Vì sao nên chọn LifeLink để mua Evoucher Trung Thu? LifeLink mang đến giải pháp mua Evoucher nhanh chóng, tiện lợi và an toàn, giúp doanh nghiệp cũng như khách hàng dễ dàng lựa chọn những món quà phù hợp cho mùa Trung Thu. Khi lựa chọn tại LifeLink, bạn sẽ nhận được nhiều lợi ích: Đặt mua Evoucher trực tuyến nhanh chóng. Tiết kiệm thời gian, tối ưu quy trình tặng quà doanh nghiệp. Đa dạng sản phẩm quà tặng theo nhu cầu. Hỗ trợ khách hàng tận tình trong quá trình sử dụng Evoucher. Mang đến trải nghiệm mua sắm hiện đại và tiện lợi. Đặt ngay tại LifeLink Trung Thu là dịp để gửi trao sự biết ơn và gắn kết những mối quan hệ bền vững. Hãy lựa chọn Evoucher - Hộp quà Trung Thu ""Đoàn Viên"" 2026 phiên bản Nam Châm cao cấp - Combo 2 bánh tại LifeLink để thay lời tri ân chân thành đến đối tác, khách hàng và những người thân yêu. Đặt mua ngay Evoucher - Hộp quà Trung Thu ""Đoàn Viên"" 2026 phiên bản Nam Châm cao cấp - Combo 2 bánh trên LifeLink hôm nay để lan tỏa không khí đoàn viên và mang đến một mùa Trung Thu 2026 thật trọn vẹn. LifeLink | Khách hàng áp dụng: Tất cả khách hàng Ngày áp dụng: Thứ 2 - Thứ 6 Giờ áp dụng: 9:00 - 17:00 Số lượng E-Voucher áp dụng: Sử dụng 01 voucher/01 hộp quà. Không giới hạn số lượng voucher/ hóa đơn. Thông tin cách mua hàng HƯỚNG DẪN ĐỔI VOUCHER Bước 1. Khách hàng nhận voucher liên hệ GIVISTA để đổi hộp quà Trung Thu 2026 Hotline/Zalo: 0969117926 Facebook: Tại đây Bước 2. Cung cấp mã voucher để đổi hộp quà Bước 3. Khách hàng thanh toán phí vận chuyển trực tiếp cho đơn vị vận chuyển Lưu ý: Không hỗ trợ khách hàng đổi quà trực tiếp tại cửa hàng Điều kiện khác Một khách hàng được mua nhiều E-Voucher/E-Coupon E-Voucher/E-Coupon không có giá trị quy đổi thành tiền mặt, không trả lại tiền thừa. Không áp dụng đồng thời với chương trình khuyến mại khác Voucher chưa bao gồm phí vận chuyển Hộp quà tặng đến khách hàng.","//cdn.lifelink.vn/img/s800x400/ADD-Doan-Vien-2-banh_10082026172729.jpg?sign=bY84Aa0a9mnRLpJXy7uuZw","289000.00","245000.00","2026-08-01T00:00:00.000Z","2026-12-31T23:59:59.000Z","2026-08-01T00:00:00.000Z","2026-12-31T23:59:59.000Z","32","22","true","4","on_sale","2026-08-26T00:00:00.000Z","2026-08-26T00:00:00.000Z"
"67705631-4afa-4fec-85a5-8b8e15b03741","5e03f083-accf-4dfe-a0d7-15936dc5b6a4","1","Evoucher - Hộp quà trung thu Du Nhiên 2026 phiên bản Nam Châm cao cấp - Combo 3 bánh","LifeLink tự hào mang đến Evoucher - Hộp quà Trung Thu “Du Nhiên” 2026 phiên bản Nam Châm cao cấp - Combo 3 bánh, giải pháp quà tặng doanh nghiệp sang trọng dành cho mùa đoàn viên. Không chỉ là món quà Trung Thu cao cấp, sản phẩm còn gửi gắm lời tri ân chân thành và thông điệp gắn kết bền vững đến đối tác, khách hàng và nhân viên. Khám phá thương hiệu GIVISTA – Tinh hoa quà tặng Trung Thu doanh nghiệp Thiết kế “Du Nhiên” – Vẻ đẹp thanh bình từ thiên nhiên Lấy cảm hứng từ vẻ đẹp thuần khiết của thiên nhiên, hộp quà “Du Nhiên” sở hữu gam xanh ngọc dịu mát cùng hình ảnh cánh bướm, chuồn chuồn, chim nhỏ và những cụm hoa được sắp đặt hài hòa. Đường nét mềm mại kết hợp kỹ thuật ép kim vàng 9999 tinh xảo tạo nên tổng thể sang trọng, thanh lịch và giàu giá trị nghệ thuật. Mỗi hộp quà không chỉ đẹp về hình thức mà còn thể hiện sự trân trọng và tinh tế của người trao tặng. Combo 3 bánh cao cấp – Trọn vị đoàn viên Bộ quà gồm: Bánh Trung Thu Thập Cẩm Truyền Thống (150g – 1 trứng) Bánh Trung Thu Sữa Dừa Truyền Thống (150g – 0 trứng) Bánh Trung Thu Lưu Sa Socola (120g – 0 trứng) Đi kèm: 01 hộp quà nam châm cao cấp ép kim vàng 9999 (35 x 18 x 7 cm) 01 túi giấy Ivory sang trọng 01 thiệp Trung Thu 01 bộ dao nĩa tiện dụng Sự kết hợp giữa hương vị truyền thống và hiện đại mang đến trải nghiệm thưởng thức phong phú, phù hợp với nhiều đối tượng người nhận. Mua Evoucher tại LifeLink – Nhanh chóng, tiện lợi và chuyên nghiệp LifeLink giúp khách hàng dễ dàng lựa chọn quà tặng Trung Thu doanh nghiệp chất lượng với quy trình đặt Evoucher nhanh chóng và thuận tiện. Vì sao doanh nghiệp nên chọn sản phẩm tại LifeLink? Đặt mua Evoucher nhanh chóng, tiết kiệm thời gian. Thông tin sản phẩm minh bạch, chính hãng. Giải pháp quà tặng doanh nghiệp chuyên nghiệp cho mùa Trung Thu 2026. Phù hợp tặng đối tác, khách hàng và nhân viên. Góp phần nâng cao hình ảnh thương hiệu và xây dựng quan hệ hợp tác bền vững. Không chỉ là món quà vật chất, “Du Nhiên” còn mang thông điệp về cuộc sống an nhiên, viên mãn và sự đồng hành dài lâu giữa doanh nghiệp với những người quan trọng. LifeLink | Khách hàng áp dụng: Tất cả khách hàng Ngày áp dụng: Thứ 2 - Thứ 6 Giờ áp dụng: 9:00 - 17:00 Số lượng E-Voucher áp dụng: Sử dụng 01 voucher/01 hộp quà. Không giới hạn số lượng voucher/ hóa đơn. Thông tin cách mua hàng HƯỚNG DẪN ĐỔI VOUCHER Bước 1. Khách hàng nhận voucher liên hệ GIVISTA để đổi hộp quà Trung Thu 2026 Hotline/Zalo: 0969117926 Facebook: Tại đây Bước 2. Cung cấp mã voucher để đổi hộp quà Bước 3. Khách hàng thanh toán phí vận chuyển trực tiếp cho đơn vị vận chuyển Lưu ý: Không hỗ trợ khách hàng đổi quà trực tiếp tại cửa hàng Điều kiện khác Một khách hàng được mua nhiều E-Voucher/E-Coupon E-Voucher/E-Coupon không có giá trị quy đổi thành tiền mặt, không trả lại tiền thừa. Không áp dụng đồng thời với chương trình khuyến mại khác Voucher chưa bao gồm phí vận chuyển Hộp quà tặng đến khách hàng.","//cdn.lifelink.vn/img/s800x400/ADD-Du-Nhien-3banh_10082026165149.jpg?sign=BOgEIbHzIYcRGBJ7F4vDUA","430000.00","365000.00","2026-08-01T00:00:00.000Z","2026-12-31T23:59:59.000Z","2026-08-01T00:00:00.000Z","2026-12-31T23:59:59.000Z","59","49","true","3","on_sale","2026-08-26T00:00:00.000Z","2026-08-26T00:00:00.000Z"
"f3712522-2185-4660-a2ba-d6712bf835c3","5e03f083-accf-4dfe-a0d7-15936dc5b6a4","1","Evoucher - Hộp quà trung thu Du Nhiên 2026 phiên bản Nam Châm Cao Cấp - Combo 2 bánh","Mùa đoàn viên sẽ thêm trọn vẹn với Evoucher - Hộp quà trung thu ""Du Nhiên"" 2026 phiên bản Nam Châm Cao Cấp - Combo 2 bánh đang có mặt trên LifeLink. Không chỉ mang đến giải pháp quà tặng doanh nghiệp sang trọng, sản phẩm còn gửi gắm lời tri ân chân thành và những lời chúc bình an, thịnh vượng đến đối tác, khách hàng và đội ngũ nhân sự. Evoucher - Hộp quà trung thu ""Du Nhiên"" Combo 2 bánh – Tinh hoa quà tặng mùa đoàn viên Thiết kế sang trọng, gửi trọn lời tri ân Lấy cảm hứng từ vẻ đẹp thuần khiết của thiên nhiên, hộp quà ""Du Nhiên"" sở hữu gam xanh ngọc dịu mát kết hợp hình ảnh cánh bướm, chuồn chuồn, chim nhỏ và những đóa hoa được sắp đặt hài hòa. Kỹ thuật ép kim vàng 9999 trên hộp nam châm cao cấp tạo nên vẻ đẹp thanh lịch, nổi bật và nâng tầm giá trị món quà. Đây là lựa chọn lý tưởng dành cho doanh nghiệp mong muốn xây dựng hình ảnh chuyên nghiệp, tinh tế và tạo dấu ấn với người nhận trong dịp Trung Thu. Trọn bộ quà tặng cao cấp, chỉn chu trong từng chi tiết Bộ quà bao gồm: 01 bánh Trung Thu Thập Cẩm Truyền Thống (150g - 1 trứng). 01 bánh Trung Thu Cốm Dừa (150g - 0 trứng). 01 hộp quà nam châm cao cấp ép kim vàng 9999 (35 x 18 x 7 cm). 01 túi giấy Ivory sang trọng. 01 thiệp Trung Thu. 01 bộ dao nĩa tiện dụng. Sự kết hợp giữa hương vị truyền thống và thiết kế hiện đại mang đến trải nghiệm quà tặng cao cấp, phù hợp với nhiều đối tượng nhận quà. Mua Evoucher tại LifeLink – Nhanh chóng, tiện lợi và nhiều ưu đãi LifeLink mang đến giải pháp mua Evoucher hiện đại, giúp khách hàng dễ dàng lựa chọn những món quà Trung Thu chất lượng dành cho đối tác, khách hàng hoặc nhân viên. Khi lựa chọn sản phẩm tại LifeLink, bạn sẽ nhận được nhiều lợi ích: Quy trình đặt Evoucher nhanh chóng, thuận tiện. Sản phẩm chính hãng với thông tin minh bạch. Giải pháp quà tặng doanh nghiệp chuyên nghiệp cho mùa Trung Thu. Phù hợp làm quà tri ân đối tác, khách hàng và đội ngũ nhân viên. Góp phần lan tỏa thông điệp gắn kết, bình an và thịnh vượng trong mùa đoàn viên. Đặt ngay hôm nay tại LifeLink Nếu bạn đang tìm kiếm một món quà vừa sang trọng, ý nghĩa vừa thể hiện sự trân trọng dành cho đối tác, khách hàng hay nhân viên, Evoucher - Hộp quà trung thu ""Du Nhiên"" 2026 phiên bản Nam Châm Cao Cấp - Combo 2 bánh chính là lựa chọn hoàn hảo. Hãy đặt ngay Evoucher - Hộp quà trung thu ""Du Nhiên"" 2026 phiên bản Nam Châm Cao Cấp - Combo 2 bánh trên LifeLink để gửi trao món quà đoàn viên tinh tế, nâng tầm hình ảnh doanh nghiệp và lan tỏa những lời chúc tốt đẹp trong mùa Trung Thu 2026. LifeLink | Khách hàng áp dụng: Tất cả khách hàng Ngày áp dụng: Thứ 2 - Thứ 6 Giờ áp dụng: 9:00 - 17:00 Số lượng E-Voucher áp dụng: Sử dụng 01 voucher/01 hộp quà. Không giới hạn số lượng voucher/ hóa đơn. Thông tin cách mua hàng HƯỚNG DẪN ĐỔI VOUCHER Bước 1. Khách hàng nhận voucher liên hệ GIVISTA để đổi hộp quà Trung Thu 2026 Hotline/Zalo: 0969117926 Facebook: Tại đây Bước 2. Cung cấp mã voucher để đổi hộp quà Bước 3. Khách hàng thanh toán phí vận chuyển trực tiếp cho đơn vị vận chuyển Lưu ý: Không hỗ trợ khách hàng đổi quà trực tiếp tại cửa hàng Điều kiện khác Một khách hàng được mua nhiều E-Voucher/E-Coupon E-Voucher/E-Coupon không có giá trị quy đổi thành tiền mặt, không trả lại tiền thừa. Không áp dụng đồng thời với chương trình khuyến mại khác Voucher chưa bao gồm phí vận chuyển Hộp quà tặng đến khách hàng.","//cdn.lifelink.vn/img/s800x400/ADD-Du-Nhien-2banh_10082026164655.jpg?sign=NbmyrOPqsgCETLS5vw5RxQ","289000.00","245000.00","2026-08-01T00:00:00.000Z","2026-12-31T23:59:59.000Z","2026-08-01T00:00:00.000Z","2026-12-31T23:59:59.000Z","57","47","true","4","on_sale","2026-08-26T00:00:00.000Z","2026-08-26T00:00:00.000Z"
